id,name,bus,carrier,p_nom,efficiency,heat_efficiency,lon,lat,DateIn,DateOut,type,status,source
DE-1-1,Datteln IV,Germany,hard coal,1100,0.4,0.63,7.331,51.629,2020,2038,chp,operating,
DE-2-1,Lippendorf R,Germany,lignite,934,0.4,0.63,12.372,51.183,2000,2035,chp,operating,
DE-3-1,Lippendorf S,Germany,lignite,934,0.36,0.63,12.372,51.183,1999,2035,chp,operating,
DE-4-1,Karlsruhe 8,Germany,hard coal,912,0.4,0.63,8.304,49.014,2014,2038,chp,operating,
DE-5-1,Mannheim 9,Germany,hard coal,911,0.4,0.63,8.493,49.447,2015,2038,chp,operating,
DE-6-1,Boxberg Q,Germany,lignite,907,0.4,0.63,14.574,51.419,2000,2038,chp,operating,
DE-7-1,Luenen-Stummhafen,Germany,hard coal,820,0.4,0.63,7.465,51.614,2013,2038,chp,operating,
DE-8-1,Heilbronn 7,Germany,hard coal,816,0.32,0.63,9.208,49.176,1985,2026,chp,operating,
DE-9-1,Schwarze Pumpe A,Germany,lignite,800,0.36,0.63,14.354,51.535,1997,2038,chp,operating,
DE-10-1,Schwarze Pumpe B,Germany,lignite,800,0.36,0.63,14.354,51.535,1998,2038,chp,operating,
DE-11-1,Bergkamen A,Germany,hard coal,780,0.32,0.63,7.619,51.637,1981,2026,chp,operating,
DE-12-1,Quierschied-Weiher III,Germany,hard coal,724,0.32,0.63,7.031,49.336,1976,2031,chp,operating,
DE-13-1,Niederaussem G,Germany,lignite,687,0.32,0.63,6.667,50.971,1974,2029,chp,operating,
CZ-14-1,Chomutov K3,Czechia,lignite,20,0.32,0.63,13.427,50.462,1966,2033,chp,operating,
GR-15-1,Ptolemaida V,Greece,lignite,660,0.4,0.63,21.727,40.481,2023,2026,chp,operating,
DE-16-1,Weisweiler G,Germany,lignite,630,0.32,0.63,6.315,50.833,1974,2028,chp,operating,
DE-17-1,Weisweiler H,Germany,lignite,625,0.32,0.63,6.315,50.833,1975,2029,chp,operating,
SI-18-1,Sostanj 6,Slovenia,lignite,600,0.4,0.63,15.053,46.372,2015,2033,chp,operating,
DE-19-1,Staudinger 5,Germany,hard coal,553,0.36,0.63,8.954,50.088,1992,2031,chp,operating,
DE-20-1,Rostock,Germany,hard coal,553,0.36,0.63,12.133,54.143,1994,2030,chp,operating,
DE-21-1,Karlsruhe 7,Germany,hard coal,550,0.32,0.63,8.304,49.014,1985,2031,chp,operating,
DE-22-1,Jaenschwalde A,Germany,lignite,535,0.32,0.63,14.458,51.834,1981,2028,chp,operating,
DE-23-1,Jaenschwalde B,Germany,lignite,535,0.32,0.63,14.458,51.834,1982,2028,chp,operating,
DE-24-1,Jaenschwalde C,Germany,lignite,535,0.32,0.63,14.458,51.834,1984,2028,chp,operating,
DE-25-1,Jaenschwalde D,Germany,lignite,535,0.32,0.63,14.458,51.834,1985,2028,chp,operating,
CZ-26-1,Chomutov K4,Czechia,lignite,6,0.32,0.63,13.427,50.462,1979,2033,chp,operating,
CZ-27-1,Chvaletice 1,Czechia,lignite,205,0.32,0.63,15.453,50.028,1979,2026,chp,operating,
CZ-28-1,Chvaletice 2,Czechia,lignite,205,0.32,0.63,15.453,50.028,1979,2026,chp,operating,
CZ-29-1,Chvaletice 3,Czechia,lignite,205,0.32,0.63,15.453,50.028,1979,2026,chp,operating,
CZ-30-1,Chvaletice 4,Czechia,lignite,205,0.32,0.63,15.453,50.028,1979,2026,chp,operating,
CZ-31-1,Detmarovice 2,Czechia,hard coal,200,0.32,0.63,18.466,49.906,1976,2025,chp,operating,
DE-32-1,Boxberg N,Germany,lignite,500,0.32,0.63,14.574,51.419,1979,2029,chp,operating,
DE-33-1,Boxberg P,Germany,lignite,500,0.32,0.63,14.574,51.419,1980,2029,chp,operating,
DE-34-1,Herne 4,Germany,hard coal,500,0.32,0.63,7.188,51.551,1989,2027,chp,operating,
DE-35-1,Schkopau A,Germany,lignite,490,0.36,0.63,11.95,51.399,1996,2034,chp,operating,
DE-36-1,Schkopau B,Germany,lignite,490,0.36,0.63,11.95,51.399,1996,2034,chp,operating,
DE-37-1,Mannheim 8,Germany,hard coal,480,0.36,0.63,8.493,49.447,1993,2031,chp,operating,
DE-38-1,Altbach/Deizisau 2,Germany,hard coal,476,0.36,0.63,9.371,48.719,1997,2031,chp,operating,
DE-39-1,Mannheim 7,Germany,hard coal,475,0.32,0.63,8.493,49.447,1982,2031,chp,operating,
DE-40-1,Zolling-Leininger 5,Germany,hard coal,474,0.32,0.63,11.8,48.455,1986,2031,chp,operating,
PL-41-1,Lagisza B10,Poland,hard coal,460,0.4,0.63,19.145,50.349,2009,2042,chp,operating,
DK-42-1,Nordjylland 3,Denmark,hard coal,411,0.36,0.63,10.04,57.078,1998,2028,chp,operating,
PL-43-1,Zeran B1,Poland,hard coal,386,0.32,0.63,20.994,52.294,1954,2030,chp,operating,
DE-44-1,Altbach/Deizisau 1,Germany,hard coal,379,0.32,0.63,9.371,48.719,1985,2026,chp,operating,
GR-45-1,Agios Dimitrios 5,Greece,lignite,375,0.36,0.63,21.925,40.394,1997,2025,chp,operating,
DE-46-1,Scholven/Buer - Scholven B,Germany,hard coal,370,0.32,0.63,7.01,51.602,1968,2031,chp,operating,
DE-47-1,Scholven/Buer - Scholven C,Germany,hard coal,370,0.32,0.63,7.01,51.602,1969,2031,chp,operating,
CZ-48-1,Detmarovice 3,Czechia,hard coal,200,0.32,0.63,18.466,49.906,1976,2025,chp,operating,
CZ-49-1,Detmarovice 4,Czechia,hard coal,200,0.32,0.63,18.466,49.906,1976,2025,chp,operating,
CZ-50-1,Hodonin 1,Czechia,lignite,50,0.32,0.63,17.12,48.847,1957,2033,chp,operating,
CZ-51-1,Hodonin 2,Czechia,lignite,57,0.32,0.63,17.12,48.847,1957,2033,chp,operating,
CZ-52-1,Karvina 1,Czechia,hard coal,55,0.32,0.63,18.479,49.823,1970,2028,chp,operating,
CZ-53-1,Kladno TG4 (unit 4),Czechia,lignite,135,0.4,0.63,14.129,50.154,2000,2033,chp,operating,
CZ-54-1,Kladno TG5 (unit 5),Czechia,lignite,135,0.4,0.63,14.129,50.154,2000,2033,chp,operating,
CZ-55-1,Kladno TG7 (unit 7),Czechia,lignite,136,0.4,0.63,14.129,50.154,2014,2033,chp,operating,
SI-56-1,Sostanj 5,Slovenia,lignite,345,0.32,0.63,15.053,46.372,1977,2027,chp,operating,
CZ-57-1,Komorany I 1,Czechia,lignite,32,0.32,0.63,13.572,50.522,1951,2033,chp,operating,
CZ-58-1,Komorany I 2,Czechia,lignite,32,0.32,0.63,13.572,50.522,1951,2033,chp,operating,
CZ-59-1,Komorany I 3,Czechia,lignite,20,0.32,0.63,13.572,50.522,1951,2033,chp,operating,
GR-60-1,Agios Dimitrios 3,Greece,lignite,310,0.32,0.63,21.925,40.394,1985,2025,chp,operating,
GR-61-1,Agios Dimitrios 4,Greece,lignite,310,0.32,0.63,21.925,40.394,1986,2025,chp,operating,
DE-62-1,Berlin-Reuter West D,Germany,hard coal,300,0.32,0.63,13.244,52.535,1987,2029,chp,operating,
DE-63-1,Berlin-Reuter West E,Germany,hard coal,300,0.32,0.63,13.244,52.535,1988,2029,chp,operating,
CZ-64-1,Komorany II 4,Czechia,lignite,22,0.32,0.63,13.572,50.522,1955,2033,chp,operating,
CZ-65-1,Komorany II 5,Czechia,lignite,35,0.32,0.63,13.572,50.522,1955,2033,chp,operating,
CZ-66-1,Komorany II 6,Czechia,lignite,34,0.32,0.63,13.572,50.522,1958,2033,chp,operating,
CZ-67-1,Komorany II 7,Czechia,lignite,32,0.32,0.63,13.572,50.522,1959,2033,chp,operating,
CZ-68-1,Komorany III 8,Czechia,lignite,32,0.32,0.63,13.572,50.522,1964,2033,chp,operating,
CZ-69-1,Koprivnice TG3,Czechia,hard coal,9,0.32,0.63,18.133,49.583,1970,2033,chp,operating,
CZ-70-1,Koprivnice TG4,Czechia,hard coal,9,0.32,0.63,18.133,49.583,1970,2033,chp,operating,
DE-71-1,Mannheim 6,Germany,hard coal,280,0.4,0.63,8.493,49.447,2005,2030,chp,operating,
CZ-72-1,Ledvice 1,Czechia,lignite,110,0.425,0.63,13.781,50.577,1969,2033,chp,operating,
CZ-73-1,Ledvice NZ,Czechia,lignite,660,0.4,0.63,13.781,50.577,2020,2033,chp,operating,
CZ-74-1,Malesice II,Czechia,hard coal,110,0.32,0.63,14.525,50.085,1969,2033,chp,operating,
CZ-75-1,Malesice III,Czechia,hard coal,55,0.32,0.63,14.525,50.085,1969,2033,chp,operating,
CZ-76-1,Melnik I 1,Czechia,lignite,60,0.32,0.63,14.413,50.415,1960,2033,chp,operating,
CZ-77-1,Melnik I 2,Czechia,lignite,60,0.32,0.63,14.413,50.415,1960,2033,chp,operating,
CZ-78-1,Melnik I 3,Czechia,lignite,60,0.32,0.63,14.413,50.415,1960,2033,chp,operating,
CZ-79-1,Melnik I 4,Czechia,lignite,60,0.32,0.63,14.413,50.415,1960,2033,chp,operating,
CZ-80-1,Melnik II/III II 2,Czechia,lignite,110,0.32,0.63,14.415,50.414,1971,2026,chp,operating,
FI-81-1,Vaskiluoto 2,Finland,hard coal,250,0.32,0.63,21.554,63.091,1981,2029,chp,operating,
DE-82-1,Voelklingen-Fenne model,Germany,hard coal,233,0.32,0.63,6.879,49.249,1982,2031,chp,operating,
DE-83-1,Voelklingen-Fenne heat,Germany,hard coal,233,0.32,0.63,6.879,49.249,1989,2031,chp,operating,
BA-84-1,Kakanj G7,Bosnia and Herzegovina,lignite,230,0.32,0.63,18.114,44.09,1988,2042,chp,operating,
BA-85-1,Tuzla G6,Bosnia and Herzegovina,lignite,223,0.32,0.63,18.606,44.521,1978,2042,chp,operating,
TR-86-1,Colakoglu 1,Turkey,hard coal,207,0.4,0.63,29.529,40.787,2003,2042,chp,operating,
CZ-87-1,Olomouc,Czechia,hard coal,50,0.32,0.63,17.266,49.587,1952,2028,chp,operating,
CZ-88-1,Opatovice 1,Czechia,lignite,60,0.32,0.63,15.792,50.127,1960,2033,chp,operating,
CZ-89-1,Opatovice 2,Czechia,lignite,60,0.32,0.63,15.792,50.127,1960,2033,chp,operating,
CZ-90-1,Opatovice 3,Czechia,lignite,60,0.32,0.63,15.792,50.127,1960,2030,chp,operating,
DE-91-1,Hamburg-Tiefstack,Germany,hard coal,205,0.36,0.63,10.066,53.526,1993,2030,chp,operating,
BA-92-1,Tuzla G4,Bosnia and Herzegovina,lignite,200,0.32,0.63,18.606,44.521,1971,2042,chp,operating,
BA-93-1,Tuzla G5,Bosnia and Herzegovina,lignite,200,0.32,0.63,18.606,44.521,1974,2042,chp,operating,
CZ-94-1,Opatovice 4,Czechia,lignite,60,0.32,0.63,15.792,50.127,1960,2033,chp,operating,
CZ-95-1,Opatovice 5,Czechia,lignite,60,0.32,0.63,15.792,50.127,1960,2030,chp,operating,
CZ-96-1,Opatovice 6,Czechia,lignite,60,0.32,0.63,15.792,50.127,1960,2030,chp,operating,
CZ-97-1,Otrokovice K1,Czechia,lignite,25,0.32,0.63,17.52,49.205,1970,2033,chp,operating,
CZ-98-1,Otrokovice K2,Czechia,lignite,25,0.32,0.63,17.52,49.205,1970,2033,chp,operating,
CZ-99-1,Plzen 1,Czechia,lignite,70,0.32,0.63,13.399,49.755,1982,2033,chp,operating,
CZ-100-1,Plzen 2,Czechia,lignite,67,0.36,0.63,13.399,49.755,1998,2033,chp,operating,
PL-101-1,Siekierki WSIK,Poland,hard coal,165,0.32,0.63,21.091,52.19,1975,2035,chp,operating,
UA-102-1,Dobrotvir 8,Ukraine,hard coal,160,0.32,0.63,24.375,50.214,1964,2042,chp,operating,
DE-103-1,Wedel 1,Germany,hard coal,151,0.32,0.63,9.726,53.567,1961,2030,chp,operating,
DE-104-1,Hannover 1,Germany,hard coal,150,0.32,0.63,9.648,52.42,1989,2026,chp,operating,
DE-105-1,Hannover 2,Germany,hard coal,150,0.32,0.63,9.648,52.42,1989,2026,chp,operating,
RO-106-1,Craiova II 1,Romania,lignite,150,0.32,0.63,23.815,44.347,1987,2032,chp,operating,
RO-107-1,Craiova II 2,Romania,lignite,150,0.32,0.63,23.815,44.347,1988,2032,chp,operating,
RO-108-1,Paroseni,Romania,hard coal,150,0.32,0.63,23.264,45.361,1964,2032,chp,operating,
UA-109-1,Dobrotvir 7,Ukraine,hard coal,150,0.32,0.63,24.375,50.214,1963,2042,chp,operating,
DE-110-1,Wedel 2,Germany,hard coal,139,0.32,0.63,9.726,53.567,1962,2030,chp,operating,
CZ-111-1,Plzenska energetika ELU III K1,Czechia,lignite,32,0.32,0.63,13.346,49.74,1960,2033,chp,operating,
CZ-112-1,Plzenska energetika ELU III K3,Czechia,lignite,32,0.32,0.63,13.346,49.74,1984,2033,chp,operating,
CZ-113-1,Plzenska energetika ELU III K4,Czechia,lignite,26,0.36,0.63,13.346,49.74,1997,2033,chp,operating,
PL-114-1,Poznan-Karolin BC-50-3,Poland,hard coal,130,0.36,0.63,16.989,52.436,1998,2025,chp,operating,
DE-115-1,Heilbronn 5,Germany,hard coal,125,0.32,0.63,9.208,49.176,1965,2030,chp,operating,
DE-116-1,Heilbronn 6,Germany,hard coal,125,0.32,0.63,9.208,49.176,1966,2030,chp,operating,
DE-117-1,HKW Karcherstr.,Germany,hard coal,15,0.36,0.63,7.761,49.435,1996,2030,chp,operating,
DE-118-1,Cologne-Merkenich 6,Germany,lignite,85,0.4,0.63,6.963,51.017,2010,2026,chp,operating,
PL-119-1,Krakow B1,Poland,hard coal,120,0.32,0.63,20.007,50.054,1970,2042,chp,operating,
PL-120-1,Krakow B2,Poland,hard coal,120,0.32,0.63,20.007,50.054,1978,2042,chp,operating,
PL-121-1,Siekierki WSIB 8,Poland,hard coal,120,0.32,0.63,21.091,52.19,1975,2035,chp,operating,
PL-122-1,Chorzow 2 B1,Poland,hard coal,113,0.4,0.63,18.969,50.308,2003,2042,chp,operating,
PL-123-1,Chorzow 2 B2,Poland,hard coal,113,0.4,0.63,18.969,50.308,2003,2042,chp,operating,
BA-124-1,Kakanj G5,Bosnia and Herzegovina,lignite,110,0.32,0.63,18.114,44.09,1969,2042,chp,operating,
BA-125-1,Kakanj G6,Bosnia and Herzegovina,lignite,110,0.32,0.63,18.114,44.09,1977,2042,chp,operating,
CZ-126-1,Porici II 1,Czechia,lignite,55,0.36,0.63,15.963,50.572,1996,2033,chp,operating,
CZ-127-1,Porici II 2,Czechia,lignite,55,0.32,0.63,15.963,50.572,1957,2030,chp,operating,
CZ-128-1,Porici II 3,Czechia,lignite,55,0.36,0.63,15.963,50.572,1998,2033,chp,operating,
PL-129-1,Krakow B3,Poland,hard coal,110,0.32,0.63,20.007,50.054,1984,2042,chp,operating,
PL-130-1,Skawina B3,Poland,hard coal,110,0.32,0.63,19.801,49.976,1961,2042,chp,operating,
PL-131-1,Skawina B4,Poland,hard coal,110,0.32,0.63,19.801,49.976,1961,2042,chp,operating,
PL-132-1,Skawina B5,Poland,hard coal,110,0.32,0.63,19.801,49.976,1961,2042,chp,operating,
BG-133-1,Republika (Pernik) 5,Bulgaria,lignite,105,0.32,0.63,23.078,42.607,1951,2038,chp,operating,
PL-134-1,Lodz 4 BC-100-3,Poland,hard coal,105,0.36,0.63,19.538,51.746,1992,2025,chp,operating,
PL-135-1,Wroclaw BC2,Poland,hard coal,104,0.32,0.63,17.024,51.124,1980,2042,chp,operating,
PL-136-1,Wroclaw BC3,Poland,hard coal,104,0.32,0.63,17.024,51.124,1985,2042,chp,operating,
PL-137-1,Siekierki WSIB 7,Poland,hard coal,102,0.32,0.63,21.091,52.19,1961,2035,chp,operating,
PL-138-1,Siekierki WSIB 9,Poland,hard coal,102,0.32,0.63,21.091,52.19,1975,2035,chp,operating,
PL-139-1,Siekierki WSIB 10,Poland,hard coal,102,0.32,0.63,21.091,52.19,1975,2035,chp,operating,
BA-140-1,Tuzla G3,Bosnia and Herzegovina,lignite,100,0.32,0.63,18.606,44.521,1966,2042,chp,operating,
DE-141-1,Berlin-Moabit A,Germany,hard coal,100,0.36,0.63,13.345,52.537,1990,2030,chp,operating,
PL-142-1,Poznan-Karolin BC-100-2,Poland,hard coal,100,0.36,0.63,16.989,52.436,1991,2025,chp,operating,
UA-143-1,Dobrotvir 5,Ukraine,hard coal,100,0.32,0.63,24.375,50.214,1960,2042,chp,operating,
UA-144-1,Dobrotvir 6,Ukraine,hard coal,100,0.32,0.63,24.375,50.214,1961,2042,chp,operating,
PL-145-1,Bedzin,Poland,hard coal,82,0.32,0.63,19.137,50.302,1975,2042,chp,operating,
FI-146-1,Martinlaakso 2,Finland,hard coal,80,0.32,0.63,24.837,60.282,1980,2025,chp,operating,
DE-147-1,Goldenberg E,Germany,lignite,76,0.36,0.63,6.843,50.861,1992,2030,chp,operating,
PL-148-1,Zabrze II,Poland,hard coal,75,0.4,0.63,18.786,50.325,2018,2027,chp,operating,
CZ-149-1,Pribram 1,Czechia,lignite,4,0.36,0.63,14.003,49.696,1995,2033,chp,operating,
CZ-150-1,Pribram 2,Czechia,lignite,38,0.36,0.63,14.003,49.696,1996,2033,chp,operating,
DE-151-1,Frankfurt/Main West 2,Germany,hard coal,72,0.32,0.63,8.653,50.099,1989,2026,chp,operating,
DE-152-1,Frankfurt/Main West 3,Germany,hard coal,72,0.32,0.63,8.653,50.099,1989,2026,chp,operating,
CZ-153-1,Prunerov II 23,Czechia,lignite,250,0.4,0.63,13.259,50.419,1982,2033,chp,operating,
PL-154-1,Jaworzno 2 B3,Poland,hard coal,70,0.36,0.63,19.229,50.212,1998,2042,chp,operating,
PL-155-1,Jaworzno 2 B4,Poland,hard coal,70,0.36,0.63,19.229,50.212,1998,2042,chp,operating,
PL-156-1,Szczecin 1,Poland,hard coal,68,0.32,0.63,14.586,53.411,1957,2042,chp,operating,
CZ-157-1,Prunerov II 24,Czechia,lignite,250,0.4,0.63,13.259,50.419,1982,2033,chp,operating,
PL-158-1,Pomorzany A,Poland,hard coal,67,0.32,0.63,14.526,53.392,1959,2042,chp,operating,
PL-159-1,Pomorzany B,Poland,hard coal,67,0.32,0.63,14.526,53.392,1959,2042,chp,operating,
SK-160-1,Teko 2,Slovakia,hard coal,66,0.32,0.63,21.273,48.7,1967,2025,chp,operating,
PL-161-1,Tychy 3,Poland,hard coal,65,0.4,0.63,19.014,50.106,2016,2042,chp,operating,
PL-162-1,Czestochowa,Poland,hard coal,64,0.4,0.63,19.143,50.794,2010,2027,chp,operating,
BG-163-1,Ruse Iztok 5 (steam generator 7),Bulgaria,hard coal,60,0.32,0.63,26.009,43.866,1985,2038,chp,operating,
BG-164-1,Ruse Iztok 6 (steam generator 8),Bulgaria,hard coal,60,0.32,0.63,26.009,43.866,1985,2038,chp,operating,
CZ-165-1,Prunerov II 25,Czechia,lignite,250,0.4,0.63,13.259,50.419,1982,2033,chp,operating,
CZ-166-1,Sko-Energo TG 80,Czechia,lignite,35,0.36,0.63,14.935,50.418,1999,2027,chp,operating,
CZ-167-1,Sko-Energo TG 90,Czechia,lignite,35,0.36,0.63,14.935,50.418,1999,2027,chp,operating,
DE-168-1,Offenbach,Germany,hard coal,60,0.36,0.63,8.745,50.111,1990,2030,chp,operating,
PL-169-1,Jaworzno 2 B2,Poland,hard coal,60,0.36,0.63,19.229,50.212,1998,2042,chp,operating,
RO-170-1,Iasi II IASC,Romania,hard coal,60,0.32,0.63,27.605,47.149,1986,2032,chp,operating,
UA-171-1,Cherkasy 3,Ukraine,hard coal,60,0.32,0.63,32.067,49.391,1965,2042,chp,operating,
UA-172-1,Cherkasy 4,Ukraine,hard coal,60,0.32,0.63,32.067,49.391,1966,2042,chp,operating,
UA-173-1,Cherkasy 5,Ukraine,hard coal,60,0.32,0.63,32.067,49.391,1967,2042,chp,operating,
UA-174-1,Darnytska 7,Ukraine,hard coal,60,0.32,0.63,30.643,50.448,1965,2042,chp,operating,
UA-175-1,Kramatorskaya 3,Ukraine,hard coal,60,0.32,0.63,37.572,48.748,1973,2042,chp,operating,
UA-176-1,Kramatorskaya 4,Ukraine,hard coal,60,0.32,0.63,37.572,48.748,1976,2042,chp,operating,
PL-177-1,Gdansk 2 B4,Poland,hard coal,58,0.32,0.63,18.642,54.378,1984,2030,chp,operating,
CZ-178-1,Teplarna Ceskoslovenske Armady (CSA),Czechia,hard coal,24,0.32,0.63,18.496,49.844,1952,2030,chp,operating,
CZ-179-1,Tisova I 2,Czechia,lignite,57,0.32,0.63,12.61,50.152,1958,2033,chp,operating,
CZ-180-1,Tisova I 3,Czechia,lignite,57,0.32,0.63,12.61,50.152,1958,2033,chp,operating,
CZ-181-1,Tisova I 4,Czechia,lignite,57,0.32,0.63,12.61,50.152,1958,2033,chp,operating,
PL-182-1,Bialystok B2,Poland,hard coal,55,0.32,0.63,23.17,53.148,1981,2042,chp,operating,
PL-183-1,Bialystok B3,Poland,hard coal,55,0.36,0.63,23.17,53.148,1991,2042,chp,operating,
PL-184-1,Bydgoszcz II 1,Poland,hard coal,55,0.32,0.63,18.088,53.099,1971,2025,chp,operating,
PL-185-1,Bydgoszcz II 3,Poland,hard coal,55,0.32,0.63,18.088,53.099,1976,2042,chp,operating,
PL-186-1,Lodz 3 2,Poland,hard coal,55,0.32,0.63,19.448,51.742,1968,2025,chp,operating,
PL-187-1,Lodz 3 3,Poland,hard coal,55,0.32,0.63,19.448,51.742,1968,2025,chp,operating,
PL-188-1,Lodz 3 4,Poland,hard coal,55,0.32,0.63,19.448,51.742,1968,2025,chp,operating,
PL-189-1,Lodz 4 BC-50-1,Poland,hard coal,55,0.32,0.63,19.538,51.746,1977,2025,chp,operating,
PL-190-1,Lodz 4 BC-50-2,Poland,hard coal,55,0.32,0.63,19.538,51.746,1978,2025,chp,operating,
PL-191-1,Poznan-Karolin BC-50-1,Poland,hard coal,55,0.32,0.63,16.989,52.436,1985,2025,chp,operating,
PL-192-1,Wroclaw BC1,Poland,hard coal,55,0.32,0.63,17.024,51.124,1970,2042,chp,operating,
PL-193-1,Gdansk 2 B3,Poland,hard coal,54,0.32,0.63,18.642,54.378,1978,2030,chp,operating,
PL-194-1,Gdansk 2 B2,Poland,hard coal,53,0.32,0.63,18.642,54.378,1973,2030,chp,operating,
PL-195-1,Gdansk 2 B5,Poland,hard coal,53,0.36,0.63,18.642,54.378,1994,2030,chp,operating,
PL-196-1,Gdynia 3 2,Poland,hard coal,53,0.36,0.63,18.481,54.553,1990,2042,chp,operating,
CZ-197-1,Tisova I 5,Czechia,lignite,13,0.32,0.63,12.61,50.152,1959,2033,chp,operating,
PL-198-1,Bielsko-Biala 2,Poland,hard coal,50,0.4,0.63,19.053,49.812,2013,2042,chp,operating,
PL-199-1,Bydgoszcz II 4,Poland,hard coal,50,0.32,0.63,18.088,53.099,1971,2042,chp,operating,
PL-200-1,Czechnica 1,Poland,hard coal,50,0.32,0.63,17.15,51.038,1979,2025,chp,operating,
PL-201-1,Czechnica 2,Poland,hard coal,50,0.32,0.63,17.15,51.038,1979,2025,chp,operating,
SI-202-1,Te-Tol 3,Slovenia,hard coal,50,0.32,0.63,14.545,46.058,1984,2033,chp,operating,
UA-203-1,Darnytska 5,Ukraine,hard coal,50,0.32,0.63,30.643,50.448,1965,2042,chp,operating,
UA-204-1,Darnytska 6,Ukraine,hard coal,50,0.32,0.63,30.643,50.448,1965,2042,chp,operating,
UA-205-1,Kalush 1,Ukraine,hard coal,50,0.32,0.63,24.319,49.07,1967,2042,chp,operating,
UA-206-1,Kalush 2,Ukraine,hard coal,50,0.32,0.63,24.319,49.07,1967,2042,chp,operating,
UA-207-1,Kalush 3,Ukraine,hard coal,50,0.32,0.63,24.319,49.07,1968,2042,chp,operating,
UA-208-1,Kalush 4,Ukraine,hard coal,50,0.32,0.63,24.319,49.07,1969,2042,chp,operating,
DE-209-1,Stuttgart-Muenster ST12,Germany,hard coal,48,0.32,0.63,9.22,48.815,1982,2025,chp,operating,
DE-210-1,Stuttgart-Muenster ST15,Germany,hard coal,48,0.32,0.63,9.22,48.815,1984,2025,chp,operating,
SI-211-1,Te-Tol 1,Slovenia,hard coal,42,0.32,0.63,14.545,46.058,1966,2025,chp,operating,
PL-212-1,Zofiowka Moszczenica,Poland,hard coal,41,0.32,0.63,18.57,49.942,1966,2042,chp,operating,
DE-213-1,Kassel,Germany,lignite,38,0.32,0.63,9.483,51.279,1988,2026,chp,operating,
DE-214-1,Waehlitz,Germany,lignite,37,0.36,0.63,12.076,51.166,1994,2030,chp,operating,
CZ-215-1,Trebovice TG 15,Czechia,hard coal,72,0.36,0.63,18.211,49.832,1998,2033,chp,operating,
CZ-216-1,Trebovice TG 16,Czechia,hard coal,72,0.4,0.63,18.211,49.832,2004,2033,chp,operating,
PL-217-1,Ostroleka A4,Poland,hard coal,34,0.32,0.63,21.612,53.104,1958,2042,chp,operating,
CZ-218-1,Trebovice TG 33,Czechia,hard coal,33,0.32,0.63,18.211,49.832,1964,2033,chp,operating,
CZ-219-1,Trmice 1,Czechia,lignite,1,0.32,0.63,13.985,50.646,1974,2030,chp,operating,
CZ-220-1,Trmice 2,Czechia,lignite,16,0.32,0.63,13.985,50.646,1974,2030,chp,operating,
PL-221-1,Bydgoszcz II 2,Poland,hard coal,32,0.32,0.63,18.088,53.099,1971,2025,chp,operating,
PL-222-1,Lodz 3 1,Poland,hard coal,32,0.32,0.63,19.448,51.742,1968,2025,chp,operating,
PL-223-1,Czechnica 3,Poland,hard coal,32,0.32,0.63,17.15,51.038,1955,2025,chp,operating,
SI-224-1,Te-Tol 2,Slovenia,hard coal,32,0.32,0.63,14.545,46.058,1967,2025,chp,operating,
DE-225-1,Flensburg 11,Germany,hard coal,31,0.36,0.63,9.433,54.805,1992,2030,chp,operating,
PL-226-1,Pulawy,Poland,hard coal,109,0.4,0.63,21.969,51.416,2025,2042,chp,operating,
BG-227-1,Sliven 1,Bulgaria,lignite,30,0.32,0.63,26.326,42.655,1969,2038,chp,operating,
CZ-228-1,Trmice 3,Czechia,lignite,20,0.32,0.63,13.985,50.646,1974,2030,chp,operating,
PL-229-1,Mielec 1,Poland,hard coal,30,0.32,0.63,21.461,50.304,1962,2042,chp,operating,
DE-230-1,Ulm Magirusstrasse 1,Germany,hard coal,27,0.32,0.63,9.965,48.397,1978,2030,chp,operating,
DE-231-1,Ulm Magirusstrasse 3,Germany,hard coal,27,0.32,0.63,9.965,48.397,1978,2030,chp,operating,
DE-232-1,Ulm Magirusstrasse 4,Germany,hard coal,27,0.32,0.63,9.965,48.397,1978,2030,chp,operating,
DE-233-1,Ulm Magirusstrasse 5,Germany,hard coal,27,0.32,0.63,9.965,48.397,1978,2030,chp,operating,
DE-234-1,Ulm Magirusstrasse 6,Germany,hard coal,27,0.32,0.63,9.965,48.397,1978,2030,chp,operating,
CZ-235-1,Trmice 4,Czechia,lignite,20,0.32,0.63,13.985,50.646,1974,2030,chp,operating,
RO-236-1,Govora 3,Romania,lignite,50,0.32,0.63,24.29,45.041,1986,2032,chp,operating,
RO-237-1,Govora 4,Romania,lignite,50,0.32,0.63,24.29,45.041,1987,2032,chp,operating,
BG-238-1,Republika (Pernik) 4,Bulgaria,lignite,25,0.32,0.63,23.078,42.607,1963,2038,chp,operating,
CZ-239-1,Trmice 5,Czechia,lignite,16,0.32,0.63,13.985,50.646,1974,2030,chp,operating,
CZ-240-1,Trmice 6,Czechia,lignite,16,0.32,0.63,13.985,50.646,1974,2030,chp,operating,
CZ-241-1,Tusimice 1,Czechia,lignite,200,0.39,0.63,13.338,50.383,1974,2033,chp,operating,
PL-242-1,Elblag 1,Poland,hard coal,25,0.32,0.63,19.389,54.182,1955,2025,chp,operating,
PL-243-1,Elblag 2,Poland,hard coal,25,0.32,0.63,19.389,54.182,1956,2025,chp,operating,
CZ-244-1,Tusimice 2,Czechia,lignite,200,0.39,0.63,13.338,50.383,1974,2033,chp,operating,
CZ-245-1,Tusimice 3,Czechia,lignite,200,0.39,0.63,13.338,50.383,1974,2033,chp,operating,
DE-246-1,Schweinfurt 2,Germany,hard coal,17,0.36,0.63,10.224,50.03,1990,2030,chp,operating,
DE-247-1,Schweinfurt 1,Germany,hard coal,12,0.36,0.63,10.224,50.03,1990,2030,chp,operating,
PL-248-1,Elblag 3,Poland,hard coal,12,0.32,0.63,19.389,54.182,1957,2025,chp,operating,
CZ-249-1,Tusimice 4,Czechia,lignite,200,0.39,0.63,13.338,50.383,1974,2033,chp,operating,
CZ-250-1,Zlin TG2,Czechia,lignite,6,0.36,0.63,17.654,49.225,1996,2033,chp,operating,
CZ-251-1,Zlin TG31,Czechia,lignite,25,0.4,0.63,17.654,49.225,2001,2033,chp,operating,
CZ-252-1,Zlin TG32,Czechia,lignite,30,0.4,0.63,17.654,49.225,2001,2033,chp,operating,
AL-253-1,Roskovec power station_1,Albania,gas,170,0.55,0.35,19.70341,40.73782,2028,2076,chp,operating,
AL-254-1,Vlora power station_1,Albania,gas,97,0.5,0.35,19.43549,40.49018,2040,2042,chp,operating,
AT-255-1,Theiss power station_B1,Austria,gas,260,0.55,0.35,15.71015,48.39486,2003,2042,chp,operating,
AT-256-1,Theiss power station_B2,Austria,gas,225,0.55,0.35,15.71015,48.39486,2003,2042,chp,operating,
AT-257-1,Gratkorn Mill power station_1,Austria,gas,70,0.55,0.35,15.33541,47.13505,2007,2042,chp,operating,
AT-258-1,Graz power station_ST1,Austria,gas,280,0.35,0.47,15.4367,47.04841,2025,2042,chp,operating,
AT-259-1,Magna Steyr power station_CHP1,Austria,gas,30,,0.47,15.4784,47.021,1997,2042,chp,operating,
AT-260-1,Laakirchen Paper Mill power station_1,Austria,gas,61,0.5,0.35,13.82166,47.98188,1993,2042,chp,operating,
AT-261-1,Linz Mitte power station_1a,Austria,gas,103,0.55,0.35,14.32294,48.29922,2004,2042,chp,operating,
AT-262-1,Linz Mitte power station_1b,Austria,gas,114,0.55,0.35,14.32294,48.29922,2010,2042,chp,operating,
AT-263-1,Linz Süd power station_1 & 2,Austria,gas,172,0.5,0.35,14.3469,48.26789,2000,2042,chp,operating,
AT-264-1,Werk Linz power station_Block 7,Austria,gas,153,0.35,0.47,14.324,48.299,1995,2042,chp,operating,
AT-265-1,Mellach power station_10,Austria,gas,421,0.55,0.35,15.49231,46.90819,2012,2042,chp,operating,
AT-266-1,Mellach power station_20,Austria,gas,417,0.55,0.35,15.49231,46.90819,2012,2042,chp,operating,
AT-267-1,Salzburg Mitte power station_1,Austria,gas,84,0.55,0.35,13.03819,47.80929,2001,2042,chp,operating,
AT-268-1,Steyrermuhl Paper Mill power station_1,Austria,gas,40,0.5,0.35,13.81614,47.97963,2025,2042,chp,operating,
AT-269-1,Timelkam power station_1,Austria,gas,405,0.55,0.35,13.5895,48.0122,2008,2042,chp,operating,
AT-270-1,Donaustadt power station_1,Austria,gas,395,0.35,0.47,16.4633,48.2,2001,2042,chp,operating,
AT-271-1,Leopoldau power station_1,Austria,gas,140,0.45,0.35,16.4339,48.2767,1975,2042,chp,operating,
AT-272-1,Simmering power station_Sim1,Austria,gas,840,0.55,0.35,16.4334,48.1815,2009,2042,chp,operating,
AT-273-1,Simmering power station_Sim3,Austria,gas,420,0.55,0.35,16.4334,48.1815,2009,2042,chp,operating,
BE-274-1,Aalst Tereos Syral power station_1,Belgium,gas,45,0.5,0.35,4.04516,50.93547,2000,2042,chp,operating,
BE-275-1,Covestro Oorderen power station_1,Belgium,gas,43,0.35,0.47,4.31907,51.29702,2025,2042,chp,operating,
BE-276-1,Lillo Evonik power station_1,Belgium,gas,42,0.5,0.35,4.30402,51.30953,1999,2042,chp,operating,
BE-277-1,Lillo Evonik power station_2,Belgium,gas,43,0.55,0.35,4.30402,51.30953,2010,2042,chp,operating,
BE-278-1,Bayer Monsanto Oud-Lillo power station_1,Belgium,gas,43,0.35,0.47,4.28961,51.31553,2025,2042,chp,operating,
BE-279-1,Scheldelaan Exxonmobil power station_1,Belgium,gas,140,0.55,0.35,4.334,51.254,2009,2042,chp,operating,
BE-280-1,Wilmarsdonk Total power station_1,Belgium,gas,51,0.35,0.47,4.31885,51.27106,2025,2042,chp,operating,
BE-281-1,Wilmarsdonk Total power station_2,Belgium,gas,51,0.35,0.47,4.31885,51.27106,2025,2042,chp,operating,
BE-282-1,Wilmarsdonk Total power station_3,Belgium,gas,51,0.35,0.47,4.31885,51.27106,2025,2042,chp,operating,
BE-283-1,Zandvliet power station_1,Belgium,gas,380,0.55,0.35,4.26419,51.36895,2005,2042,chp,operating,
BE-284-1,Beveren Ineos Phenolchemie power station_1,Belgium,gas,25,0.35,0.47,4.27025,51.29091,1993,2042,chp,operating,
BE-285-1,Ham (Gent) power station_1,Belgium,gas,43,0.5,0.35,3.7364,51.0596,1993,2042,chp,operating,
BE-286-1,Ham (Gent) power station_31,Belgium,gas,58,0.35,0.47,3.7364,51.0596,2006,2042,chp,operating,
BE-287-1,Ham (Gent) power station_32,Belgium,gas,58,0.35,0.47,3.7364,51.0596,2006,2042,chp,operating,
BE-288-1,Izegem power station_1,Belgium,gas,20,0.35,0.47,3.21298,50.92378,1995,2042,chp,operating,
BE-289-1,Jemeppe-sur-Sambre power station_1,Belgium,gas,106,0.5,0.35,4.66122,50.44772,2000,2042,chp,operating,
BE-290-1,Inesco power station_1,Belgium,gas,138,0.55,0.35,4.32567,51.24125,2007,2042,chp,operating,
BE-291-1,Arlanxeo Zwijndrecht power station_1,Belgium,gas,58,0.55,0.35,4.3408,51.2382,2010,2042,chp,operating,
BG-292-1,Neftochim Refinery power station_2,Bulgaria,gas,120,0.35,0.47,27.33875,42.54129,1962,2042,chp,operating,
BG-293-1,Neftochim Refinery power station_8,Bulgaria,gas,240,0.35,0.47,27.33875,42.54129,1977,2042,chp,operating,
BG-294-1,Neftochim Refinery power station_12,Bulgaria,gas,240,0.35,0.47,27.33875,42.54129,1978,2042,chp,operating,
BG-295-1,Toplofikacia Pleven power station_1,Bulgaria,gas,43,0.55,0.35,24.62531,43.42117,2007,2042,chp,operating,
BG-296-1,Plovdiv North power station_1,Bulgaria,gas,50,0.55,0.35,24.74138,42.18303,2011,2042,chp,operating,
BG-297-1,Sofia Iztok power station_1,Bulgaria,gas,167,0.45,0.35,23.41722,42.65152,1964,2042,chp,operating,
BG-298-1,Sofia Iztok power station_CC1,Bulgaria,gas,240,0.55,0.35,23.41722,42.65152,2024,2042,chp,operating,
BG-299-1,Sofia power station_9,Bulgaria,gas,35,0.35,0.47,23.32087,42.71889,1962,2042,chp,operating,
BG-300-1,Sofia power station_8+8A,Bulgaria,gas,37,0.35,0.47,23.32087,42.71889,1985,2042,chp,operating,
BG-301-1,Sofia power station_CC1,Bulgaria,gas,240,0.55,0.35,23.32087,42.71889,2024,2042,chp,operating,
HR-302-1,Petrokemija Kutina power station_1,Croatia,gas,35,0.35,0.47,16.79232,45.47129,1983,2042,chp,operating,
HR-303-1,Osijek power station_A,Croatia,gas,45,0.35,0.47,18.7449,45.542,1985,2042,chp,operating,
HR-304-1,Osijek power station_B1,Croatia,gas,25,0.35,0.47,18.7449,45.542,1976,2042,chp,operating,
HR-305-1,Osijek power station_B2,Croatia,gas,25,0.35,0.47,18.7449,45.542,1976,2042,chp,operating,
HR-306-1,Sisak power station_C,Croatia,gas,235,0.55,0.35,16.41461,45.45427,2015,2042,chp,operating,
HR-307-1,Slavonski Brod power station_Phase I,Croatia,gas,250,0.55,0.35,18.06037,45.14887,2027,2042,chp,operating,
HR-308-1,Slavonski Brod power station_Phase II,Croatia,gas,250,0.55,0.35,18.06037,45.14887,2027,2042,chp,operating,
HR-309-1,El-To Zagreb power station_CC,Croatia,gas,150,0.55,0.35,15.94819,45.80806,2024,2042,chp,operating,
HR-310-1,El-To Zagreb power station_H,Croatia,gas,24,0.35,0.47,15.94819,45.80806,1998,2042,chp,operating,
HR-311-1,El-To Zagreb power station_J,Croatia,gas,24,0.35,0.47,15.94819,45.80806,1998,2042,chp,operating,
HR-312-1,Te-To Zagreb power station_C,Croatia,gas,120,0.45,0.35,16.01632,45.78213,1979,2042,chp,operating,
HR-313-1,Te-To Zagreb power station_K,Croatia,gas,200,0.55,0.35,16.01632,45.78213,2001,2042,chp,operating,
HR-314-1,Te-To Zagreb power station_L,Croatia,gas,100,0.55,0.35,16.01632,45.78213,2009,2042,chp,operating,
CZ-315-1,Cerveny mlyn heating plant_1,Czechia,gas,95,0.5,0.35,16.60633,49.21617,1998,2042,chp,operating,
CZ-316-1,Spitalka power station_1,Czechia,gas,81,0.35,0.47,16.62257,49.19643,1930,2042,chp,operating,
CZ-317-1,Detmarovice power station_,Czechia,gas,24,0.35,0.47,18.46456,49.90718,2026,2042,chp,operating,
CZ-318-1,Melnik power station_GT1,Czechia,gas,200,0.55,0.35,14.41582,50.41313,2026,2042,chp,operating,
CZ-319-1,Melnik power station_GT2,Czechia,gas,400,0.55,0.35,14.41582,50.41313,2029,2042,chp,operating,
CZ-320-1,Melnik power station_GT3,Czechia,gas,400,0.55,0.35,14.41582,50.41313,2030,2042,chp,operating,
CZ-321-1,Kladno power station_GT1,Czechia,gas,51,0.35,0.47,14.12858,50.1535,2006,2042,chp,operating,
CZ-322-1,Kralupy Plant power station_S1,Czechia,gas,33,0.35,0.47,14.3207,50.25877,1993,2042,chp,operating,
CZ-323-1,Kralupy Plant power station_S2,Czechia,gas,33,0.35,0.47,14.3207,50.25877,1993,2042,chp,operating,
CZ-324-1,Kralupy Plant power station_S3,Czechia,gas,35,0.35,0.47,14.3207,50.25877,2014,2042,chp,operating,
CZ-325-1,Kyjov CHP power station_1,Czechia,gas,23,0.55,0.35,17.12882,49.00462,2001,2042,chp,operating,
CZ-326-1,Komorany heating plant_1,Czechia,gas,41,0.55,0.35,13.5721,50.52229,2024,2042,chp,operating,
CZ-327-1,Komorany heating plant_2,Czechia,gas,44,0.55,0.35,13.5721,50.52229,2025,2042,chp,operating,
CZ-328-1,CCGT Pocerady_EPC2,Czechia,gas,847,0.55,0.35,13.6747,50.4267,2014,2042,chp,operating,
CZ-329-1,Vresova power station_1,Czechia,gas,200,0.5,0.35,12.6908,50.25648,1996,2042,chp,operating,
CZ-330-1,Vresova power station_2,Czechia,gas,200,0.5,0.35,12.6908,50.25648,1996,2042,chp,operating,
CZ-331-1,Chomutov power station_1,Czechia,gas,100,0.55,0.35,13.4342,50.464,2027,2042,chp,operating,
CZ-332-1,Chomutov power station_2,Czechia,gas,100,0.55,0.35,13.4342,50.464,2027,2042,chp,operating,
CZ-333-1,Chomutov power station_3,Czechia,gas,100,0.55,0.35,13.4342,50.464,2027,2042,chp,operating,
CZ-334-1,CHP Trmice_1,Czechia,gas,162,0.55,0.35,13.9854,50.6462,2029,2042,chp,operating,
CZ-335-1,Opatovice power station_TG3,Czechia,gas,65,0.55,0.35,15.79331,50.12651,2030,2042,chp,operating,
CZ-336-1,Plzen power station_1,Czechia,gas,137,0.5,0.35,13.39875,49.75433,2040,2042,chp,operating,
CZ-337-1,Olomouc power station_1,Czechia,gas,50,0.5,0.35,17.30412,49.57088,2040,2042,chp,operating,
DK-338-1,H.C. Orsted power station_HCV8,Denmark,gas,21,0.55,0.35,12.53343,55.65052,2003,2025,chp,operating,
DK-339-1,Hjorring Cogeneration power station_1,Denmark,gas,59,0.5,0.35,9.98229,57.46417,1996,2042,chp,operating,
DK-340-1,Horsens power station_1,Denmark,gas,35,0.5,0.35,9.85766,55.8519,1991,2042,chp,operating,
DK-341-1,DTU Cogeneration power station_1,Denmark,gas,38,0.5,0.35,12.52276,55.78469,1998,2042,chp,operating,
DK-342-1,Akzo Mariager power station_1,Denmark,gas,25,0.5,0.35,10.04219,56.68134,1999,2042,chp,operating,
DK-343-1,Silkeborgvaerket_1,Denmark,gas,108,0.5,0.35,9.558,56.201,1995,2042,chp,operating,
DK-344-1,Sonderborg Kraftvarmevaerk CHP power station_GT1,Denmark,gas,52,0.35,0.47,9.78191,54.93028,1996,2042,chp,operating,
DK-345-1,Viborg power station_1,Denmark,gas,57,0.5,0.35,9.41262,56.47377,1996,2042,chp,operating,
EE-346-1,Iru power station_1,Estonia,gas,80,0.45,0.35,24.9246,59.4514,1978,2042,chp,operating,
EE-347-1,Iru power station_2,Estonia,gas,116,0.45,0.35,24.9246,59.4514,1982,2042,chp,operating,
EE-348-1,Narva peaking power plant_1,Estonia,gas,100,0.55,0.35,28.12163,59.35377,2028,2042,chp,operating,
FI-349-1,Suomenoja power station_2,Finland,gas,234,0.55,0.35,24.71837,60.14913,2009,2042,chp,operating,
FI-350-1,Suomenoja power station_6,Finland,gas,45,0.35,0.47,24.71837,60.14913,1989,2042,chp,operating,
FI-351-1,Vuosaari power station_A,Finland,gas,163,0.5,0.35,25.16966,60.22032,1991,2042,chp,operating,
FI-352-1,Vuosaari power station_B,Finland,gas,485,0.5,0.35,25.16966,60.22032,1997,2042,chp,operating,
FI-353-1,Porvoo Refinery power station_1,Finland,gas,48,0.35,0.47,25.49704,60.30734,2018,2042,chp,operating,
FI-354-1,Porvoo Refinery power station_KT2,Finland,gas,48,0.55,0.35,25.49704,60.30734,2007,2042,chp,operating,
FI-355-1,Porvoo Refinery power station_KT3,Finland,gas,73,0.55,0.35,25.49704,60.30734,2009,2042,chp,operating,
FI-356-1,Kirkniemi Mill power station_K3,Finland,gas,55,0.5,0.35,23.94365,60.19092,1997,2042,chp,operating,
FI-357-1,Kirkniemi Mill power station_K4,Finland,gas,49,0.5,0.35,23.94365,60.19092,1997,2042,chp,operating,
FI-358-1,Hinkismaeki power station_1,Finland,gas,45,0.35,0.47,26.70136,60.87189,1988,2042,chp,operating,
FI-359-1,Nokia kombi power station_1,Finland,gas,72,0.5,0.35,23.4966,61.47432,1997,2042,chp,operating,
FI-360-1,Lielahti power station_1,Finland,gas,142,0.45,0.35,23.67523,61.51042,1988,2042,chp,operating,
FI-361-1,M-real Tako Board mill_T5,Finland,gas,12,0.35,0.47,23.77218,61.50072,2025,2042,chp,operating,
FR-362-1,Tavaux power station_1,France,gas,48,0.35,0.47,5.39704,47.05518,2000,2042,chp,operating,
FR-363-1,Tavaux power station_2,France,gas,48,0.35,0.47,5.39704,47.05518,2000,2042,chp,operating,
FR-364-1,Tavaux power station_7,France,gas,23,0.35,0.47,5.39704,47.05518,1964,2042,chp,operating,
FR-365-1,Tavaux power station_8,France,gas,23,0.35,0.47,5.39704,47.05518,1965,2042,chp,operating,
FR-366-1,Sethelec D'Arles power station_1,France,gas,43,0.35,0.47,4.60872,43.67355,2002,2042,chp,operating,
FR-367-1,Bouchain power station_1,France,gas,563,0.55,0.35,3.3156,50.2987,2016,2042,chp,operating,
FR-368-1,Amfard power station_14,France,gas,125,0.55,0.35,0.22,49.48,2003,2042,chp,operating,
FR-369-1,Amfard power station_15,France,gas,125,0.55,0.35,0.22,49.48,2003,2042,chp,operating,
FR-370-1,Darblay power station_5,France,gas,24,0.35,0.47,1.01467,49.37681,1980,2042,chp,operating,
FR-371-1,Haubourdin power station_1,France,gas,47,0.5,0.35,2.98325,50.60627,2000,2042,chp,operating,
FR-372-1,La Madeleine power station_1,France,gas,48,0.35,0.47,6.2671,48.63913,1999,2042,chp,operating,
FR-373-1,La Madeleine power station_2,France,gas,48,0.35,0.47,6.2671,48.63913,1999,2042,chp,operating,
FR-374-1,Champblain power station_1,France,gas,44,0.35,0.47,4.81004,45.21677,1999,2042,chp,operating,
FR-375-1,Pont-de-Claix power station_8,France,gas,26,0.45,0.35,5.70983,45.12014,1969,2042,chp,operating,
FR-376-1,Pont-de-Claix power station_9,France,gas,26,0.45,0.35,5.70983,45.12014,1972,2042,chp,operating,
FR-377-1,Pont-de-Claix power station_10,France,gas,26,0.45,0.35,5.70983,45.12014,1972,2042,chp,operating,
FR-378-1,Les Ulis power station_2,France,gas,49,0.35,0.47,2.17871,48.67584,2001,2042,chp,operating,
FR-379-1,Lestrem power station_1,France,gas,40,0.35,0.47,2.67962,50.63469,2000,2042,chp,operating,
FR-380-1,Lestrem power station_2,France,gas,40,0.35,0.47,2.67962,50.63469,2000,2042,chp,operating,
FR-381-1,Mont-de-Terre power station_1,France,gas,46,0.35,0.47,3.08913,50.62116,2001,2042,chp,operating,
FR-382-1,Lavera power station_1,France,gas,68,0.35,0.47,5.0025,43.38391,2000,2042,chp,operating,
FR-383-1,Lavera power station_2,France,gas,38,0.35,0.47,5.0025,43.38391,2000,2042,chp,operating,
FR-384-1,Martigues-Ponteau power station_51,France,gas,304,0.55,0.35,5.02112,43.35822,2012,2042,chp,operating,
FR-385-1,Martigues-Ponteau power station_52,France,gas,191,0.55,0.35,5.02112,43.35822,2012,2042,chp,operating,
FR-386-1,Martigues-Ponteau power station_61,France,gas,304,0.55,0.35,5.02112,43.35822,2012,2042,chp,operating,
FR-387-1,Martigues-Ponteau power station_62,France,gas,191,0.55,0.35,5.02112,43.35822,2011,2042,chp,operating,
FR-388-1,Meaux power station_1,France,gas,28,0.35,0.47,2.92468,48.95078,2000,2042,chp,operating,
FR-389-1,Chambière power station_1,France,gas,45,0.35,0.47,6.18357,49.12926,1992,2042,chp,operating,
FR-390-1,Dombasle power station_1,France,gas,46,0.35,0.47,6.33711,48.62826,1999,2042,chp,operating,
FR-391-1,Saint-Étienne-du-Rouvray power station_9,France,gas,45,0.5,0.35,1.11589,49.36522,2000,2042,chp,operating,
FR-392-1,Saint-Étienne-du-Rouvray power station_10,France,gas,45,0.5,0.35,1.11589,49.36522,2000,2042,chp,operating,
FR-393-1,Saint-Étienne-du-Rouvray power station_11,France,gas,32,0.55,0.35,1.11589,49.36522,2007,2042,chp,operating,
FR-394-1,Saint Fons power station_1,France,gas,44,0.35,0.47,4.84299,45.68725,1999,2042,chp,operating,
FR-395-1,Saint Fons power station_1,France,gas,44,0.35,0.47,4.84856,45.70346,1998,2042,chp,operating,
FR-396-1,Saint-Ouen-sur-Seine power station_1,France,gas,125,0.35,0.47,2.32764,48.91174,2000,2042,chp,operating,
FR-397-1,Peage-de-Roussillion-Sud power station_7,France,gas,44,0.35,0.47,4.7961,45.34981,1999,2042,chp,operating,
FR-398-1,Vitry-sur-Seine cogeneration power station_1,France,gas,100,0.35,0.47,2.41731,48.78924,2001,2042,chp,operating,
FR-399-1,Fos-sur-Mer power station_CHP,France,gas,45,0.35,0.47,4.8452,43.4256,1999,2042,chp,operating,
FR-400-1,Saillat power station_1,France,gas,12,0.45,0.35,0.8358,45.87143,1985,2042,chp,operating,
FR-401-1,Saillat power station_2,France,gas,4,0.35,0.47,0.8358,45.87143,1985,2042,chp,operating,
DE-402-1,Altbach/Deizisau power station_GT E,Germany,gas,65,0.35,0.47,9.37079,48.71719,1997,2042,chp,operating,
DE-403-1,Altbach/Deizisau power station_HKW3,Germany,gas,750,0.55,0.35,9.37079,48.71719,2026,2042,chp,operating,
DE-404-1,CHP station Buchmann Karton_1,Germany,gas,24,0.45,0.35,7.93139,49.20794,1976,2042,chp,operating,
DE-405-1,DS Smith Aschaffenburg Mill power station_1,Germany,gas,32,0.55,0.35,9.1558,49.9882,2013,2042,chp,operating,
DE-406-1,Augsburg power station_DT 2,Germany,gas,31,0.35,0.47,10.9039,48.37446,1976,2042,chp,operating,
DE-407-1,Augsburg-Ost combined heat and power station_1,Germany,gas,20,0.55,0.35,10.93524,48.4017,2004,2042,chp,operating,
DE-408-1,Baunatal power station_DT,Germany,gas,29,0.35,0.47,9.44841,51.25589,2013,2042,chp,operating,
DE-409-1,Baunatal power station_GT,Germany,gas,45,0.55,0.35,9.40441,51.25286,2013,2042,chp,operating,
DE-410-1,Berlin Mitte power station_DT,Germany,gas,116,0.5,0.35,13.42092,52.51172,1997,2042,chp,operating,
DE-411-1,Berlin Mitte power station_GT 1,Germany,gas,164,0.35,0.47,13.42092,52.51172,1997,2042,chp,operating,
DE-412-1,Berlin Mitte power station_GT 2,Germany,gas,164,0.35,0.47,13.42092,52.51172,1997,2042,chp,operating,
DE-413-1,Berlin-Klingenberg power station_DT 1,Germany,gas,52,0.35,0.47,13.4968,52.4889,1981,2042,chp,operating,
DE-414-1,Berlin-Klingenberg power station_DT 2,Germany,gas,56,0.35,0.47,13.4968,52.4889,1981,2042,chp,operating,
DE-415-1,Berlin-Klingenberg power station_DT 3,Germany,gas,56,0.35,0.47,13.4968,52.4889,1982,2042,chp,operating,
DE-416-1,Berlin-Marzahn power station_1,Germany,gas,190,0.55,0.35,13.37619,52.51862,2020,2042,chp,operating,
DE-417-1,Charlottenburg power station_GT 4,Germany,gas,72,0.35,0.47,13.3111,52.5219,1976,2042,chp,operating,
DE-418-1,Charlottenburg power station_GT 5,Germany,gas,72,0.35,0.47,13.3111,52.5219,1976,2042,chp,operating,
DE-419-1,Lichterfelde power station_DT,Germany,gas,115,0.55,0.35,13.3098,52.4252,2019,2042,chp,operating,
DE-420-1,Lichterfelde power station_GT,Germany,gas,185,0.55,0.35,13.3098,52.4252,2019,2042,chp,operating,
DE-421-1,Bernburg Alkali power station_1,Germany,gas,22,0.35,0.47,11.75151,51.80261,2019,2042,chp,operating,
DE-422-1,Bernburg Alkali power station_GT 1,Germany,gas,59,0.55,0.35,11.75151,51.80261,2019,2042,chp,operating,
DE-423-1,Bernburg Alkali power station_GT2,Germany,gas,64,0.5,0.35,11.75151,51.80261,1994,2042,chp,operating,
DE-424-1,Schildescher Strasse power station_DT 3,Germany,gas,20,0.35,0.47,8.53846,52.03386,1966,2042,chp,operating,
DE-425-1,Schildescher Strasse power station_DT 4,Germany,gas,28,0.35,0.47,8.53846,52.03386,1980,2042,chp,operating,
DE-426-1,Schildescher Strasse power station_GT,Germany,gas,24,0.45,0.35,8.53891,52.03673,1977,2042,chp,operating,
DE-427-1,Bitterfeld power station_1,Germany,gas,108,0.5,0.35,12.30705,51.62487,2000,2042,chp,operating,
DE-428-1,Bitterfeld power station_2,Germany,gas,2,0.35,0.47,12.30705,51.62487,2016,2042,chp,operating,
DE-429-1,Hiltrop power station_1,Germany,gas,43,0.35,0.47,7.2503,51.508,1975,2042,chp,operating,
DE-430-1,Bonn-Nord power station_DT GuD,Germany,gas,74,0.35,0.47,7.0805,50.7338,2013,2042,chp,operating,
DE-431-1,Bonn-Nord power station_GT 1 GuD,Germany,gas,21,0.5,0.35,7.0805,50.7338,1998,2042,chp,operating,
DE-432-1,Bonn-Nord power station_GT 2 GuD,Germany,gas,39,0.55,0.35,7.0805,50.7338,2024,2042,chp,operating,
DE-433-1,Brandenburg Havel power station_1,Germany,gas,37,0.35,0.47,13.9711,51.5122,1997,2042,chp,operating,
DE-434-1,Braunschweig Mitte power station_GuD,Germany,gas,98,0.55,0.35,10.51472,52.27861,2023,2042,chp,operating,
DE-435-1,Braunschweig Mitte power station_GT,Germany,gas,68,0.35,0.47,10.51472,52.27861,2023,2042,chp,operating,
DE-436-1,Braunschweig Nord power station_1,Germany,gas,25,0.35,0.47,10.51472,52.27861,1990,2042,chp,operating,
DE-437-1,Burghausen power station_12,Germany,gas,137,0.55,0.35,12.84577,48.18621,2001,2042,chp,operating,
DE-438-1,Burghausen power station_Generator 10,Germany,gas,38,0.35,0.47,12.84577,48.18621,2014,2042,chp,operating,
DE-439-1,Burghausen power station_Generator 8,Germany,gas,46,0.35,0.47,12.84577,48.18621,1979,2042,chp,operating,
DE-440-1,Burghausen power station_Generator 9,Germany,gas,14,0.35,0.47,12.84577,48.18621,1987,2042,chp,operating,
DE-441-1,Gendorf Works power station_1,Germany,gas,73,0.35,0.47,12.7306,48.1768,1967,2042,chp,operating,
DE-442-1,Dessau power station_1,Germany,gas,39,0.5,0.35,12.23003,51.82685,1996,2042,chp,operating,
DE-443-1,Dormagen power station_DT,Germany,gas,194,0.35,0.47,6.8287,51.0791,2000,2042,chp,operating,
DE-444-1,Dormagen power station_GT 1,Germany,gas,184,0.35,0.47,6.8287,51.0791,2000,2042,chp,operating,
DE-445-1,Dormagen power station_GT 2,Germany,gas,184,0.35,0.47,6.8287,51.0791,2000,2042,chp,operating,
DE-446-1,Nossener Bruecke power station_DT,Germany,gas,74,0.5,0.35,13.7086,51.04212,1995,2042,chp,operating,
DE-447-1,Nossener Bruecke power station_GT1,Germany,gas,62,0.5,0.35,13.7086,51.04212,1995,2042,chp,operating,
DE-448-1,Nossener Bruecke power station_GT2,Germany,gas,62,0.5,0.35,13.7086,51.04212,1995,2042,chp,operating,
DE-449-1,Nossener Bruecke power station_GT3,Germany,gas,62,0.5,0.35,13.7086,51.04212,1995,2042,chp,operating,
DE-450-1,Duisburg III power station_Block A,Germany,gas,40,0.35,0.47,6.74778,51.39066,1974,2042,chp,operating,
DE-451-1,Duisburg III power station_Block B,Germany,gas,234,0.35,0.47,6.74778,51.39066,2004,2042,chp,operating,
DE-452-1,Power station DK_1,Germany,gas,22,0.35,0.47,6.74143,51.42143,2011,2042,chp,operating,
DE-453-1,Lausward power station_GuD A,Germany,gas,100,0.5,0.35,6.7313,51.2214,2000,2042,chp,operating,
DE-454-1,Lausward power station_GuDF,Germany,gas,595,0.55,0.35,6.7313,51.2214,2016,2042,chp,operating,
DE-455-1,Model Saxony Paper power station_1,Germany,gas,16,0.55,0.35,12.58665,51.45957,2009,2042,chp,operating,
DE-456-1,Model Saxony Paper power station_2,Germany,gas,31,0.55,0.35,12.58665,51.45957,2009,2042,chp,operating,
DE-457-1,Eltmann power station_1,Germany,gas,63,0.35,0.47,10.65137,49.984,2017,2042,chp,operating,
DE-458-1,Erfurt-Ost power station_GT 1,Germany,gas,23,0.5,0.35,11.0355,51.02177,1999,2042,chp,operating,
DE-459-1,Erfurt-Ost power station_GT 2,Germany,gas,23,0.5,0.35,11.0355,51.02177,1999,2042,chp,operating,
DE-460-1,Erfurt-Ost power station_GT 3,Germany,gas,33,0.55,0.35,11.04015,51.01723,2014,2042,chp,operating,
DE-461-1,Erfurt-Ost power station_DT,Germany,gas,34,0.35,0.47,11.0355,51.02177,1999,2042,chp,operating,
DE-462-1,Erfurt-Ost power station_T-DT,Germany,gas,11,0.35,0.47,11.04015,51.01723,2022,2042,chp,operating,
DE-463-1,Erlangen power station_GuD1,Germany,gas,22,0.55,0.35,11.0016,49.593,2005,2042,chp,operating,
DE-464-1,Erlangen power station_K6,Germany,gas,16,0.35,0.47,11.0016,49.593,2022,2042,chp,operating,
DE-465-1,Erlangen power station_GuD2,Germany,gas,7,0.55,0.35,11.0016,49.593,2014,2042,chp,operating,
DE-466-1,Akzo Obernburg power station_1,Germany,gas,113,0.45,0.35,9.14824,49.82935,1956,2042,chp,operating,
DE-467-1,Flensburg power station_7,Germany,gas,28,0.35,0.47,9.43017,54.80522,1980,2042,chp,operating,
DE-468-1,Flensburg power station_DT 12,Germany,gas,27,0.35,0.47,9.43336,54.80478,2016,2042,chp,operating,
DE-469-1,Flensburg power station_GT 12,Germany,gas,50,0.35,0.47,9.43336,54.80478,2016,2042,chp,operating,
DE-470-1,Industrial park Hoechst power_Block A GTX1,Germany,gas,13,0.55,0.35,8.53105,50.09178,2003,2042,chp,operating,
DE-471-1,Industrial park Hoechst power_Block A VT4,Germany,gas,27,0.35,0.47,8.53105,50.09178,2021,2042,chp,operating,
DE-472-1,Industrial park Hoechst power_Block C GTX2,Germany,gas,50,0.35,0.47,8.53105,50.09178,2011,2042,chp,operating,
DE-473-1,Industrial park Hoechst power_Block C GTX3,Germany,gas,50,0.35,0.47,8.53105,50.09178,2011,2042,chp,operating,
DE-474-1,Industrial park Hoechst power_GTX1,Germany,gas,54,0.55,0.35,8.53105,50.09178,2003,2042,chp,operating,
DE-475-1,Mainova West power station_Block 4,Germany,gas,111,0.35,0.47,8.65308,50.09856,1994,2042,chp,operating,
DE-476-1,Mainova West power station_Block 5,Germany,gas,39,0.35,0.47,8.65308,50.09856,2017,2042,chp,operating,
DE-477-1,Mainova West power station_Block 2,Germany,gas,62,0.55,0.35,8.65308,50.09856,2026,2042,chp,operating,
DE-478-1,Mainova West power station_Block 3,Germany,gas,62,0.55,0.35,8.65308,50.09856,2026,2042,chp,operating,
DE-479-1,Niederrad power station_Block 1,Germany,gas,70,0.55,0.35,8.6279,50.0856,2005,2042,chp,operating,
DE-480-1,Freiburg power station_DT9,Germany,gas,18,0.55,0.35,7.84203,48.02095,2020,2042,chp,operating,
DE-481-1,Freiburg power station_GT,Germany,gas,39,0.5,0.35,7.84203,48.02095,1998,2042,chp,operating,
DE-482-1,Grenzach-Wyhlen power station_DT4,Germany,gas,8,0.35,0.47,7.70692,47.53971,2017,2042,chp,operating,
DE-483-1,Grenzach-Wyhlen power station_GT,Germany,gas,22,0.55,0.35,7.70692,47.53971,2017,2042,chp,operating,
DE-484-1,Grenzach-Wyhlen power station_DT5,Germany,gas,9,0.35,0.47,7.70692,47.53971,2017,2042,chp,operating,
DE-485-1,Exxonmobil Production power station_1,Germany,gas,30,0.35,0.47,9.81253,52.41025,2014,2042,chp,operating,
DE-486-1,Halle Dieselstrasse power station_A,Germany,gas,57,0.55,0.35,11.9643,51.481,2020,2042,chp,operating,
DE-487-1,Halle Dieselstrasse power station_B,Germany,gas,57,0.55,0.35,11.9643,51.481,2020,2042,chp,operating,
DE-488-1,Halle Dieselstrasse power station_C,Germany,gas,57,0.35,0.47,11.9643,51.481,2020,2042,chp,operating,
DE-489-1,Halle Trotha power station_CC,Germany,gas,56,0.35,0.47,11.9643,51.481,1994,2042,chp,operating,
DE-490-1,Halle Trotha power station_DT,Germany,gas,12,0.35,0.47,11.9643,51.481,1994,2042,chp,operating,
DE-491-1,Tiefstack power station_GuD,Germany,gas,127,0.55,0.35,10.08072,53.51656,2009,2042,chp,operating,
DE-492-1,GKL Linden power station_GT 3,Germany,gas,70,0.55,0.35,9.648,52.42,2009,2042,chp,operating,
DE-493-1,Cuno herdecke power station_BHKW1,Germany,gas,2,0.35,0.47,7.4155,51.40313,2004,2042,chp,operating,
DE-494-1,Cuno herdecke power station_BHKW2,Germany,gas,2,0.35,0.47,7.4155,51.40313,2005,2042,chp,operating,
DE-495-1,Cuno herdecke power station_BHKW3,Germany,gas,2,0.35,0.47,7.4155,51.40313,2014,2042,chp,operating,
DE-496-1,WI power station_DT 2.1,Germany,gas,53,0.35,0.47,9.99596,50.89145,2009,2042,chp,operating,
DE-497-1,WI power station_DT 4,Germany,gas,28,0.35,0.47,9.99596,50.89145,1982,2042,chp,operating,
DE-498-1,WI power station_DT3,Germany,gas,12,0.35,0.47,9.99596,50.89145,1967,2042,chp,operating,
DE-499-1,WI power station_GT,Germany,gas,17,0.35,0.47,9.99596,50.89145,1962,2042,chp,operating,
DE-500-1,Jena power station_DT 1,Germany,gas,25,0.35,0.47,11.5857,50.89688,1996,2042,chp,operating,
DE-501-1,Jena power station_GM5,Germany,gas,12,0.35,0.47,11.5857,50.89688,2022,2042,chp,operating,
DE-502-1,Jena power station_DT 2,Germany,gas,39,0.35,0.47,11.5857,50.89688,1996,2042,chp,operating,
DE-503-1,Jena power station_GT 1,Germany,gas,39,0.35,0.47,11.5857,50.89688,1996,2042,chp,operating,
DE-504-1,Jena power station_GT 2,Germany,gas,39,0.35,0.47,11.5857,50.89688,1996,2042,chp,operating,
DE-505-1,Jena power station_GT 3,Germany,gas,39,0.35,0.47,11.5857,50.89688,1996,2042,chp,operating,
DE-506-1,Jena power station_GM1,Germany,gas,12,0.35,0.47,11.5857,50.89688,2022,2042,chp,operating,
DE-507-1,Jena power station_GM2,Germany,gas,12,0.35,0.47,11.5857,50.89688,2022,2042,chp,operating,
DE-508-1,Jena power station_GM3,Germany,gas,12,0.35,0.47,11.5857,50.89688,2022,2042,chp,operating,
DE-509-1,Jena power station_GM4,Germany,gas,12,0.35,0.47,11.5857,50.89688,2022,2042,chp,operating,
DE-510-1,Juelich power station_1,Germany,gas,1,0.35,0.47,6.37301,50.91655,2004,2042,chp,operating,
DE-511-1,Juelich power station_2,Germany,gas,23,0.35,0.47,6.37301,50.91655,2004,2042,chp,operating,
DE-512-1,Karchestraße power station_1,Germany,gas,60,0.35,0.47,7.7607,49.43618,2022,2042,chp,operating,
DE-513-1,SW Karlsruhe power station_Generator 3,Germany,gas,33,0.35,0.47,8.35067,49.01436,1984,2042,chp,operating,
DE-514-1,Kassel Kombi power station_DT,Germany,gas,10,0.35,0.47,9.48401,51.2791,2005,2042,chp,operating,
DE-515-1,Kassel Kombi power station_GT1,Germany,gas,15,0.55,0.35,9.48401,51.2791,2005,2042,chp,operating,
DE-516-1,Kassel Kombi power station_GT2,Germany,gas,31,0.55,0.35,9.48401,51.2791,2005,2042,chp,operating,
DE-517-1,Kelheim Fibers power station_T 6,Germany,gas,21,0.35,0.47,11.90421,48.90476,1970,2042,chp,operating,
DE-518-1,Kelheim Fibers power station_T 7,Germany,gas,26,0.35,0.47,11.90421,48.90476,2014,2042,chp,operating,
DE-519-1,Kelheim Fibers power station_T 2,Germany,gas,3,0.35,0.47,11.90421,48.90476,1990,2042,chp,operating,
DE-520-1,Kelheim Fibers power station_T 4,Germany,gas,5,0.35,0.47,11.90421,48.90476,1952,2042,chp,operating,
DE-521-1,Merheim RheinEnergie power station_1,Germany,gas,31,0.35,0.47,7.05021,50.95606,2020,2042,chp,operating,
DE-522-1,Merkenich (Nord) power station_GuD,Germany,gas,108,0.55,0.35,6.9643,51.0178,2004,2042,chp,operating,
DE-523-1,Merkenich (Nord) power station_4,Germany,gas,16,0.35,0.47,6.9643,51.0178,2004,2042,chp,operating,
DE-524-1,Niehl power station_DT2,Germany,gas,147,0.35,0.47,6.988,50.9749,2005,2042,chp,operating,
DE-525-1,Niehl power station_GT2,Germany,gas,266,0.35,0.47,6.988,50.9749,2005,2042,chp,operating,
DE-526-1,Niehl power station_GuD3,Germany,gas,453,0.55,0.35,6.988,50.9749,2016,2042,chp,operating,
DE-527-1,Anlage Krefeld DT power station_1,Germany,gas,26,0.35,0.47,6.6642,51.3392,1964,2042,chp,operating,
DE-528-1,Anlage Krefeld DT power station_2,Germany,gas,14,0.35,0.47,6.6642,51.3392,1996,2042,chp,operating,
DE-529-1,Chempark Krefeld-Uerdingen power station_NST 3,Germany,gas,32,0.35,0.47,6.6626,51.36816,1971,2042,chp,operating,
DE-530-1,Chempark Krefeld-Uerdingen power station_NST 4,Germany,gas,29,0.35,0.47,6.6626,51.36816,1967,2042,chp,operating,
DE-531-1,Chempark Krefeld-Uerdingen power station_VST4,Germany,gas,13,0.35,0.47,6.6626,51.36816,1967,2042,chp,operating,
DE-532-1,Leipzig Nord power station_GT 81,Germany,gas,63,0.5,0.35,12.3784,51.3512,1996,2042,chp,operating,
DE-533-1,Leipzig Nord power station_GT 82,Germany,gas,64,0.5,0.35,12.3784,51.3512,1996,2042,chp,operating,
DE-534-1,Leipzig Nord power station_8B,Germany,gas,25,0.35,0.47,12.3784,51.3512,2022,2042,chp,operating,
DE-535-1,Leipzig Nord power station_8C,Germany,gas,26,0.35,0.47,12.3784,51.3512,2022,2042,chp,operating,
DE-536-1,ILK power station_GT2,Germany,gas,37,0.5,0.35,12.0193,51.29976,1994,2042,chp,operating,
DE-537-1,Leuna power station_GT1,Germany,gas,37,0.5,0.35,12.0193,51.2998,1994,2042,chp,operating,
DE-538-1,Leuna power station_GT3,Germany,gas,38,0.5,0.35,12.0193,51.2998,1994,2042,chp,operating,
DE-539-1,Leuna power station_GT5,Germany,gas,55,0.35,0.47,12.0193,51.2998,2022,2042,chp,operating,
DE-540-1,Leverkusen power station_G19,Germany,gas,28,0.35,0.47,6.98645,51.01421,1971,2042,chp,operating,
DE-541-1,Leverkusen power station_G20,Germany,gas,25,0.45,0.35,6.98645,51.01421,1981,2042,chp,operating,
DE-542-1,Emsland power station_B,Germany,gas,359,0.45,0.35,7.30666,52.48188,1974,2042,chp,operating,
DE-543-1,Emsland power station_C,Germany,gas,359,0.45,0.35,7.30666,52.48188,1975,2042,chp,operating,
DE-544-1,Emsland power station_D DT,Germany,gas,340,0.35,0.47,7.30666,52.48188,2010,2042,chp,operating,
DE-545-1,Emsland power station_D GT 1,Germany,gas,294,0.55,0.35,7.30666,52.48188,2010,2042,chp,operating,
DE-546-1,Emsland power station_D GT 2,Germany,gas,294,0.55,0.35,7.30666,52.48188,2010,2042,chp,operating,
DE-547-1,Greifswald power station_1,Germany,gas,38,0.35,0.47,13.39513,54.07028,2013,2042,chp,operating,
DE-548-1,Ludwigshafen Mitte power station_DT10,Germany,gas,90,0.55,0.35,8.433,49.453,2005,2042,chp,operating,
DE-549-1,Ludwigshafen Mitte power station_GT 11,Germany,gas,204,0.55,0.35,8.433,49.453,2005,2042,chp,operating,
DE-550-1,Ludwigshafen Mitte power station_GT 12,Germany,gas,204,0.55,0.35,8.433,49.453,2005,2042,chp,operating,
DE-551-1,Ludwigshafen Sued power station_DT,Germany,gas,72,0.5,0.35,8.4316,49.5136,1997,2042,chp,operating,
DE-552-1,Ludwigshafen Sued power station_GT 1,Germany,gas,173,0.5,0.35,8.42777,49.49638,1997,2042,chp,operating,
DE-553-1,Ludwigshafen Sued power station_GT 2,Germany,gas,166,0.5,0.35,8.42777,49.49638,1997,2042,chp,operating,
DE-554-1,Mainz power station_3 DT 32,Germany,gas,140,0.35,0.47,8.2379,50.0264,2001,2042,chp,operating,
DE-555-1,Mainz power station_3 GT 31,Germany,gas,291,0.35,0.47,8.2379,50.0264,2001,2042,chp,operating,
DE-556-1,Mainz power station KW 5_51,Germany,gas,10,0.35,0.47,8.2379,50.0264,2020,2042,chp,operating,
DE-557-1,Mainz power station KW 5_5A,Germany,gas,10,0.35,0.47,8.2379,50.0264,2020,2042,chp,operating,
DE-558-1,Mainz power station KW 5_52,Germany,gas,10,0.35,0.47,8.2379,50.0264,2020,2042,chp,operating,
DE-559-1,Mainz power station KW 5_53,Germany,gas,10,0.35,0.47,8.2379,50.0264,2020,2042,chp,operating,
DE-560-1,Mainz power station KW 5_54,Germany,gas,10,0.35,0.47,8.2379,50.0264,2020,2042,chp,operating,
DE-561-1,Mainz power station KW 5_55,Germany,gas,10,0.35,0.47,8.2379,50.0264,2020,2042,chp,operating,
DE-562-1,Mainz power station KW 5_56,Germany,gas,10,0.35,0.47,8.2379,50.0264,2020,2042,chp,operating,
DE-563-1,Mainz power station KW 5_57,Germany,gas,10,0.35,0.47,8.2379,50.0264,2020,2042,chp,operating,
DE-564-1,Mainz power station KW 5_58,Germany,gas,10,0.35,0.47,8.2379,50.0264,2020,2042,chp,operating,
DE-565-1,Mainz power station KW 5_59,Germany,gas,10,0.35,0.47,8.2379,50.0264,2020,2042,chp,operating,
DE-566-1,Essity Operations Mannheim power station_DTS 2,Germany,gas,28,0.35,0.47,8.46874,49.52878,1969,2042,chp,operating,
DE-567-1,Essity Operations Mannheim power station_DTS 3,Germany,gas,17,0.35,0.47,8.46874,49.52878,2012,2042,chp,operating,
DE-568-1,Chemiepark Marl power station IV_GT411,Germany,gas,11,0.55,0.35,7.0969,51.6804,2016,2042,chp,operating,
DE-569-1,Chemiepark Marl power station IV_GT421,Germany,gas,47,0.55,0.35,7.0969,51.6804,2016,2042,chp,operating,
DE-570-1,Muenchen Sued power station_GUD 1 GT2,Germany,gas,98,0.45,0.35,11.556,48.114,1980,2042,chp,operating,
DE-571-1,Muenchen Sued power station_GUD 1 GT3,Germany,gas,98,0.45,0.35,11.556,48.114,1980,2042,chp,operating,
DE-572-1,Muenchen Sued power station_GUD 2 DT60,Germany,gas,128,0.55,0.35,11.556,48.114,2004,2042,chp,operating,
DE-573-1,Muenchen Sued power station_GUD 2 GT61,Germany,gas,145,0.55,0.35,11.556,48.114,2004,2042,chp,operating,
DE-574-1,Muenchen Sued power station_GUD 2 GT62,Germany,gas,145,0.55,0.35,11.556,48.114,2004,2042,chp,operating,
DE-575-1,SWM Freimann power station_GT 11,Germany,gas,51,0.35,0.47,11.59615,48.18775,2021,2042,chp,operating,
DE-576-1,SWM Freimann power station_GT 12,Germany,gas,51,0.35,0.47,11.59615,48.18775,2021,2042,chp,operating,
DE-577-1,Muenster Port power station_1,Germany,gas,35,0.55,0.35,7.6413,51.9501,2005,2042,chp,operating,
DE-578-1,Muenster Port power station_GT 1,Germany,gas,31,0.35,0.47,7.6413,51.9501,2005,2042,chp,operating,
DE-579-1,Muenster Port power station_GT 2,Germany,gas,31,0.35,0.47,7.6413,51.9501,2005,2042,chp,operating,
DE-580-1,Neubrandenburg power station_DT,Germany,gas,27,0.35,0.47,13.2951,53.5745,1997,2042,chp,operating,
DE-581-1,Neubrandenburg power station_GT 1,Germany,gas,24,0.5,0.35,13.2951,53.5745,1997,2042,chp,operating,
DE-582-1,Neubrandenburg power station_GT 2,Germany,gas,23,0.5,0.35,13.2951,53.5745,1997,2042,chp,operating,
DE-583-1,Franken 1 power station_DT 2,Germany,gas,387,0.35,0.47,11.0077,49.4208,1975,2042,chp,operating,
DE-584-1,Sandreuth power station_DT 1,Germany,gas,16,0.35,0.47,11.06288,49.43641,2010,2042,chp,operating,
DE-585-1,Sandreuth power station_DT 2,Germany,gas,40,0.35,0.47,11.06288,49.43641,1981,2042,chp,operating,
DE-586-1,Sandreuth power station_DT 3,Germany,gas,39,0.35,0.47,11.06288,49.43641,1981,2042,chp,operating,
DE-587-1,Sandreuth power station_GT 1,Germany,gas,53,0.55,0.35,11.06288,49.43641,2005,2042,chp,operating,
DE-588-1,Sandreuth power station_GT 2,Germany,gas,53,0.55,0.35,11.06288,49.43641,2005,2042,chp,operating,
DE-589-1,Oberhausen power station_1,Germany,gas,21,0.35,0.47,6.8616,51.47067,1971,2042,chp,operating,
DE-590-1,Oberhausen power station_2,Germany,gas,9,0.35,0.47,6.8616,51.47067,2021,2042,chp,operating,
DE-591-1,Pforzheim power station_1,Germany,gas,10,0.35,0.47,8.7245,48.8973,2021,2042,chp,operating,
DE-592-1,Pforzheim power station_2,Germany,gas,10,0.35,0.47,8.7245,48.8973,2021,2042,chp,operating,
DE-593-1,Pforzheim power station_3,Germany,gas,10,0.35,0.47,8.7245,48.8973,2021,2042,chp,operating,
DE-594-1,Pforzheim power station_4,Germany,gas,10,0.35,0.47,8.7245,48.8973,2021,2042,chp,operating,
DE-595-1,Pforzheim power station_5,Germany,gas,10,0.35,0.47,8.7245,48.8973,2021,2042,chp,operating,
DE-596-1,Philippsthal power station_GT4,Germany,gas,32,0.55,0.35,9.97098,50.84337,2012,2042,chp,operating,
DE-597-1,Philippsthal power station_DT1,Germany,gas,28,0.35,0.47,9.97098,50.84337,1967,2042,chp,operating,
DE-598-1,Philippsthal power station_DT2,Germany,gas,21,0.35,0.47,9.97098,50.84337,2017,2042,chp,operating,
DE-599-1,Philippsthal power station_DT4,Germany,gas,21,0.35,0.47,9.97098,50.84337,1962,2042,chp,operating,
DE-600-1,Philippsthal power station_GT1,Germany,gas,6,0.35,0.47,9.97098,50.84337,2017,2042,chp,operating,
DE-601-1,Philippsthal power station_GT2,Germany,gas,6,0.35,0.47,9.97098,50.84337,2017,2042,chp,operating,
DE-602-1,Philippsthal power station_GT3,Germany,gas,6,0.35,0.47,9.97098,50.84337,2006,2042,chp,operating,
DE-603-1,Plattling power station_DT,Germany,gas,40,0.55,0.35,12.87035,48.79826,2010,2042,chp,operating,
DE-604-1,Plattling power station_GT,Germany,gas,81,0.55,0.35,12.87035,48.79826,2010,2042,chp,operating,
DE-605-1,Potsdam-Sued power station_Block 1,Germany,gas,41,0.5,0.35,13.11208,52.36681,1996,2042,chp,operating,
DE-606-1,Potsdam-Sued power station_Block 2,Germany,gas,41,0.5,0.35,13.11208,52.36681,1996,2042,chp,operating,
DE-607-1,Solvay Rb power station_TA1,Germany,gas,54,0.5,0.35,6.57188,51.57084,1996,2042,chp,operating,
DE-608-1,Marienehe power station_Block 1,Germany,gas,36,0.5,0.35,12.0819,54.12545,1996,2042,chp,operating,
DE-609-1,Marienehe power station_Block 2,Germany,gas,36,0.5,0.35,12.0819,54.12545,1996,2042,chp,operating,
DE-610-1,Marienehe power station_Block 3,Germany,gas,36,0.5,0.35,12.0819,54.12545,1996,2042,chp,operating,
DE-611-1,Anlage Ruesselsheim power station_1,Germany,gas,113,0.5,0.35,8.39445,49.99545,1999,2042,chp,operating,
DE-612-1,Roemerbruecke power station_DT 3,Germany,gas,40,0.35,0.47,7.01539,49.224,2011,2042,chp,operating,
DE-613-1,Roemerbruecke power station_GuD,Germany,gas,34,0.35,0.47,7.01539,49.224,2005,2042,chp,operating,
DE-614-1,Roemerbruecke power station_Gasmotor,Germany,gas,53,0.35,0.47,6.97581,49.21185,2022,2042,chp,operating,
DE-615-1,Roemerbruecke power station_DT 2,Germany,gas,53,0.35,0.47,6.97581,49.21185,1988,2042,chp,operating,
DE-616-1,ZF SBR thermal power station_1,Germany,gas,39,0.55,0.35,6.97581,49.21185,2012,2042,chp,operating,
DE-617-1,UPM Schongau power station_DT,Germany,gas,30,0.35,0.47,10.90235,47.8081,2014,2042,chp,operating,
DE-618-1,UPM Schongau power station_GT,Germany,gas,44,0.35,0.47,10.90235,47.8081,2014,2042,chp,operating,
DE-619-1,UPM Schongau power station_2T1,Germany,gas,3,0.35,0.47,10.90235,47.8081,1979,2042,chp,operating,
DE-620-1,UPM Schongau power station_2T2,Germany,gas,6,0.35,0.47,10.90235,47.8081,1989,2042,chp,operating,
DE-621-1,BASF Schwarzheide power station_GT 1,Germany,gas,51,0.5,0.35,8.7388,53.12425,1994,2042,chp,operating,
DE-622-1,BASF Schwarzheide power station_GT 2,Germany,gas,41,0.5,0.35,8.7388,53.12425,1994,2042,chp,operating,
DE-623-1,BASF Schwarzheide power station_DT 1,Germany,gas,26,0.35,0.47,8.7388,53.12425,1994,2042,chp,operating,
DE-624-1,BASF Schwarzheide power station_DT 2,Germany,gas,12,0.35,0.47,8.7388,53.12425,1997,2042,chp,operating,
DE-625-1,Schwerin Sued power station_1,Germany,gas,23,0.5,0.35,11.39624,53.57686,1994,2042,chp,operating,
DE-626-1,Schwerin Sued power station_GT1,Germany,gas,25,0.55,0.35,11.39624,53.57686,2022,2042,chp,operating,
DE-627-1,Schwerin Sued power station_GT2,Germany,gas,25,0.55,0.35,11.39624,53.57686,2022,2042,chp,operating,
DE-628-1,Mercedes-Benz plant Sindelfingen power station_GT 1,Germany,gas,30,0.35,0.47,8.99127,48.70315,2013,2042,chp,operating,
DE-629-1,Mercedes-Benz plant Sindelfingen power station_T 1,Germany,gas,17,0.35,0.47,8.99127,48.70315,1963,2042,chp,operating,
DE-630-1,Mercedes-Benz plant Sindelfingen power station_T 2,Germany,gas,5,0.35,0.47,8.99127,48.70315,1971,2042,chp,operating,
DE-631-1,Mercedes-Benz plant Sindelfingen power station_T 3,Germany,gas,28,0.35,0.47,8.99127,48.70315,1971,2042,chp,operating,
DE-632-1,Mercedes-Benz plant Sindelfingen power station_T 4,Germany,gas,20,0.35,0.47,8.99127,48.70315,1981,2042,chp,operating,
DE-633-1,Stade power station_GT 1,Germany,gas,45,0.35,0.47,9.48307,53.63511,2014,2042,chp,operating,
DE-634-1,Stade power station_GT 2,Germany,gas,45,0.35,0.47,9.48307,53.63511,2014,2042,chp,operating,
DE-635-1,Stade power station_GT 3,Germany,gas,45,0.35,0.47,9.48307,53.63511,2014,2042,chp,operating,
DE-636-1,Stade power station_ST1,Germany,gas,14,0.35,0.47,9.48307,53.63511,1975,2042,chp,operating,
DE-637-1,Stade power station_ST2,Germany,gas,13,0.35,0.47,9.48307,53.63511,2014,2042,chp,operating,
DE-638-1,Stassfurt power station_1,Germany,gas,100,0.5,0.35,11.57286,51.86565,1997,2042,chp,operating,
DE-639-1,Basell Polyolefine power station_1,Germany,gas,52,0.5,0.35,6.96534,50.83285,1996,2042,chp,operating,
DE-640-1,Infraserv Wiesbaden power station_6,Germany,gas,22,0.35,0.47,8.24481,50.03364,2021,2042,chp,operating,
DE-641-1,Infraserv Wiesbaden power station_7,Germany,gas,22,0.35,0.47,8.24481,50.03364,2021,2042,chp,operating,
DE-642-1,Infraserv Wiesbaden power station_1,Germany,gas,7,0.35,0.47,8.24481,50.03364,1981,2042,chp,operating,
DE-643-1,Infraserv Wiesbaden power station_2,Germany,gas,4,0.35,0.47,8.24481,50.03364,1978,2042,chp,operating,
DE-644-1,Infraserv Wiesbaden power station_3,Germany,gas,11,0.35,0.47,8.24481,50.03364,1977,2042,chp,operating,
DE-645-1,Infraserv Wiesbaden power station_4,Germany,gas,12,0.35,0.47,8.24481,50.03364,1996,2042,chp,operating,
DE-646-1,Wolfsburg Sued power station_GT 31,Germany,gas,49,0.55,0.35,10.79592,52.41673,2021,2042,chp,operating,
DE-647-1,Wolfsburg Sued power station_GT 32,Germany,gas,49,0.55,0.35,10.79592,52.41673,2021,2042,chp,operating,
DE-648-1,Woerth thermal power station_1,Germany,gas,58,0.55,0.35,8.29983,49.07065,2007,2042,chp,operating,
DE-649-1,Barmen power station_DT 23,Germany,gas,29,0.35,0.47,7.2003,51.2689,2005,2042,chp,operating,
DE-650-1,Barmen power station_GT 11,Germany,gas,28,0.35,0.47,7.2003,51.2689,2005,2042,chp,operating,
DE-651-1,Barmen power station_GT 12,Germany,gas,28,0.35,0.47,7.2003,51.2689,2005,2042,chp,operating,
DE-652-1,Barmen power station_BHKW15,Germany,gas,3,0.35,0.47,7.2003,51.2689,2017,2042,chp,operating,
DE-653-1,Friedensbruecke power station_DT IV,Germany,gas,20,0.35,0.47,9.92389,49.80065,2021,2042,chp,operating,
DE-654-1,Friedensbruecke power station_GTI,Germany,gas,51,0.35,0.47,9.92314,49.80004,2005,2042,chp,operating,
DE-655-1,Friedensbruecke power station_GTII,Germany,gas,30,0.35,0.47,9.92314,49.80004,2009,2042,chp,operating,
DE-656-1,Friedensbruecke power station_TSII,Germany,gas,25,0.35,0.47,9.92314,49.80004,1993,2042,chp,operating,
DE-657-1,Friedensbruecke power station_TSIII,Germany,gas,23,0.35,0.47,9.92314,49.80004,1971,2042,chp,operating,
DE-658-1,Zielitz power station_DT 2,Germany,gas,30,0.35,0.47,11.6733,52.29973,2010,2042,chp,operating,
DE-659-1,Zielitz power station_DT1,Germany,gas,18,0.35,0.47,11.6733,52.29973,1980,2042,chp,operating,
DE-660-1,Zielitz power station_GT2,Germany,gas,6,0.55,0.35,11.6733,52.29973,2017,2042,chp,operating,
DE-661-1,Zielitz power station_AG,Germany,gas,5,0.35,0.47,11.6733,52.29973,1995,2042,chp,operating,
DE-662-1,Zielitz power station_GT1,Germany,gas,5,0.35,0.47,11.6733,52.29973,1995,2042,chp,operating,
DE-663-1,Zielitz power station_TR GT1,Germany,gas,6,0.35,0.47,11.6733,52.29973,2017,2042,chp,operating,
DE-664-1,Zielitz power station_TR GT2,Germany,gas,6,0.35,0.47,11.6733,52.29973,1997,2042,chp,operating,
DE-665-1,Zielitz power station_TR GT3,Germany,gas,2,0.35,0.47,11.6733,52.29973,2005,2042,chp,operating,
DE-666-1,Biblis power station_1,Germany,gas,34,0.35,0.47,8.40698,49.70921,2023,2042,chp,operating,
DE-667-1,Biblis power station_10,Germany,gas,34,0.35,0.47,8.40698,49.70921,2023,2042,chp,operating,
DE-668-1,Biblis power station_11,Germany,gas,34,0.35,0.47,8.40698,49.70921,2023,2042,chp,operating,
DE-669-1,Biblis power station_2,Germany,gas,34,0.35,0.47,8.40698,49.70921,2023,2042,chp,operating,
DE-670-1,Biblis power station_3,Germany,gas,34,0.35,0.47,8.40698,49.70921,2023,2042,chp,operating,
DE-671-1,Biblis power station_4,Germany,gas,34,0.35,0.47,8.40698,49.70921,2023,2042,chp,operating,
DE-672-1,Biblis power station_5,Germany,gas,34,0.35,0.47,8.40698,49.70921,2023,2042,chp,operating,
DE-673-1,Biblis power station_6,Germany,gas,34,0.35,0.47,8.40698,49.70921,2023,2042,chp,operating,
DE-674-1,Biblis power station_7,Germany,gas,34,0.35,0.47,8.40698,49.70921,2023,2042,chp,operating,
DE-675-1,Biblis power station_8,Germany,gas,34,0.35,0.47,8.40698,49.70921,2023,2042,chp,operating,
DE-676-1,Biblis power station_9,Germany,gas,34,0.35,0.47,8.40698,49.70921,2023,2042,chp,operating,
DE-677-1,BHKW Schwarzer Weg power station_1,Germany,gas,22,0.35,0.47,6.11389,50.79748,2023,2042,chp,operating,
DE-678-1,Aalen power station_CC,Germany,gas,77,0.55,0.35,10.1181,48.82111,2021,2042,chp,operating,
DE-679-1,Hastedt power station_CC1,Germany,gas,106,0.35,0.47,8.87324,53.05915,2023,2042,chp,operating,
DE-680-1,Cottbus CHP power station_1,Germany,gas,54,0.35,0.47,14.3454,51.76274,2022,2042,chp,operating,
DE-681-1,Cottbus CHP power station_DT,Germany,gas,45,0.35,0.47,14.3454,51.76274,1999,2042,chp,operating,
DE-682-1,Emsland Mill power station_GT,Germany,gas,59,0.55,0.35,7.36087,52.97805,2022,2042,chp,operating,
DE-683-1,Emsland Mill power station_CC,Germany,gas,23,0.35,0.47,7.36087,52.97805,2022,2042,chp,operating,
DE-684-1,Emsland Mill power station_ND,Germany,gas,4,0.35,0.47,7.36087,52.97805,2022,2042,chp,operating,
DE-685-1,Herne power station_6,Germany,gas,657,0.55,0.35,7.18889,51.55139,2022,2042,chp,operating,
DE-686-1,INEOS Köln power station_1,Germany,gas,30,0.35,0.47,6.84546,51.06794,2022,2042,chp,operating,
DE-687-1,Leipzig Süd power station_9A,Germany,gas,68,0.35,0.47,12.38424,51.29746,2022,2042,chp,operating,
DE-688-1,Leipzig Süd power station_9B,Germany,gas,68,0.35,0.47,12.38424,51.29746,2022,2042,chp,operating,
DE-689-1,Chemiepark Marl power station VI_DT610,Germany,gas,37,0.35,0.47,7.0969,51.6804,2022,2042,chp,operating,
DE-690-1,Chemiepark Marl power station VI_GT611,Germany,gas,54,0.55,0.35,7.0969,51.6804,2022,2042,chp,operating,
DE-691-1,Chemiepark Marl power station VI_DT620,Germany,gas,37,0.35,0.47,7.0969,51.6804,2022,2042,chp,operating,
DE-692-1,Chemiepark Marl power station VI_GT621,Germany,gas,54,0.55,0.35,7.0969,51.6804,2022,2042,chp,operating,
DE-693-1,Chemiepark Marl power station VII_DT710,Germany,gas,37,0.35,0.47,7.0969,51.6804,2022,2042,chp,operating,
DE-694-1,Chemiepark Marl power station VII_GT711,Germany,gas,54,0.55,0.35,7.0969,51.6804,2022,2042,chp,operating,
DE-695-1,Fernwärme Ulm power station_1,Germany,gas,21,0.35,0.47,9.96472,48.39655,2022,2042,chp,operating,
DE-696-1,Völklingen-Fenne power station_1,Germany,gas,3,0.35,0.47,6.88065,49.24937,2021,2042,chp,operating,
DE-697-1,Völklingen-Fenne power station_2,Germany,gas,3,0.35,0.47,6.88065,49.24937,2021,2042,chp,operating,
DE-698-1,Völklingen-Fenne power station_3,Germany,gas,3,0.35,0.47,6.88065,49.24937,2021,2042,chp,operating,
DE-699-1,Völklingen-Fenne power station_4,Germany,gas,3,0.35,0.47,6.88065,49.24937,2021,2042,chp,operating,
DE-700-1,Völklingen-Fenne power station_5,Germany,gas,3,0.35,0.47,6.88065,49.24937,2021,2042,chp,operating,
DE-701-1,Völklingen-Fenne power station_6,Germany,gas,3,0.35,0.47,6.88065,49.24937,2021,2042,chp,operating,
DE-702-1,Dresden-Reick power station_1,Germany,gas,12,0.35,0.47,13.78488,51.02462,2022,2042,chp,operating,
DE-703-1,Dresden-Reick power station_2,Germany,gas,12,0.35,0.47,13.78488,51.02462,2022,2042,chp,operating,
DE-704-1,Dresden-Reick power station_3,Germany,gas,12,0.35,0.47,13.78488,51.02462,2022,2042,chp,operating,
DE-705-1,Dresden-Reick power station_4,Germany,gas,12,0.35,0.47,13.78488,51.02462,2022,2042,chp,operating,
DE-706-1,Dresden-Reick power station_5,Germany,gas,12,0.35,0.47,13.78488,51.02462,2022,2042,chp,operating,
DE-707-1,Dresden-Reick power station_6,Germany,gas,12,0.35,0.47,13.78488,51.02462,2022,2042,chp,operating,
DE-708-1,Dresden-Reick power station_7,Germany,gas,12,0.35,0.47,13.78488,51.02462,2022,2042,chp,operating,
DE-709-1,Dresden-Reick power station_8,Germany,gas,12,0.35,0.47,13.78488,51.02462,2022,2042,chp,operating,
DE-710-1,Dresden-Reick power station_9,Germany,gas,2,0.35,0.47,13.78488,51.02462,2004,2042,chp,operating,
DE-711-1,Heilbronn power station_A,Germany,gas,750,0.55,0.35,9.20743,49.17528,2026,2042,chp,operating,
DE-712-1,Janschwalde power station_CC,Germany,gas,900,0.55,0.35,8.5313,50.09184,2029,2042,chp,operating,
DE-713-1,Lippendorf power station_CC,Germany,gas,900,0.55,0.35,12.37285,51.18454,2027,2042,chp,operating,
DE-714-1,München Nord power station_2,Germany,gas,365,0.35,0.47,11.6398,48.18117,2024,2035,chp,operating,
DE-715-1,Schwarze Pumpe power station_CC,Germany,gas,870,0.55,0.35,14.35349,51.53786,2028,2042,chp,operating,
DE-716-1,Stuttgart-Muenster power station_GT1,Germany,gas,124,0.35,0.47,9.21919,48.81384,2025,2042,chp,operating,
DE-717-1,Dradenau power station_CC1,Germany,gas,180,0.55,0.35,9.90661,53.52071,2025,2042,chp,operating,
DE-718-1,Wolfsburg West power station_GUD40,Germany,gas,95,0.55,0.35,10.76507,52.44154,2023,2042,chp,operating,
DE-719-1,Wolfsburg West power station_GUD50,Germany,gas,100,0.55,0.35,10.76507,52.44154,2023,2042,chp,operating,
DE-720-1,Frankfurt Oder power station_HKW FFO GM1,Germany,gas,10,0.35,0.47,14.53152,52.31822,2022,2042,chp,operating,
DE-721-1,Frankfurt Oder power station_HKW FFO GM2,Germany,gas,10,0.35,0.47,14.53152,52.31822,2022,2042,chp,operating,
DE-722-1,Frankfurt Oder power station_HKW FFO GM3,Germany,gas,10,0.35,0.47,14.53152,52.31822,2022,2042,chp,operating,
DE-723-1,Frankfurt Oder power station_HKW FFO GM4,Germany,gas,10,0.35,0.47,14.53152,52.31822,2022,2042,chp,operating,
DE-724-1,Frankfurt Oder power station_HKW FFO GM5,Germany,gas,10,0.35,0.47,14.53152,52.31822,2022,2042,chp,operating,
DE-725-1,Chemnitz-Nord_1,Germany,gas,13,0.35,0.47,12.92421,50.8326,2023,2042,chp,operating,
DE-726-1,Chemnitz-Nord_2,Germany,gas,13,0.35,0.47,12.92421,50.8326,2023,2042,chp,operating,
DE-727-1,Chemnitz-Nord_3,Germany,gas,13,0.35,0.47,12.92421,50.8326,2023,2042,chp,operating,
DE-728-1,Chemnitz-Nord_4,Germany,gas,13,0.35,0.47,12.92421,50.8326,2023,2042,chp,operating,
DE-729-1,Chemnitz-Nord_5,Germany,gas,13,0.35,0.47,12.92421,50.8326,2023,2042,chp,operating,
DE-730-1,Chemnitz-Nord_6,Germany,gas,13,0.35,0.47,12.92421,50.8326,2023,2042,chp,operating,
DE-731-1,Chemnitz-Nord_7,Germany,gas,13,0.35,0.47,12.92421,50.8326,2023,2042,chp,operating,
DE-732-1,Chemnitz-Sud_1,Germany,gas,13,0.35,0.47,12.92421,50.8326,2022,2042,chp,operating,
DE-733-1,Chemnitz-Sud_2,Germany,gas,13,0.35,0.47,12.92421,50.8326,2022,2042,chp,operating,
DE-734-1,Chemnitz-Sud_3,Germany,gas,13,0.35,0.47,12.92421,50.8326,2022,2042,chp,operating,
DE-735-1,Chemnitz-Sud_4,Germany,gas,13,0.35,0.47,12.92421,50.8326,2022,2042,chp,operating,
DE-736-1,Chemnitz-Sud_5,Germany,gas,13,0.35,0.47,12.92421,50.8326,2022,2042,chp,operating,
DE-737-1,ADM Hamburg cogeneration plant_DT,Germany,gas,2,0.35,0.47,9.94468,53.52024,2009,2042,chp,operating,
DE-738-1,ADM Hamburg cogeneration plant_GT1,Germany,gas,6,0.35,0.47,9.94468,53.52024,2013,2042,chp,operating,
DE-739-1,ADM Hamburg cogeneration plant_GT2,Germany,gas,6,0.35,0.47,9.94468,53.52024,2013,2042,chp,operating,
DE-740-1,ADM Hamburg cogeneration plant_GT3,Germany,gas,5,0.35,0.47,9.94468,53.52024,2008,2042,chp,operating,
DE-741-1,ADM Hamburg cogeneration plant_GT4,Germany,gas,6,0.35,0.47,9.94468,53.52024,2013,2042,chp,operating,
DE-742-1,AOS GmbH power station_GT1,Germany,gas,15,0.35,0.47,9.502,53.6575,2012,2042,chp,operating,
DE-743-1,AOS GmbH power station_GT2,Germany,gas,15,0.35,0.47,9.502,53.6575,2012,2042,chp,operating,
DE-744-1,Bad Salzungen power station_1,Germany,gas,10,0.35,0.47,10.2211,50.80041,2018,2042,chp,operating,
DE-745-1,Bad Salzungen power station_2,Germany,gas,10,0.35,0.47,10.2211,50.80041,1993,2042,chp,operating,
DE-746-1,BarBy power station_1,Germany,gas,18,0.35,0.47,11.87792,51.98522,2013,2042,chp,operating,
DE-747-1,Bayer Berlin power station_1,Germany,gas,9,0.35,0.47,13.36879,52.54051,1973,2042,chp,operating,
DE-748-1,Bayer Berlin power station_2,Germany,gas,6,0.35,0.47,13.36879,52.54051,1973,2042,chp,operating,
DE-749-1,BMW Dingolfing power station_1,Germany,gas,4,0.35,0.47,12.47111,48.64948,2019,2042,chp,operating,
DE-750-1,BMW Dingolfing power station_2,Germany,gas,4,0.35,0.47,12.47111,48.64948,2014,2042,chp,operating,
DE-751-1,BMW Dingolfing power station_3,Germany,gas,4,0.35,0.47,12.47111,48.64948,2017,2042,chp,operating,
DE-752-1,BMW Dingolfing power station_4,Germany,gas,4,0.35,0.47,12.47111,48.64948,2017,2042,chp,operating,
DE-753-1,BMW Dingolfing power station_5,Germany,gas,4,0.35,0.47,12.47111,48.64948,2019,2042,chp,operating,
DE-754-1,BMW Dingolfing power station_6,Germany,gas,5,0.35,0.47,12.47111,48.64948,2019,2042,chp,operating,
DE-755-1,BMW Dingolfing power station_7,Germany,gas,5,0.35,0.47,12.47111,48.64948,2019,2042,chp,operating,
DE-756-1,BMW Landshut power station_4,Germany,gas,4,0.35,0.47,12.1495,48.55749,2018,2042,chp,operating,
DE-757-1,BMW Landshut power station_5,Germany,gas,4,0.35,0.47,12.1495,48.55749,2018,2042,chp,operating,
DE-758-1,BMW Landshut power station_6,Germany,gas,4,0.35,0.47,12.1495,48.55749,2018,2042,chp,operating,
DE-759-1,BMW Landshut power station_7,Germany,gas,4,0.35,0.47,12.1495,48.55749,2018,2042,chp,operating,
DE-760-1,BTB Berlin power station_GT1,Germany,gas,5,0.35,0.47,13.52782,52.42706,1996,2042,chp,operating,
DE-761-1,BTB Berlin power station_KWK1,Germany,gas,4,0.35,0.47,13.52782,52.42706,2023,2042,chp,operating,
DE-762-1,BTB Berlin power station_KWK2,Germany,gas,4,0.35,0.47,13.52782,52.42706,2023,2042,chp,operating,
DE-763-1,BTB Berlin power station_KWK3,Germany,gas,4,0.35,0.47,13.52782,52.42706,2023,2042,chp,operating,
DE-764-1,BTB Berlin power station_KWK4,Germany,gas,4,0.35,0.47,13.52782,52.42706,2023,2042,chp,operating,
DE-765-1,BTB Berlin power station_NEZ1,Germany,gas,2,0.35,0.47,13.52782,52.42706,2010,2042,chp,operating,
DE-766-1,BTB Berlin power station_NEZ2,Germany,gas,2,0.35,0.47,13.52782,52.42706,2010,2042,chp,operating,
DE-767-1,BTB Berlin power station_NEZ3,Germany,gas,2,0.35,0.47,13.52782,52.42706,2010,2042,chp,operating,
DE-768-1,BTB Berlin power station_NEZ4,Germany,gas,2,0.35,0.47,13.52782,52.42706,2010,2042,chp,operating,
DE-769-1,Cosun Beet Company power station_1,Germany,gas,15,0.35,0.47,13.70918,53.85452,1993,2042,chp,operating,
DE-770-1,Crespel & Deiters Ibbenbüren power station_GTS1,Germany,gas,1,0.35,0.47,7.70597,52.26498,1994,2042,chp,operating,
DE-771-1,Crespel & Deiters Ibbenbüren power station_GTS2,Germany,gas,1,0.35,0.47,7.70597,52.26498,1994,2042,chp,operating,
DE-772-1,Crespel & Deiters Ibbenbüren power station_GTS3,Germany,gas,5,0.35,0.47,7.70597,52.26498,2009,2042,chp,operating,
DE-773-1,Crespel & Deiters Ibbenbüren power station_GTS4,Germany,gas,2,0.35,0.47,7.70597,52.26498,2013,2042,chp,operating,
DE-774-1,Crespel & Deiters Ibbenbüren power station_GTS5,Germany,gas,7,0.35,0.47,7.70597,52.26498,2017,2042,chp,operating,
DE-775-1,Dresden-Wilschdorf power station_II-1,Germany,gas,4,0.35,0.47,13.71211,51.12628,2004,2042,chp,operating,
DE-776-1,Dresden-Wilschdorf power station_I-1,Germany,gas,4,0.35,0.47,13.71227,51.12768,1998,2042,chp,operating,
DE-777-1,Dresden-Wilschdorf power station_I-2,Germany,gas,4,0.35,0.47,13.71227,51.12768,1998,2042,chp,operating,
DE-778-1,Dresden-Wilschdorf power station_I-3,Germany,gas,4,0.35,0.47,13.71227,51.12768,1998,2042,chp,operating,
DE-779-1,Dresden-Wilschdorf power station_I-4,Germany,gas,4,0.35,0.47,13.71227,51.12768,1998,2042,chp,operating,
DE-780-1,Dresden-Wilschdorf power station_I-5,Germany,gas,4,0.35,0.47,13.71227,51.12768,1998,2042,chp,operating,
DE-781-1,Dresden-Wilschdorf power station_I-6,Germany,gas,4,0.35,0.47,13.71227,51.12768,1998,2042,chp,operating,
DE-782-1,Dresden-Wilschdorf power station_I-7,Germany,gas,4,0.35,0.47,13.71227,51.12768,1998,2042,chp,operating,
DE-783-1,Dresden-Wilschdorf power station_I-8,Germany,gas,4,0.35,0.47,13.71227,51.12768,1998,2042,chp,operating,
DE-784-1,Dresden-Wilschdorf power station_I-9,Germany,gas,4,0.35,0.47,13.71227,51.12768,1998,2042,chp,operating,
DE-785-1,Dresden-Wilschdorf power station_II-2,Germany,gas,4,0.35,0.47,13.71211,51.12628,2004,2042,chp,operating,
DE-786-1,Dresden-Wilschdorf power station_II-3,Germany,gas,4,0.35,0.47,13.71211,51.12628,2004,2042,chp,operating,
DE-787-1,Dresden-Wilschdorf power station_II-4,Germany,gas,4,0.35,0.47,13.71211,51.12628,2004,2042,chp,operating,
DE-788-1,Dresden-Wilschdorf power station_II-5,Germany,gas,4,0.35,0.47,13.71211,51.12628,2004,2042,chp,operating,
DE-789-1,Dresden-Wilschdorf power station_II-6,Germany,gas,4,0.35,0.47,13.71211,51.12628,2004,2042,chp,operating,
DE-790-1,Dresden-Wilschdorf power station_II-7,Germany,gas,4,0.35,0.47,13.71211,51.12628,2004,2042,chp,operating,
DE-791-1,Dresden-Wilschdorf power station_II-8,Germany,gas,4,0.35,0.47,13.71211,51.12628,2004,2042,chp,operating,
DE-792-1,Dresden-Wilschdorf power station_II-9,Germany,gas,4,0.35,0.47,13.71211,51.12628,2004,2042,chp,operating,
DE-793-1,Drewsen power station_GT,Germany,gas,9,0.5,0.35,10.24607,52.62545,2000,2042,chp,operating,
DE-794-1,Drewsen power station_DT,Germany,gas,7,0.5,0.35,10.24607,52.62545,2000,2042,chp,operating,
DE-795-1,Duisburg Mitte power station_1,Germany,gas,5,0.35,0.47,6.7542,51.42856,2023,2042,chp,operating,
DE-796-1,Duisburg Mitte power station_2,Germany,gas,5,0.35,0.47,6.7542,51.42856,2023,2042,chp,operating,
DE-797-1,Duisburg Mitte power station_3,Germany,gas,5,0.35,0.47,6.7542,51.42856,2023,2042,chp,operating,
DE-798-1,Duisburg Mitte power station_4,Germany,gas,5,0.35,0.47,6.7542,51.42856,2023,2042,chp,operating,
DE-799-1,Duisburg Mitte power station_5,Germany,gas,5,0.35,0.47,6.7542,51.42856,2023,2042,chp,operating,
DE-800-1,Duisburg Mitte power station_6,Germany,gas,5,0.35,0.47,6.7542,51.42856,2023,2042,chp,operating,
DE-801-1,Duisburg Mitte power station_7,Germany,gas,5,0.35,0.47,6.7542,51.42856,2023,2042,chp,operating,
DE-802-1,Dusseldorf Henkel power station_F03G1,Germany,gas,9,0.35,0.47,6.83705,51.17632,1963,2042,chp,operating,
DE-803-1,Dusseldorf Henkel power station_F03G2,Germany,gas,12,0.35,0.47,6.83705,51.17632,1965,2042,chp,operating,
DE-804-1,Dusseldorf Henkel power station_F03G3,Germany,gas,12,0.35,0.47,6.83705,51.17632,1965,2042,chp,operating,
DE-805-1,Dusseldorf Henkel power station_F18BHKW,Germany,gas,2,0.35,0.47,6.83705,51.17632,2016,2042,chp,operating,
DE-806-1,Dusseldorf Henkel power station_GT,Germany,gas,9,0.35,0.47,6.83705,51.17632,2012,2042,chp,operating,
DE-807-1,Dusseldorf Mercedes power station_1,Germany,gas,4,0.35,0.47,6.7876,51.25427,2012,2042,chp,operating,
DE-808-1,Dusseldorf Mercedes power station_2,Germany,gas,4,0.35,0.47,6.7876,51.25427,2012,2042,chp,operating,
DE-809-1,Dusseldorf Mercedes power station_3,Germany,gas,4,0.35,0.47,6.7876,51.25427,2012,2042,chp,operating,
DE-810-1,Dusseldorf Mercedes power station_4,Germany,gas,4,0.35,0.47,6.7876,51.25427,2012,2042,chp,operating,
DE-811-1,Dusseldorf Mercedes power station_5,Germany,gas,4,0.35,0.47,6.7876,51.25427,2014,2042,chp,operating,
DE-812-1,Energiezentrum Mohn Media power station_DT,Germany,gas,6,0.35,0.47,8.40884,51.90733,1994,2042,chp,operating,
DE-813-1,Energiezentrum Mohn Media power station_GM 1,Germany,gas,2,0.35,0.47,8.40884,51.90733,2017,2042,chp,operating,
DE-814-1,Energiezentrum Mohn Media power station_GM 2,Germany,gas,2,0.35,0.47,8.40884,51.90733,2017,2042,chp,operating,
DE-815-1,Energiezentrum Mohn Media power station_GT 1,Germany,gas,5,0.5,0.35,8.40884,51.90733,1994,2042,chp,operating,
DE-816-1,Energiezentrum Mohn Media power station_GT 2,Germany,gas,5,0.5,0.35,8.40884,51.90733,1994,2042,chp,operating,
DE-817-1,Energiezentrum Mohn Media power station_GT 3,Germany,gas,5,0.5,0.35,8.40884,51.90733,1994,2042,chp,operating,
DE-818-1,Evonik Rheinfelden_DT,Germany,gas,6,0.35,0.47,7.8052,47.56847,2006,2042,chp,operating,
DE-819-1,Evonik Rheinfelden_GT,Germany,gas,9,0.45,0.35,7.8052,47.56847,1979,2042,chp,operating,
DE-820-1,Felix Schoeller Sachsen power station_DT,Germany,gas,3,0.35,0.47,13.3935,50.86984,1976,2042,chp,operating,
DE-821-1,Felix Schoeller Sachsen power station_GT1,Germany,gas,4,0.35,0.47,13.3935,50.86984,1976,2042,chp,operating,
DE-822-1,Felix Schoeller Sachsen power station_GT2,Germany,gas,5,0.35,0.47,13.3935,50.86984,1976,2042,chp,operating,
DE-823-1,Felix Schoeller Sachsen power station_GT3,Germany,gas,3,0.35,0.47,13.3935,50.86984,1996,2042,chp,operating,
DE-824-1,Georg-August-Universität Göttingen power station_1,Germany,gas,19,0.35,0.47,9.93372,51.554,1998,2042,chp,operating,
DE-825-1,Gera-Lusan power station_1,Germany,gas,4,0.35,0.47,12.07878,50.84548,2018,2042,chp,operating,
DE-826-1,Gera-Lusan power station_2,Germany,gas,4,0.35,0.47,12.07878,50.84548,2018,2042,chp,operating,
DE-827-1,Gera-Lusan power station_3,Germany,gas,4,0.35,0.47,12.07878,50.84548,2018,2042,chp,operating,
DE-828-1,Gera-Lusan power station_4,Germany,gas,4,0.35,0.47,12.07878,50.84548,2018,2042,chp,operating,
DE-829-1,Gera-Tinz power station_1,Germany,gas,5,0.35,0.47,12.07453,50.8942,2018,2042,chp,operating,
DE-830-1,Gera-Tinz power station_2,Germany,gas,5,0.35,0.47,12.07453,50.8942,2018,2042,chp,operating,
DE-831-1,Gera-Tinz power station_3,Germany,gas,5,0.35,0.47,12.07453,50.8942,2018,2042,chp,operating,
DE-832-1,Gera-Tinz power station_4,Germany,gas,5,0.35,0.47,12.07453,50.8942,2018,2042,chp,operating,
DE-833-1,Gera-Tinz power station_5,Germany,gas,5,0.35,0.47,12.07453,50.8942,2018,2042,chp,operating,
DE-834-1,Gunvor Ingolstadt Refinery power station_1,Germany,gas,8,0.35,0.47,11.47331,48.78902,1964,2042,chp,operating,
DE-835-1,Gunvor Ingolstadt Refinery power station_2,Germany,gas,7,0.35,0.47,11.47331,48.78902,1964,2042,chp,operating,
DE-836-1,Gunvor Ingolstadt Refinery power station_3,Germany,gas,10,0.35,0.47,11.47331,48.78902,1964,2042,chp,operating,
DE-837-1,H&R chemicals power station_G5,Germany,gas,9,0.35,0.47,7.35241,52.31507,2016,2042,chp,operating,
DE-838-1,Heating power plant Humboldtstr._5,Germany,gas,5,0.35,0.47,10.12579,54.32739,2005,2042,chp,operating,
DE-839-1,Heating power plant Humboldtstr._6,Germany,gas,5,0.35,0.47,10.12579,54.32739,2005,2042,chp,operating,
DE-840-1,Heating power plant Humboldtstr._7,Germany,gas,5,0.35,0.47,10.12579,54.32739,2014,2042,chp,operating,
DE-841-1,Heating power plant Humboldtstr._8,Germany,gas,5,0.35,0.47,10.12579,54.32739,2014,2042,chp,operating,
DE-842-1,Heidenheim Voith power station_1,Germany,gas,4,0.35,0.47,10.15034,48.66917,2014,2042,chp,operating,
DE-843-1,Heidenheim Voith power station_2,Germany,gas,4,0.35,0.47,10.15034,48.66917,2014,2042,chp,operating,
DE-844-1,Heidenheim Voith power station_3,Germany,gas,4,0.35,0.47,10.15034,48.66917,2014,2042,chp,operating,
DE-845-1,Heidenheim Voith power station_4,Germany,gas,4,0.35,0.47,10.15034,48.66917,1999,2042,chp,operating,
DE-846-1,Heidenheim Voith power station_5,Germany,gas,4,0.35,0.47,10.15034,48.66917,2004,2042,chp,operating,
DE-847-1,Hillegossen power station_DT1,Germany,gas,9,0.55,0.35,8.61406,52.00032,2005,2042,chp,operating,
DE-848-1,Ineos Moers power station_TG7,Germany,gas,8,0.35,0.47,6.6436,51.4693,1974,2042,chp,operating,
DE-849-1,Ineos Moers power station_TG8,Germany,gas,12,0.35,0.47,6.6436,51.4693,1995,2042,chp,operating,
DE-850-1,Jass Werk Fulda power station_G20,Germany,gas,8,0.35,0.47,9.67944,50.56725,1982,2042,chp,operating,
DE-851-1,Jass Werk Fulda power station_G25,Germany,gas,14,0.35,0.47,9.67944,50.56725,1992,2042,chp,operating,
DE-852-1,Jass Werk Fulda power station_GT1,Germany,gas,7,0.35,0.47,9.67944,50.56725,2012,2042,chp,operating,
DE-853-1,Jass Werk Fulda power station_GT2,Germany,gas,7,0.35,0.47,9.67944,50.56725,2012,2042,chp,operating,
DE-854-1,Kiel power station_1,Germany,gas,10,0.35,0.47,10.17941,54.34144,2018,2042,chp,operating,
DE-855-1,Kiel power station_18,Germany,gas,10,0.35,0.47,10.17941,54.34144,2018,2042,chp,operating,
DE-856-1,Kiel power station_19,Germany,gas,10,0.35,0.47,10.17941,54.34144,2018,2042,chp,operating,
DE-857-1,Kiel power station_2,Germany,gas,10,0.35,0.47,10.17941,54.34144,2018,2042,chp,operating,
DE-858-1,Kiel power station_20,Germany,gas,10,0.35,0.47,10.17941,54.34144,2018,2042,chp,operating,
DE-859-1,Kiel power station_3,Germany,gas,10,0.35,0.47,10.17941,54.34144,2018,2042,chp,operating,
DE-860-1,Kiel power station_4,Germany,gas,10,0.35,0.47,10.17941,54.34144,2018,2042,chp,operating,
DE-861-1,Kiel power station_5,Germany,gas,10,0.35,0.47,10.17941,54.34144,2018,2042,chp,operating,
DE-862-1,Kiel power station_6,Germany,gas,10,0.35,0.47,10.17941,54.34144,2018,2042,chp,operating,
DE-863-1,Kiel power station_7,Germany,gas,10,0.35,0.47,10.17941,54.34144,2018,2042,chp,operating,
DE-864-1,Kiel power station_8,Germany,gas,10,0.35,0.47,10.17941,54.34144,2018,2042,chp,operating,
DE-865-1,Kiel power station_10,Germany,gas,10,0.35,0.47,10.17941,54.34144,2018,2042,chp,operating,
DE-866-1,Kiel power station_9,Germany,gas,10,0.35,0.47,10.17941,54.34144,2018,2042,chp,operating,
DE-867-1,Kiel power station_11,Germany,gas,10,0.35,0.47,10.17941,54.34144,2018,2042,chp,operating,
DE-868-1,Kiel power station_12,Germany,gas,10,0.35,0.47,10.17941,54.34144,2018,2042,chp,operating,
DE-869-1,Kiel power station_13,Germany,gas,10,0.35,0.47,10.17941,54.34144,2018,2042,chp,operating,
DE-870-1,Kiel power station_14,Germany,gas,10,0.35,0.47,10.17941,54.34144,2018,2042,chp,operating,
DE-871-1,Kiel power station_15,Germany,gas,10,0.35,0.47,10.17941,54.34144,2018,2042,chp,operating,
DE-872-1,Kiel power station_16,Germany,gas,10,0.35,0.47,10.17941,54.34144,2018,2042,chp,operating,
DE-873-1,Kiel power station_17,Germany,gas,10,0.35,0.47,10.17941,54.34144,2018,2042,chp,operating,
DE-874-1,Klein Wanzleben power station_DT,Germany,gas,14,0.35,0.47,11.38531,52.07009,1994,2042,chp,operating,
DE-875-1,Klein Wanzleben power station_GT1,Germany,gas,5,0.35,0.47,11.38531,52.07009,1994,2042,chp,operating,
DE-876-1,Klein Wanzleben power station_GT2,Germany,gas,6,0.35,0.47,11.38531,52.07009,2007,2042,chp,operating,
DE-877-1,Kronos Titan power station_1,Germany,gas,17,0.55,0.35,8.5476,53.52928,2013,2042,chp,operating,
DE-878-1,Leppersdorf power station_DT,Germany,gas,6,0.35,0.47,13.9776,51.1514,2014,2042,chp,operating,
DE-879-1,Leppersdorf power station_GT1,Germany,gas,15,0.35,0.47,13.9776,51.1514,2014,2042,chp,operating,
DE-880-1,Leppersdorf power station_GT2,Germany,gas,15,0.35,0.47,13.9776,51.1514,2014,2042,chp,operating,
DE-881-1,MM Neuss recycling_DT,Germany,gas,10,0.35,0.47,6.6978,51.22013,1971,2042,chp,operating,
DE-882-1,MM Neuss recycling_GT1,Germany,gas,5,0.35,0.47,6.6978,51.22013,1992,2042,chp,operating,
DE-883-1,MM Neuss recycling_GT2,Germany,gas,5,0.35,0.47,6.6978,51.22013,1992,2042,chp,operating,
DE-884-1,MM Neuss recycling_DT,Germany,gas,6,0.55,0.35,6.6978,51.22013,2025,2042,chp,operating,
DE-885-1,MM Neuss recycling_GT1,Germany,gas,17,0.55,0.35,6.6978,51.22013,2025,2042,chp,operating,
DE-886-1,MPE power station_GT2,Germany,gas,15,0.55,0.35,8.61406,52.00032,2021,2042,chp,operating,
DE-887-1,Nordzucker Hohenhameln power station_1,Germany,gas,18,0.35,0.47,10.03351,52.23278,2008,2042,chp,operating,
DE-888-1,Nordzucker Nordstemmen power station_1,Germany,gas,13,0.35,0.47,9.79165,52.17121,1988,2042,chp,operating,
DE-889-1,Nordzucker Nordstemmen power station_2,Germany,gas,13,0.35,0.47,9.79165,52.17121,1993,2042,chp,operating,
DE-890-1,OMV Refinery Burghausen power station_1,Germany,gas,8,0.35,0.47,12.8297,48.19341,1970,2042,chp,operating,
DE-891-1,OMV Refinery Burghausen power station_2,Germany,gas,8,0.35,0.47,12.8297,48.19341,1969,2042,chp,operating,
DE-892-1,Papier- Und Kartonfabrik Varel (PVK) power station_DT11,Germany,gas,4,0.35,0.47,8.1282,53.4032,1965,2042,chp,operating,
DE-893-1,Papier- Und Kartonfabrik Varel (PVK) power station_DT13,Germany,gas,7,0.35,0.47,8.1282,53.4032,1973,2042,chp,operating,
DE-894-1,Papier- Und Kartonfabrik Varel (PVK) power station_DT7,Germany,gas,12,0.35,0.47,8.1282,53.4032,2003,2042,chp,operating,
DE-895-1,Papier- Und Kartonfabrik Varel (PVK) power station_DT9,Germany,gas,13,0.35,0.47,8.1282,53.4032,2011,2042,chp,operating,
DE-896-1,Papier- Und Kartonfabrik Varel (PVK) power station_GT5,Germany,gas,5,0.45,0.35,8.1282,53.4032,1989,2042,chp,operating,
DE-897-1,Papier- Und Kartonfabrik Varel (PVK) power station_GT8a,Germany,gas,6,0.55,0.35,8.1282,53.4032,2007,2042,chp,operating,
DE-898-1,Papier- Und Kartonfabrik Varel (PVK) power station_GT8b,Germany,gas,6,0.55,0.35,8.1282,53.4032,2007,2042,chp,operating,
DE-899-1,Papier- Und Kartonfabrik Varel (PVK) power station_GT6,Germany,gas,8,0.55,0.35,8.1282,53.4032,2003,2042,chp,operating,
DE-900-1,Pfaffenwald power station_41,Germany,gas,5,0.45,0.35,9.11039,48.75037,1988,2042,chp,operating,
DE-901-1,Pfaffenwald power station_42,Germany,gas,5,0.45,0.35,9.11039,48.75037,1988,2042,chp,operating,
DE-902-1,Pfaffenwald power station_43,Germany,gas,2,0.35,0.47,9.11039,48.75037,1963,2042,chp,operating,
DE-903-1,Pfaffenwald power station_50,Germany,gas,11,0.35,0.47,9.11039,48.75037,1969,2042,chp,operating,
DE-904-1,Pfaffenwald power station_60,Germany,gas,12,0.35,0.47,9.11039,48.75037,1968,2042,chp,operating,
DE-905-1,Roehm power station_Generator 2,Germany,gas,12,0.35,0.47,8.36468,49.65442,1990,2042,chp,operating,
DE-906-1,Sasol Brunsbuttel power station_GT1,Germany,gas,5,0.35,0.47,9.16243,53.91448,1987,2042,chp,operating,
DE-907-1,Sasol Brunsbuttel power station_GT2,Germany,gas,5,0.35,0.47,9.16243,53.91448,1996,2042,chp,operating,
DE-908-1,Sasol Brunsbuttel power station_GT3,Germany,gas,7,0.35,0.47,9.16243,53.91448,2020,2042,chp,operating,
DE-909-1,Smurfit Kappa Herzberg power station_DT1,Germany,gas,3,0.35,0.47,10.35245,51.66168,1955,2042,chp,operating,
DE-910-1,Smurfit Kappa Herzberg power station_DT2,Germany,gas,6,0.35,0.47,10.35245,51.66168,1957,2042,chp,operating,
DE-911-1,Smurfit Kappa Herzberg power station_DT3,Germany,gas,14,0.35,0.47,10.35245,51.66168,1983,2042,chp,operating,
DE-912-1,Smurfit Kappa Hoya power station_DT2,Germany,gas,4,0.35,0.47,9.15505,52.80928,1996,2042,chp,operating,
DE-913-1,Smurfit Kappa Hoya power station_GT2,Germany,gas,7,0.35,0.47,9.15505,52.80928,2014,2042,chp,operating,
DE-914-1,Smurfit Kappa Hoya power station_GT1 CTX,Germany,gas,5,0.5,0.35,9.15505,52.80928,1996,2042,chp,operating,
DE-915-1,Smurfit Zulpich power station_DT06,Germany,gas,14,0.35,0.47,6.65124,50.70594,2010,2042,chp,operating,
DE-916-1,Smurfit Zulpich power station_GT1,Germany,gas,5,0.35,0.47,6.65124,50.70594,1996,2042,chp,operating,
DE-917-1,Smurfit Zulpich power station_GT2,Germany,gas,5,0.35,0.47,6.65124,50.70594,1996,2042,chp,operating,
DE-918-1,Smurfit Zulpich power station_GT3,Germany,gas,5,0.35,0.47,6.65124,50.70594,1997,2042,chp,operating,
DE-919-1,St. Wendel power station_GT1,Germany,gas,8,0.35,0.47,7.1489,49.46418,2014,2042,chp,operating,
DE-920-1,St. Wendel power station_GT2,Germany,gas,8,0.35,0.47,7.1489,49.46418,2014,2042,chp,operating,
DE-921-1,St. Wendel power station_GT3,Germany,gas,4,0.35,0.47,7.1489,49.46418,2017,2042,chp,operating,
DE-922-1,Steinitz power station_HKW1,Germany,gas,12,0.5,0.35,11.10421,52.82837,1994,2042,chp,operating,
DE-923-1,Steinitz power station_HKW2,Germany,gas,12,0.5,0.35,11.10421,52.82837,1994,2042,chp,operating,
DE-924-1,Stuttgart-Gaisburg power station_1,Germany,gas,10,0.35,0.47,9.22858,48.78465,2018,2042,chp,operating,
DE-925-1,Stuttgart-Gaisburg power station_2,Germany,gas,10,0.35,0.47,9.22858,48.78465,2018,2042,chp,operating,
DE-926-1,Stuttgart-Gaisburg power station_3,Germany,gas,10,0.35,0.47,9.22858,48.78465,2018,2042,chp,operating,
DE-927-1,Universitat Freiburg power station_BHKW 1,Germany,gas,2,0.35,0.47,7.83715,48.00885,2015,2042,chp,operating,
DE-928-1,Universitat Freiburg power station_DT1,Germany,gas,13,0.35,0.47,7.83715,48.00885,2012,2042,chp,operating,
DE-929-1,Universitat Freiburg power station_DT2,Germany,gas,8,0.35,0.47,7.83715,48.00885,1970,2042,chp,operating,
DE-930-1,Universitat Freiburg power station_GT1,Germany,gas,6,0.35,0.47,7.83715,48.00885,2001,2042,chp,operating,
DE-931-1,Unterbreizbach power station_DT1,Germany,gas,11,0.35,0.47,9.9775,50.8132,2002,2042,chp,operating,
DE-932-1,Unterbreizbach power station_DT3,Germany,gas,12,0.35,0.47,9.9775,50.8132,1964,2042,chp,operating,
DE-933-1,Unterbreizbach power station_GT1,Germany,gas,5,0.55,0.35,9.9775,50.8132,2016,2042,chp,operating,
DE-934-1,Unterbreizbach power station_GT2,Germany,gas,6,0.55,0.35,9.9775,50.8132,2017,2042,chp,operating,
DE-935-1,Volkswagen Sachsen power station_1,Germany,gas,13,0.35,0.47,12.48426,50.79391,2014,2042,chp,operating,
DE-936-1,Volkswagen Sachsen power station_2,Germany,gas,4,0.35,0.47,12.48426,50.79391,2017,2042,chp,operating,
DE-937-1,Berlin-Reuter-West power station_CHP1,Germany,gas,30,0.55,0.35,13.24453,52.5346,2026,2042,chp,operating,
DE-938-1,Smurfit Kappa Wrexen power station_GT1,Germany,gas,9,0.35,0.47,8.9794,51.50655,2024,2042,chp,operating,
DE-939-1,Smurfit Kappa Wrexen power station_GT2,Germany,gas,9,0.35,0.47,8.9794,51.50655,2024,2042,chp,operating,
DE-940-1,IQ Energy Center_,Germany,gas,61,0.35,0.47,8.59151,50.09045,2029,2042,chp,operating,
GR-941-1,Agios Nikolaos power station / Alouminion_CHP,Greece,gas,334,0.55,0.35,22.6883,38.3585,2008,2042,chp,operating,
GR-942-1,Agios Nikolaos power station_EXT,Greece,gas,826,0.55,0.35,22.6883,38.3585,2022,2042,chp,operating,
GR-943-1,Kardia power station_CHP,Greece,gas,105,0.55,0.35,21.78615,40.41063,2027,2042,chp,operating,
GR-944-1,Thiva Heron power station_2-1,Greece,gas,435,0.55,0.35,23.33051,38.27951,2010,2042,chp,operating,
GR-945-1,Korinthos Refinery power station_GT1-5,Greece,gas,85,0.45,0.35,23.0665,37.92084,1985,2042,chp,operating,
GR-946-1,Korinthos Refinery power station_GT-6,Greece,gas,57,0.5,0.35,23.0665,37.92084,2040,2042,chp,operating,
HU-947-1,Csepel power station_1,Hungary,gas,410,0.5,0.35,19.0525,47.428,2000,2042,chp,operating,
HU-948-1,Debrecen power station_1,Hungary,gas,95,0.5,0.35,21.62824,47.51682,2000,2042,chp,operating,
HU-949-1,Dunamenti power station_G14 & G15,Hungary,gas,297,0.5,0.35,18.9169,47.3283,1994,2042,chp,operating,
HU-950-1,ISD Power station_1,Hungary,gas,65,0.45,0.35,18.94378,46.94438,1951,2042,chp,operating,
HU-951-1,Kelenföldi Eromu power station_1,Hungary,gas,178,0.55,0.35,19.0563,47.4624,2006,2042,chp,operating,
HU-952-1,Kispesti Eromu power station_1,Hungary,gas,109,0.55,0.35,19.1673,47.4568,2004,2042,chp,operating,
HU-953-1,Matra power station_GT1,Hungary,gas,30,0.35,0.47,20.066,47.7886,2007,2042,chp,operating,
HU-954-1,Matra power station_GT2,Hungary,gas,30,0.35,0.47,20.066,47.7886,2007,2042,chp,operating,
HU-955-1,Miskolc Hold power station_1,Hungary,gas,64,0.55,0.35,20.74725,48.09488,2020,2042,chp,operating,
HU-956-1,North Buda power station_GT3,Hungary,gas,50,0.35,0.47,19.03784,47.56421,2007,2042,chp,operating,
HU-957-1,Nyíregyházi power station_1,Hungary,gas,47,0.55,0.35,21.699,47.957,2007,2042,chp,operating,
HU-958-1,Tatabánya power station_1,Hungary,gas,18,0.35,0.47,18.42878,47.55969,2004,2042,chp,operating,
HU-959-1,TVK Industrial power station_1,Hungary,gas,36,0.55,0.35,21.0236,47.9144,2005,2042,chp,operating,
HU-960-1,Újpesti power station_1,Hungary,gas,110,0.55,0.35,19.1023,47.554,2002,2042,chp,operating,
HU-961-1,Borsodchem power station_1,Hungary,gas,58,0.35,0.47,20.6476,48.2453,2001,2042,chp,operating,
IE-962-1,Sealrock power station_3,Ireland,gas,85,0.35,0.47,-9.0596,52.6324,2006,2042,chp,operating,
IE-963-1,Sealrock power station_4,Ireland,gas,85,0.35,0.47,-9.0596,52.6324,2006,2042,chp,operating,
IT-964-1,Ferrero cogeneration power station_1,Italy,gas,49,0.55,0.35,8.027,44.703,2006,2042,chp,operating,
IT-965-1,Atessa Fiat Sevel power station_1,Italy,gas,34,0.35,0.47,14.45917,42.14743,2008,2042,chp,operating,
IT-966-1,Augusta power station_1,Italy,gas,44,0.5,0.35,15.17781,37.22038,2025,2042,chp,operating,
IT-967-1,Avezzano Burgo power station_GT1,Italy,gas,27,0.35,0.47,13.43856,41.99558,1999,2042,chp,operating,
IT-968-1,Avezzano Burgo power station_GT2,Italy,gas,27,0.35,0.47,13.43856,41.99558,2000,2042,chp,operating,
IT-969-1,Avezzano Burgo power station_ST,Italy,gas,30,0.35,0.47,13.43856,41.99558,1999,2042,chp,operating,
IT-970-1,Lamarmora power station_TGR1,Italy,gas,31,0.35,0.47,10.21096,45.51598,1978,2042,chp,operating,
IT-971-1,Lamarmora power station_TGR2,Italy,gas,33,0.35,0.47,10.21096,45.51598,1981,2042,chp,operating,
IT-972-1,Lamarmora power station_TGR3,Italy,gas,75,0.35,0.47,10.21096,45.51598,1987,2042,chp,operating,
IT-973-1,Bussi power station_1,Italy,gas,122,0.5,0.35,13.8398,42.2002,1994,2042,chp,operating,
IT-974-1,Cassano D'Adda power station_2,Italy,gas,848,0.55,0.35,9.5098,45.5115,2006,2042,chp,operating,
IT-975-1,Cassano D'Adda power station_IC 1-6,Italy,gas,108,0.35,0.47,9.5098,45.5115,2024,2042,chp,operating,
IT-976-1,Cassano D'Adda power station_8,Italy,gas,900,0.5,0.35,9.5098,45.5115,2040,2042,chp,operating,
IT-977-1,Cassano Spinola power station_1,Italy,gas,50,0.35,0.47,8.85529,44.76046,2003,2042,chp,operating,
IT-978-1,La Casella power station_1,Italy,gas,397,0.55,0.35,9.4805,45.0904,2002,2040,chp,operating,
IT-979-1,Castelmassa power station_1,Italy,gas,53,0.5,0.35,11.31159,45.02131,1994,2042,chp,operating,
IT-980-1,Torrevaldaliga Sud power station_TV5,Italy,gas,760,0.55,0.35,11.7624,42.1241,2004,2042,chp,operating,
IT-981-1,Torrevaldaliga Sud power station_TV6,Italy,gas,380,0.55,0.35,11.7624,42.1241,2005,2042,chp,operating,
IT-982-1,Termica Colleferro power station_1,Italy,gas,44,0.55,0.35,12.97072,41.73533,2012,2042,chp,operating,
IT-983-1,Tenaris Dalmine power station_1,Italy,gas,120,0.55,0.35,9.60481,45.63919,2007,2042,chp,operating,
IT-984-1,Malpensa power station_1,Italy,gas,75,0.55,0.35,8.7135,45.62833,2008,2042,chp,operating,
IT-985-1,Ferrara Erbognone power station_CC1,Italy,gas,390,0.55,0.35,11.59439,44.86406,2004,2042,chp,operating,
IT-986-1,Ferrara Erbognone power station_CC2,Italy,gas,390,0.55,0.35,11.59439,44.86406,2004,2042,chp,operating,
IT-987-1,Lucca Paper Mill power station_1,Italy,gas,50,0.35,0.47,10.60194,43.82341,1998,2042,chp,operating,
IT-988-1,Lucca Paper Mill power station_2,Italy,gas,50,0.35,0.47,10.60194,43.82341,2015,2042,chp,operating,
IT-989-1,Lucca Paper Mill power station_3,Italy,gas,50,0.35,0.47,10.60194,43.82341,2020,2042,chp,operating,
IT-990-1,Genova Sampierdarena power station_1,Italy,gas,25,0.35,0.47,8.88469,44.42868,1990,2042,chp,operating,
IT-991-1,Hera Casalegno power station_1,Italy,gas,86,0.55,0.35,11.70129,44.36995,2009,2042,chp,operating,
IT-992-1,Leini power station_1,Italy,gas,390,0.55,0.35,7.7505,45.163,2007,2042,chp,operating,
IT-993-1,Mantova power station_2,Italy,gas,390,0.55,0.35,10.83491,45.15026,2005,2042,chp,operating,
IT-994-1,Mantova power station_3,Italy,gas,390,0.55,0.35,10.83491,45.15026,2005,2042,chp,operating,
IT-995-1,Santa Barbara power station_1,Italy,gas,396,0.55,0.35,11.4777,43.565,2006,2040,chp,operating,
IT-996-1,Moncalieri power station_2,Italy,gas,400,0.55,0.35,7.6755,44.993,2005,2042,chp,operating,
IT-997-1,Moncalieri power station_3,Italy,gas,390,0.55,0.35,7.6755,44.993,2009,2042,chp,operating,
IT-998-1,Novel power station_1,Italy,gas,100,0.55,0.35,8.6496,45.457,2004,2042,chp,operating,
IT-999-1,CTE Tamarete power station_1,Italy,gas,104,0.55,0.35,14.37755,42.32325,2013,2042,chp,operating,
IT-1000-1,Brindisi Nord power station_8,Italy,gas,381,0.55,0.35,18.0033,40.6293,2006,2042,chp,operating,
IT-1001-1,Brindisi Nord power station_9,Italy,gas,381,0.55,0.35,18.0033,40.6293,2006,2042,chp,operating,
IT-1002-1,Brindisi Nord power station_10,Italy,gas,381,0.55,0.35,18.0033,40.6293,2005,2042,chp,operating,
IT-1003-1,Piacenza power station_1,Italy,gas,841,0.55,0.35,9.7086,45.0543,2006,2042,chp,operating,
IT-1004-1,Cassino power station_CC1 & CC2,Italy,gas,100,0.5,0.35,13.75315,41.4764,1997,2042,chp,operating,
IT-1005-1,Porto Viro power station_1,Italy,gas,125,0.5,0.35,12.2408,45.0178,1995,2042,chp,operating,
IT-1006-1,Priolo Gargallo thermoelectric power station_1,Italy,gas,480,0.55,0.35,15.19632,37.17949,2010,2042,chp,operating,
IT-1007-1,NuCe Sud power station_1,Italy,gas,99,0.55,0.35,15.20911,37.12451,2005,2042,chp,operating,
IT-1008-1,Priolo Gargallo power station_1,Italy,gas,395,0.35,0.47,15.2159,37.14,2010,2040,chp,operating,
IT-1009-1,Priolo Gargallo power station_2,Italy,gas,395,0.35,0.47,15.2159,37.14,2010,2040,chp,operating,
IT-1010-1,Ravenna power station_1,Italy,gas,231,0.55,0.35,12.23618,44.44378,2003,2042,chp,operating,
IT-1011-1,Ravenna power station_2,Italy,gas,393,0.55,0.35,12.23618,44.44378,2003,2042,chp,operating,
IT-1012-1,Ravenna power station_2,Italy,gas,840,0.5,0.35,12.23618,44.44378,2040,2042,chp,operating,
IT-1013-1,Reggio Emilia New Energy Pole power station_CC,Italy,gas,63,0.55,0.35,10.56823,44.70173,2005,2042,chp,operating,
IT-1014-1,Reggio Emilia New Energy Pole power station_2,Italy,gas,19,0.35,0.47,10.56823,44.70173,2010,2042,chp,operating,
IT-1015-1,Rosignano power station_1,Italy,gas,325,0.55,0.35,10.44855,43.38134,2007,2042,chp,operating,
IT-1016-1,Rosignano power station_3,Italy,gas,180,0.55,0.35,10.44855,43.38134,2018,2042,chp,operating,
IT-1017-1,Bolgiano power station_1,Italy,gas,61,0.35,0.47,9.28332,45.41634,2015,2042,chp,operating,
IT-1018-1,Duino Mill power station_1,Italy,gas,120,0.55,0.35,13.583,45.793,2009,2042,chp,operating,
IT-1019-1,San Severo Enplus power station_1,Italy,gas,421,0.55,0.35,15.42256,41.6262,2011,2042,chp,operating,
IT-1020-1,Sora power station_1,Italy,gas,42,0.55,0.35,13.58373,41.7,2008,2042,chp,operating,
IT-1021-1,Spinetta Marengo power station_1,Italy,gas,29,0.5,0.35,8.65822,44.88607,1994,2042,chp,operating,
IT-1022-1,Livorno power station_6,Italy,gas,54,0.5,0.35,10.33809,43.584,1991,2042,chp,operating,
IT-1023-1,Livorno power station_7,Italy,gas,149,0.55,0.35,10.33809,43.584,2004,2042,chp,operating,
IT-1024-1,Taranto power station_TG5,Italy,gas,49,0.5,0.35,17.19712,40.49926,2025,2042,chp,operating,
IT-1025-1,Taranto power station_TG6,Italy,gas,54,0.5,0.35,17.19712,40.49926,2040,2042,chp,operating,
IT-1026-1,Teverola power station_1,Italy,gas,404,0.5,0.35,14.2286,41.00915,1997,2042,chp,operating,
IT-1027-1,Torino Mirafiori power station_CC,Italy,gas,207,0.5,0.35,7.63078,45.02666,1990,2042,chp,operating,
IT-1028-1,Torino Nord power station_1,Italy,gas,390,0.55,0.35,7.61308,45.10383,2011,2042,chp,operating,
IT-1029-1,Marghera Azotati power station_1,Italy,gas,237,0.5,0.35,12.2239,45.4511,1993,2042,chp,operating,
IT-1030-1,Vercelli power station_1,Italy,gas,40,0.35,0.47,8.41,45.297,2004,2042,chp,operating,
IT-1031-1,Verzuolo power station_1,Italy,gas,140,0.55,0.35,7.4858,44.5947,2002,2042,chp,operating,
IT-1032-1,Tolmezzo power station_1,Italy,gas,20,0.35,0.47,12.93857,46.40701,2022,2042,chp,operating,
IT-1033-1,Jesi power station_1,Italy,gas,145,0.55,0.35,13.285,43.5537,2002,2042,chp,operating,
IT-1034-1,Cassino CHP power station_IC,Italy,gas,33,0.35,0.47,13.83353,41.49024,2022,2042,chp,operating,
IT-1035-1,Castellanza CHP power station_IC,Italy,gas,65,0.35,0.47,8.89263,45.60491,2022,2042,chp,operating,
IT-1036-1,Fiumicio Airport power station_1-3,Italy,gas,28,0.35,0.47,12.2625,41.7995,2013,2042,chp,operating,
IT-1037-1,Gorizia CHP power station_IC,Italy,gas,65,0.35,0.47,13.61967,45.94017,2022,2042,chp,operating,
IT-1038-1,Melfi CHP power station_IC,Italy,gas,81,0.35,0.47,15.68567,41.07792,2022,2042,chp,operating,
IT-1039-1,Piombino CHP power station_IC,Italy,gas,49,0.35,0.47,10.53104,42.92928,2022,2042,chp,operating,
IT-1040-1,Piombino CHP power station_IC-2,Italy,gas,16,0.35,0.47,10.53104,42.92928,2024,2042,chp,operating,
IT-1041-1,Sannazzaro Refinery power station_1,Italy,gas,260,0.55,0.35,8.8777,45.1015,2006,2042,chp,operating,
IT-1042-1,Sulmona CHP power station_IC,Italy,gas,42,0.35,0.47,13.92676,42.04746,2022,2042,chp,operating,
IT-1043-1,Valbasento power station_IC1&2,Italy,gas,65,0.35,0.47,16.55728,40.42452,1999,2042,chp,operating,
IT-1044-1,Roselectra power station_1,Italy,gas,406,0.5,0.35,10.44855,43.38134,2025,2042,chp,operating,
IT-1045-1,Termoli CHP power station_IC,Italy,gas,72,0.35,0.47,15.0004,41.9369,2023,2042,chp,operating,
LV-1046-1,Imanta power station_1,Latvia,gas,48,0.55,0.35,24.03559,56.96269,2006,2042,chp,operating,
LV-1047-1,Riga CHPP-1 power station_1,Latvia,gas,158,0.55,0.35,24.1788,56.9904,2005,2042,chp,operating,
LV-1048-1,Riga CHPP-2 power station_1,Latvia,gas,441,0.55,0.35,24.2766,56.918,2009,2042,chp,operating,
LV-1049-1,Riga CHPP-2 power station_2,Latvia,gas,440,0.55,0.35,24.2766,56.918,2013,2042,chp,operating,
LT-1050-1,Elektrenai complex_TG-7,Lithuania,gas,300,0.35,0.47,24.6474,54.7701,1968,2042,chp,operating,
LT-1051-1,Elektrenai complex_TG-8,Lithuania,gas,300,0.35,0.47,24.6474,54.7701,1971,2042,chp,operating,
LT-1052-1,Elektrenai complex_TG-9,Lithuania,gas,445,0.55,0.35,24.6474,54.7701,2012,2042,chp,operating,
LT-1053-1,Achema power station_1,Lithuania,gas,21,0.35,0.47,24.3338,55.0837,2003,2042,chp,operating,
LT-1054-1,Achema power station_2,Lithuania,gas,47,0.35,0.47,24.3338,55.0837,2011,2042,chp,operating,
LT-1055-1,Paneve?ys power station_1,Lithuania,gas,38,0.55,0.35,24.38319,55.74682,2008,2042,chp,operating,
MD-1056-1,Chisinau Thermoelectric Plant 1_1,Moldova,gas,98,0.35,0.47,28.89369,47.02983,1976,2042,chp,operating,
MD-1057-1,Chisinau Thermoelectric Plant 1_2,Moldova,gas,80,0.35,0.47,28.89369,47.02983,1978,2042,chp,operating,
MD-1058-1,Chisinau Thermoelectric Plant 1_3,Moldova,gas,80,0.35,0.47,28.89369,47.02983,1980,2042,chp,operating,
NL-1059-1,Nobian Hengelo power station_1,Netherlands,gas,50,0.35,0.47,4.84284,51.70948,1993,2042,chp,operating,
NL-1060-1,Nobian Hengelo power station_2,Netherlands,gas,50,0.35,0.47,4.84284,51.70948,1994,2042,chp,operating,
NL-1061-1,Bergen op Zoom GE power station_1,Netherlands,gas,37,0.35,0.47,4.29167,51.495,1984,2042,chp,operating,
NL-1062-1,Bergen op Zoom GE power station_2,Netherlands,gas,40,0.35,0.47,4.29167,51.495,2025,2042,chp,operating,
NL-1063-1,Berkelcentrale power station_CC1,Netherlands,gas,72,0.5,0.35,6.53741,52.1207,1995,2042,chp,operating,
NL-1064-1,Botlek power station_1,Netherlands,gas,45,0.5,0.35,4.2545,51.88515,1994,2042,chp,operating,
NL-1065-1,Botlek Refinery power station_GT 3,Netherlands,gas,49,0.5,0.35,4.29573,51.87409,1991,2042,chp,operating,
NL-1066-1,Delesto power station_2,Netherlands,gas,343,0.5,0.35,6.9544,53.3185,1999,2042,chp,operating,
NL-1067-1,Den Haag power station_1,Netherlands,gas,107,0.45,0.35,4.29065,52.07659,1982,2042,chp,operating,
NL-1068-1,Diemen power station_33,Netherlands,gas,249,0.5,0.35,5.0213,52.3389,1995,2042,chp,operating,
NL-1069-1,Diemen power station_34,Netherlands,gas,435,0.55,0.35,5.0213,52.3389,2013,2042,chp,operating,
NL-1070-1,Dordrecht Dupont power station_GT 2,Netherlands,gas,29,0.35,0.47,4.72493,51.81533,1998,2042,chp,operating,
NL-1071-1,Ede power station_1,Netherlands,gas,50,0.5,0.35,5.65989,52.02328,1992,2042,chp,operating,
NL-1072-1,EEMS power station_EC3,Netherlands,gas,360,0.5,0.35,6.85605,53.44171,1995,2042,chp,operating,
NL-1073-1,EEMS power station_EC4,Netherlands,gas,360,0.5,0.35,6.85605,53.44171,1995,2042,chp,operating,
NL-1074-1,EEMS power station_EC5,Netherlands,gas,360,0.5,0.35,6.85605,53.44171,1995,2042,chp,operating,
NL-1075-1,Elsta power station_1,Netherlands,gas,460,0.5,0.35,3.7787,51.3331,1998,2042,chp,operating,
NL-1076-1,Emmtec Industry & Businesspark power station_1,Netherlands,gas,60,0.35,0.47,6.90474,52.77494,1982,2042,chp,operating,
NL-1077-1,Foxhol Plant power station_1,Netherlands,gas,20,0.5,0.35,6.71449,53.16981,1995,2042,chp,operating,
NL-1078-1,Gasselternijveen power station_1,Netherlands,gas,25,0.35,0.47,6.86755,52.98981,2025,2042,chp,operating,
NL-1079-1,Helmond power station_I,Netherlands,gas,24,0.45,0.35,5.58316,51.47371,1982,2042,chp,operating,
NL-1080-1,Helmond power station_II,Netherlands,gas,25,0.45,0.35,5.58316,51.47371,1987,2042,chp,operating,
NL-1081-1,Hemweg power station_9,Netherlands,gas,440,0.55,0.35,4.8465,52.4049,2012,2042,chp,operating,
NL-1082-1,Lage Weide 6 power station_1,Netherlands,gas,248,0.5,0.35,5.07139,52.10194,1995,2035,chp,operating,
NL-1083-1,Leiden power station_1,Netherlands,gas,85,0.45,0.35,4.4941,52.1641,1986,2042,chp,operating,
NL-1084-1,Rijnmond 2/MaasStroom power station_1,Netherlands,gas,426,0.55,0.35,4.352,51.8901,2010,2042,chp,operating,
NL-1085-1,Maastricht Mill power station_1,Netherlands,gas,22,0.35,0.47,5.69025,50.85798,2007,2042,chp,operating,
NL-1086-1,Maasvlakte Ucml power station_1,Netherlands,gas,70,0.55,0.35,4.0254,51.96,2003,2042,chp,operating,
NL-1087-1,Merwedekanaal power station_12,Netherlands,gas,224,0.45,0.35,5.0794,52.1017,1989,2030,chp,operating,
NL-1088-1,Moerdijk power station_2,Netherlands,gas,418,0.55,0.35,4.58094,51.68506,2012,2042,chp,operating,
NL-1089-1,Nam Schoonebeek power station_1,Netherlands,gas,128,0.55,0.35,6.89496,52.68087,2010,2042,chp,operating,
NL-1090-1,Pergen power station_CC,Netherlands,gas,308,0.55,0.35,4.37786,51.88191,2008,2042,chp,operating,
NL-1091-1,Pernis Refinery power station_GT 1,Netherlands,gas,48,0.35,0.47,4.3376,51.881,1981,2042,chp,operating,
NL-1092-1,Pernis Refinery power station_GT 2,Netherlands,gas,95,0.35,0.47,4.3376,51.881,1999,2042,chp,operating,
NL-1093-1,Rijnmond 1 power station_1,Netherlands,gas,810,0.55,0.35,4.35469,51.89017,2004,2026,chp,operating,
NL-1094-1,Rotterdam Capelle (RoCa) power station_GT1,Netherlands,gas,24,0.35,0.47,4.56155,51.95366,1982,2042,chp,operating,
NL-1095-1,Rotterdam Capelle (RoCa) power station_GT2,Netherlands,gas,24,0.35,0.47,4.56155,51.95366,1982,2042,chp,operating,
NL-1096-1,Rotterdam IRP power station_GT1,Netherlands,gas,24,0.35,0.47,4.0977,51.9608,1999,2042,chp,operating,
NL-1097-1,Sluiskil Works power station_1,Netherlands,gas,38,0.35,0.47,3.8012,51.29168,2005,2042,chp,operating,
NL-1098-1,Sluiskil Works power station_2,Netherlands,gas,30,0.35,0.47,3.8012,51.29168,2007,2042,chp,operating,
NL-1099-1,Ter Apelkanaal Siem power station_1,Netherlands,gas,40,0.5,0.35,7.04402,52.92145,1995,2042,chp,operating,
NL-1100-1,Velsen Mill power station_1,Netherlands,gas,20,0.35,0.47,4.6362,52.46573,1984,2042,chp,operating,
MK-1101-1,Bitola power station_4,North Macedonia,gas,300,0.55,0.35,21.48427,41.05832,2026,2042,chp,operating,
MK-1102-1,Skopje CHP power station_1,North Macedonia,gas,220,0.55,0.35,21.45283,41.99452,2012,2042,chp,operating,
MK-1103-1,Skopje power station_1,North Macedonia,gas,105,0.35,0.47,21.43656,41.99269,2040,2042,chp,operating,
PL-1104-1,Lagisza power station_NULL,Poland,gas,100,0.35,0.47,19.145,50.349,2030,2042,chp,operating,
PL-1105-1,Elblag power station_2,Poland,gas,30,0.55,0.35,19.389,54.182,2026,2042,chp,operating,
PL-1106-1,Gorzow power station_EC III,Poland,gas,138,0.55,0.35,15.26836,52.75075,2017,2042,chp,operating,
PL-1107-1,Gorzow power station_EC I,Poland,gas,75,0.45,0.35,15.26836,52.75075,1978,2042,chp,operating,
PL-1108-1,Lublin - Wrotkow power station_B1,Poland,gas,231,0.55,0.35,22.55846,51.21648,2002,2042,chp,operating,
PL-1109-1,Nowa Sarzyna power station_B1,Poland,gas,113,0.5,0.35,22.3245,50.3159,2000,2042,chp,operating,
PL-1110-1,Dolna Odra power station_B10,Poland,gas,683,0.55,0.35,14.466,53.206,2024,2042,chp,operating,
PL-1111-1,Dolna Odra power station_B9,Poland,gas,683,0.55,0.35,14.466,53.206,2024,2042,chp,operating,
PL-1112-1,Plock power station_B1,Poland,gas,630,0.55,0.35,19.69356,52.57794,2018,2042,chp,operating,
PL-1113-1,Polkowice Copper Works power station_1,Poland,gas,40,0.55,0.35,16.06144,51.4847,2014,2042,chp,operating,
PL-1114-1,Rzeszow power station_BGP,Poland,gas,101,0.55,0.35,22.02986,50.06492,2003,2042,chp,operating,
PL-1115-1,Rzeszow power station_BGS,Poland,gas,29,0.55,0.35,22.02986,50.06492,2014,2042,chp,operating,
PL-1116-1,Siechnice power station_2,Poland,gas,179,0.55,0.35,17.15,51.038,2025,2042,chp,operating,
PL-1117-1,Stalowa Wola power station_B12,Poland,gas,450,0.55,0.35,22.081,50.552,2020,2042,chp,operating,
PL-1118-1,Torun power station_B1,Poland,gas,54,0.35,0.47,18.69556,53.04636,2017,2042,chp,operating,
PL-1119-1,Torun power station_B2,Poland,gas,54,0.35,0.47,18.69556,53.04636,2017,2042,chp,operating,
PL-1120-1,Adamow power station_B6,Poland,gas,600,0.55,0.35,18.54621,52.01231,2027,2042,chp,operating,
PL-1121-1,Zeran power station_2,Poland,gas,496,0.55,0.35,20.994,52.294,2021,2042,chp,operating,
PL-1122-1,Zielona Góra power station_1,Poland,gas,198,0.55,0.35,15.49041,51.951,2004,2042,chp,operating,
PL-1123-1,Bydgoszcz power station_IC1-5,Poland,gas,56,0.35,0.47,18.0889,53.09918,2025,2042,chp,operating,
PL-1124-1,Siedlce power station_2,Poland,gas,36,0.55,0.35,22.3061,52.1572,2002,2042,chp,operating,
PL-1125-1,Synthos Dwory 7 power station_GT1,Poland,gas,72,0.55,0.35,19.27148,50.03933,2024,2042,chp,operating,
PL-1126-1,Gdynia power station_CHP1,Poland,gas,50,0.35,0.47,18.48079,54.55336,2026,2042,chp,operating,
PL-1127-1,Lodz 4 power station_CCGT,Poland,gas,350,0.55,0.35,19.54,51.75,2027,2042,chp,operating,
PL-1128-1,Siekierki power station_CCGT,Poland,gas,500,0.55,0.35,21.09,52.19,2030,2042,chp,operating,
PL-1129-1,Krakow-Leg power station_1,Poland,gas,50,0.35,0.47,20.00602,50.05402,2040,2042,chp,operating,
PL-1130-1,Krakow-Leg power station_2,Poland,gas,50,0.35,0.47,20.00602,50.05402,2040,2042,chp,operating,
PL-1131-1,Kalisz power station_1,Poland,gas,20,0.35,0.47,18.10736,51.73003,2025,2042,chp,operating,
PT-1132-1,Fisigen power station_GT1,Portugal,gas,24,0.35,0.47,-8.4151,40.8666,2010,2042,chp,operating,
PT-1133-1,Setubal Mill power station_CC,Portugal,gas,81,0.55,0.35,-8.5894,40.686,2009,2042,chp,operating,
PT-1134-1,Carrico Refinery power station_GT1,Portugal,gas,32,0.55,0.35,-8.85129,39.98321,2009,2042,chp,operating,
PT-1135-1,Indorama Sines power station_CC,Portugal,gas,41,0.5,0.35,-8.82143,37.98091,2025,2042,chp,operating,
PT-1136-1,Sines Polimeros power station_1,Portugal,gas,43,0.45,0.35,-8.8048,37.9583,1981,2042,chp,operating,
PT-1137-1,Viana Mill power station_CC1,Portugal,gas,40,0.55,0.35,-8.715,41.6998,2010,2042,chp,operating,
PT-1138-1,Viana Mill power station_GT1,Portugal,gas,31,0.35,0.47,-8.715,41.6998,2008,2042,chp,operating,
PT-1139-1,Sines Refinery power station_CC,Portugal,gas,91,0.35,0.47,-9.1754,38.7565,2009,2042,chp,operating,
RO-1140-1,Brazi power station_TA5,Romania,gas,105,0.35,0.47,26.00915,44.88306,1973,2042,chp,operating,
RO-1141-1,Brazi power station_TA6,Romania,gas,105,0.35,0.47,26.00915,44.88306,1973,2042,chp,operating,
RO-1142-1,Brazi power station_8,Romania,gas,26,0.35,0.47,26.00915,44.88306,2010,2042,chp,operating,
RO-1143-1,Bucharest Grozavesti power station_1,Romania,gas,50,0.35,0.47,26.06257,44.44028,1964,2042,chp,operating,
RO-1144-1,Bucharest Grozavesti power station_2,Romania,gas,50,0.35,0.47,26.06257,44.44028,1964,2042,chp,operating,
RO-1145-1,Bucharest Grozavesti power station_5,Romania,gas,63,0.55,0.35,26.06257,44.44028,2029,2042,chp,operating,
RO-1146-1,Bucharest Progresu power station_1,Romania,gas,50,0.45,0.35,26.10628,44.3717,1987,2042,chp,operating,
RO-1147-1,Bucharest Progresu power station_2,Romania,gas,50,0.45,0.35,26.10628,44.3717,1987,2042,chp,operating,
RO-1148-1,Bucharest Progresu power station_3,Romania,gas,50,0.45,0.35,26.10628,44.3717,1987,2042,chp,operating,
RO-1149-1,Bucharest Progresu power station_4,Romania,gas,50,0.45,0.35,26.10628,44.3717,1987,2042,chp,operating,
RO-1150-1,Bucharest Progresu power station_5,Romania,gas,100,0.55,0.35,26.10628,44.3717,2026,2042,chp,operating,
RO-1151-1,Bucharest-Sud power station_3,Romania,gas,100,0.35,0.47,25.979,44.4233,1966,2042,chp,operating,
RO-1152-1,Bucharest-Sud power station_4,Romania,gas,100,0.35,0.47,25.979,44.4233,1966,2042,chp,operating,
RO-1153-1,Bucharest-Sud power station_8,Romania,gas,617,0.55,0.35,25.979,44.4233,2029,2042,chp,operating,
RO-1154-1,Bucharest-Titan power station_GT1,Romania,gas,50,0.5,0.35,26.18081,44.43642,2040,2042,chp,operating,
RO-1155-1,Bucharest-Vest power station_2.1,Romania,gas,125,0.35,0.47,26.15565,44.40582,1976,2042,chp,operating,
RO-1156-1,Bucharest-Vest power station_2.2,Romania,gas,125,0.35,0.47,26.15565,44.40582,1976,2042,chp,operating,
RO-1157-1,Bucharest-Vest power station_3+4,Romania,gas,186,0.55,0.35,26.15565,44.40582,2009,2042,chp,operating,
RO-1158-1,Chimcomplex power station_2,Romania,gas,108,0.55,0.35,24.29776,45.03996,2024,2042,chp,operating,
RO-1159-1,Ciech Soda power station_1,Romania,gas,230,0.55,0.35,24.29198,45.03494,2024,2042,chp,operating,
RO-1160-1,Craiova II power station_4,Romania,gas,295,0.55,0.35,23.81418,44.3435,2026,2042,chp,operating,
RO-1161-1,Galati power station_TA4,Romania,gas,60,0.35,0.47,27.9814,45.436,1976,2042,chp,operating,
RO-1162-1,Galati power station_TA5,Romania,gas,105,0.35,0.47,27.9814,45.436,1983,2042,chp,operating,
RO-1163-1,Galati power station_TA6,Romania,gas,105,0.35,0.47,27.9814,45.436,1988,2042,chp,operating,
RO-1164-1,Govora power station_,Romania,gas,145,0.35,0.47,24.29,45.04,2027,2042,chp,operating,
RO-1165-1,Hefaistos power station_1,Romania,gas,500,0.5,0.35,24.77175,46.42147,2040,2042,chp,operating,
RO-1166-1,Iasi-1 power station_1,Romania,gas,25,0.35,0.47,27.6073,47.14977,1966,2042,chp,operating,
RO-1167-1,Mintia-Deva power station_CC,Romania,gas,1700,0.55,0.35,22.84748,45.9179,2026,2042,chp,operating,
RO-1168-1,Oradea power station_1,Romania,gas,46,0.35,0.47,21.89278,47.08417,2016,2042,chp,operating,
RO-1169-1,Oradea power station_2,Romania,gas,30,0.35,0.47,21.89278,47.08417,2025,2042,chp,operating,
RO-1170-1,Palas power station_GT,Romania,gas,97,0.55,0.35,28.60767,44.1585,2026,2042,chp,operating,
RO-1171-1,Petrom Brazi power station_GT1&2,Romania,gas,60,0.55,0.35,25.99896,44.88033,2001,2042,chp,operating,
RO-1172-1,Petromidia Refinery power station_CC1,Romania,gas,40,0.55,0.35,28.651,44.3431,2025,2042,chp,operating,
RO-1173-1,Petromidia Refinery power station_CC2,Romania,gas,40,0.55,0.35,28.651,44.3431,2025,2042,chp,operating,
RO-1174-1,Ploesti power station_ST4,Romania,gas,61,0.35,0.47,26.0862,44.9474,2011,2042,chp,operating,
RO-1175-1,Romag Termo power station_8,Romania,gas,150,0.5,0.35,22.686,44.67781,2040,2042,chp,operating,
RO-1176-1,CET Arad power station_1,Romania,gas,2,0.35,0.47,21.33531,46.22454,2025,2042,chp,operating,
RO-1177-1,CET Arad power station_10,Romania,gas,2,0.35,0.47,21.33531,46.22454,2025,2042,chp,operating,
RO-1178-1,CET Arad power station_11,Romania,gas,2,0.35,0.47,21.33531,46.22454,2025,2042,chp,operating,
RO-1179-1,CET Arad power station_12,Romania,gas,2,0.35,0.47,21.33531,46.22454,2025,2042,chp,operating,
RO-1180-1,CET Arad power station_13,Romania,gas,2,0.35,0.47,21.33531,46.22454,2025,2042,chp,operating,
RO-1181-1,CET Arad power station_14,Romania,gas,2,0.35,0.47,21.33531,46.22454,2025,2042,chp,operating,
RO-1182-1,CET Arad power station_2,Romania,gas,2,0.35,0.47,21.33531,46.22454,2025,2042,chp,operating,
RO-1183-1,CET Arad power station_3,Romania,gas,2,0.35,0.47,21.33531,46.22454,2025,2042,chp,operating,
RO-1184-1,CET Arad power station_4,Romania,gas,2,0.35,0.47,21.33531,46.22454,2025,2042,chp,operating,
RO-1185-1,CET Arad power station_5,Romania,gas,2,0.35,0.47,21.33531,46.22454,2025,2042,chp,operating,
RO-1186-1,CET Arad power station_6,Romania,gas,2,0.35,0.47,21.33531,46.22454,2025,2042,chp,operating,
RO-1187-1,CET Arad power station_7,Romania,gas,2,0.35,0.47,21.33531,46.22454,2025,2042,chp,operating,
RO-1188-1,CET Arad power station_8,Romania,gas,2,0.35,0.47,21.33531,46.22454,2025,2042,chp,operating,
RO-1189-1,CET Arad power station_9,Romania,gas,2,0.35,0.47,21.33531,46.22454,2025,2042,chp,operating,
RO-1190-1,CET Arad hydrocarbons_1,Romania,gas,10,0.35,0.47,21.3328,46.18267,2026,2042,chp,operating,
RO-1191-1,CET Arad hydrocarbons_2,Romania,gas,10,0.35,0.47,21.3328,46.18267,2026,2042,chp,operating,
RO-1192-1,CET Arad hydrocarbons_3,Romania,gas,10,0.35,0.47,21.3328,46.18267,2026,2042,chp,operating,
RS-1193-1,Novi Sad power station_1,Serbia,gas,165,0.35,0.47,19.88533,45.26797,1984,2042,chp,operating,
RS-1194-1,Novi Sad power station_2,Serbia,gas,120,0.35,0.47,19.88533,45.26797,1984,2042,chp,operating,
RS-1195-1,Pancevo power station_1,Serbia,gas,197,0.55,0.35,20.67989,44.83121,2022,2042,chp,operating,
RS-1196-1,Zrenjanin power station_1,Serbia,gas,120,0.35,0.47,20.41595,45.35717,1989,2042,chp,operating,
SK-1197-1,PPC Bratislava power station_2,Slovakia,gas,218,0.5,0.35,17.15395,48.17744,1998,2042,chp,operating,
SK-1198-1,Slovnaft Refinery power station_TG1,Slovakia,gas,29,0.35,0.47,17.1803,48.1199,1976,2042,chp,operating,
SK-1199-1,Slovnaft Refinery power station_TG2,Slovakia,gas,24,0.35,0.47,17.1803,48.1199,1976,2042,chp,operating,
SK-1200-1,Slovnaft Refinery power station_TG3,Slovakia,gas,25,0.35,0.47,17.1803,48.1199,1976,2042,chp,operating,
SK-1201-1,Slovnaft Refinery power station_TG4,Slovakia,gas,25,0.35,0.47,17.1803,48.1199,1976,2042,chp,operating,
SK-1202-1,Slovnaft Refinery power station_TG5,Slovakia,gas,60,0.35,0.47,17.1803,48.1199,2012,2042,chp,operating,
SK-1203-1,Levice power station_1,Slovakia,gas,86,0.55,0.35,18.597,48.2022,2007,2042,chp,operating,
SK-1204-1,Povazska Bystrica power station_1,Slovakia,gas,64,0.55,0.35,18.4246,49.1154,2009,2042,chp,operating,
SK-1205-1,Malzenice power station_1,Slovakia,gas,436,0.55,0.35,17.6978,48.4296,2010,2042,chp,operating,
SI-1206-1,Te-Tol power station_1,Slovenia,gas,110,0.55,0.35,14.54513,46.05796,2025,2042,chp,operating,
SI-1207-1,Sostanj power station_PT 51,Slovenia,gas,42,0.35,0.47,15.0534,46.3723,2008,2042,chp,operating,
SI-1208-1,Sostanj power station_PT 52,Slovenia,gas,42,0.35,0.47,15.0534,46.3723,2008,2042,chp,operating,
ES-1209-1,Tarragona power station_1,Spain,gas,424,0.55,0.35,1.18055,41.11024,2004,2042,chp,operating,
ES-1210-1,Campo de Gibraltar power station_1,Spain,gas,393,0.55,0.35,-5.3933,36.1834,2004,2042,chp,operating,
ES-1211-1,Campo de Gibraltar power station_2,Spain,gas,388,0.55,0.35,-5.3933,36.1834,2004,2042,chp,operating,
ES-1212-1,Bahía de Bizkaia power station_1,Spain,gas,785,0.55,0.35,-3.09211,43.35904,2003,2042,chp,operating,
ES-1213-1,Álabe Villarrubia power station_1,Spain,gas,25,0.5,0.35,-3.36898,39.98555,1996,2042,chp,operating,
ES-1214-1,Barcelona Cartonboard power station_1,Spain,gas,46,0.5,0.35,1.9557,41.46418,1998,2042,chp,operating,
ES-1215-1,Bioetanol Galicia power station_1,Spain,gas,25,0.55,0.35,-8.02332,43.15622,2003,2042,chp,operating,
ES-1216-1,Cartagena Refinery power station_1,Spain,gas,95,0.55,0.35,-1.09995,37.70435,2002,2042,chp,operating,
ES-1217-1,Castellon Refinery power station_1,Spain,gas,26,0.55,0.35,-0.0016,39.95913,2008,2042,chp,operating,
ES-1218-1,Duenas Mill power station_1,Spain,gas,50,0.55,0.35,-4.56014,41.83947,2010,2042,chp,operating,
ES-1219-1,Ecocarburantes Españoles power station_1,Spain,gas,22,0.5,0.35,-0.9233,37.5805,2025,2042,chp,operating,
ES-1220-1,Enercrisa power station_1,Spain,gas,20,0.55,0.35,-3.15084,42.48385,2009,2042,chp,operating,
ES-1221-1,Figuruelas power station_1,Spain,gas,21,0.5,0.35,-1.18021,41.75202,1994,2042,chp,operating,
ES-1222-1,Peninsular de Cogeneracion 1 power station_1,Spain,gas,39,0.55,0.35,-3.77064,40.26902,2001,2042,chp,operating,
ES-1223-1,Gemasa power station_1,Spain,gas,27,0.5,0.35,-6.90394,37.18408,1997,2042,chp,operating,
ES-1224-1,Hernani Mill power station_1,Spain,gas,50,0.55,0.35,-1.96777,43.25835,2008,2042,chp,operating,
ES-1225-1,Losan Pina power station_1,Spain,gas,23,0.55,0.35,-2.04026,39.99519,2003,2042,chp,operating,
ES-1226-1,Losan Talosa power station_1,Spain,gas,23,0.55,0.35,-2.51152,41.78313,2018,2042,chp,operating,
ES-1227-1,Martorell Seat power station_1,Spain,gas,23,0.55,0.35,1.90134,41.49612,2012,2042,chp,operating,
ES-1228-1,Michelin Aranda power station_1,Spain,gas,32,0.55,0.35,-3.71,41.66287,2002,2042,chp,operating,
ES-1229-1,Michelin Valladolid power station_1,Spain,gas,46,0.55,0.35,-4.71607,41.67526,2001,2042,chp,operating,
ES-1230-1,Motril Mill power station_1,Spain,gas,49,0.55,0.35,-3.5424,36.73162,2001,2042,chp,operating,
ES-1231-1,Navia (Prat) power station_1,Spain,gas,24,0.5,0.35,-6.69441,43.50544,1995,2042,chp,operating,
ES-1232-1,Michelin Vitoria power station_1,Spain,gas,47,0.55,0.35,-2.67174,42.86668,2001,2042,chp,operating,
ES-1233-1,Peninsular de Cogeneracion 2 power station_2,Spain,gas,31,0.55,0.35,-3.76811,40.27091,2010,2042,chp,operating,
ES-1234-1,Pobla De Claramunt power station_1,Spain,gas,33,0.55,0.35,1.68554,41.55193,2008,2042,chp,operating,
ES-1235-1,Refineria La Rabida power station_II,Spain,gas,49,0.55,0.35,-6.90083,37.18568,2010,2042,chp,operating,
ES-1236-1,Refineria La Rabida power station_I,Spain,gas,50,0.35,0.47,-6.90083,37.18568,1990,2042,chp,operating,
ES-1237-1,Repsol Cartagena Refinery power station_CHP1,Spain,gas,42,0.5,0.35,-0.92928,37.57512,2025,2042,chp,operating,
ES-1238-1,Repsol Cartagena Refinery power station_CHP2,Spain,gas,45,0.55,0.35,-0.92928,37.57512,2011,2042,chp,operating,
ES-1239-1,SAICA Mill Zaragoza power station_1,Spain,gas,50,0.55,0.35,-0.87044,41.67343,2006,2042,chp,operating,
ES-1240-1,SAICA Mill Zaragoza power station_2,Spain,gas,50,0.5,0.35,-0.87044,41.67343,2025,2042,chp,operating,
ES-1241-1,SAICA Mill Zaragoza power station_3,Spain,gas,50,0.55,0.35,-0.87044,41.67343,2006,2042,chp,operating,
ES-1242-1,Smurfit Mengíbar power station_1,Spain,gas,26,0.55,0.35,-3.79338,37.98124,2009,2042,chp,operating,
ES-1243-1,Solvay Torrelavega power station_1,Spain,gas,42,0.55,0.35,-4.04467,43.37658,2001,2042,chp,operating,
ES-1244-1,Zaragoza Mill power station_1,Spain,gas,43,0.55,0.35,-0.82553,41.69362,2011,2042,chp,operating,
ES-1245-1,Barranco de Tirajana power station_1,Spain,gas,80,0.35,0.47,-15.43588,27.80401,1995,2040,chp,operating,
ES-1246-1,Barranco de Tirajana power station_2,Spain,gas,80,0.35,0.47,-15.43588,27.80401,1996,2040,chp,operating,
ES-1247-1,Barranco de Tirajana power station_3,Spain,gas,38,0.35,0.47,-15.43588,27.80401,1992,2040,chp,operating,
ES-1248-1,Barranco de Tirajana power station_4,Spain,gas,38,0.35,0.47,-15.43588,27.80401,1995,2040,chp,operating,
ES-1249-1,Barranco de Tirajana power station_5,Spain,gas,226,0.55,0.35,-15.43588,27.80401,2003,2040,chp,operating,
ES-1250-1,Barranco de Tirajana power station_6,Spain,gas,236,0.55,0.35,-15.43588,27.80401,2007,2040,chp,operating,
ES-1251-1,Cotesa power station_1,Spain,gas,38,0.5,0.35,-16.27808,28.45399,1994,2042,chp,operating,
ES-1252-1,Vila Ibiza power station_TG5,Spain,gas,25,0.35,0.47,1.42667,38.91214,2008,2040,chp,operating,
ES-1253-1,Vila Ibiza power station_TG6,Spain,gas,50,0.35,0.47,1.42667,38.91214,2009,2040,chp,operating,
ES-1254-1,Vila Ibiza power station_TG7,Spain,gas,50,0.35,0.47,1.42667,38.91214,2013,2040,chp,operating,
ES-1255-1,Villarrobledo power station_1,Spain,gas,18,0.5,0.35,-2.5909,39.2825,1995,2042,chp,operating,
ES-1256-1,San Roque Refinery power station_GEGSA I,Spain,gas,37,0.35,0.47,-5.38815,36.18879,2025,2042,chp,operating,
ES-1257-1,San Roque Refinery power station_GEGSA II,Spain,gas,37,0.35,0.47,-5.38815,36.18879,2025,2042,chp,operating,
ES-1258-1,San Roque Refinery power station_GETESA,Spain,gas,41,0.35,0.47,-5.38815,36.18879,2025,2042,chp,operating,
ES-1259-1,San Roque Refinery power station_LUBRISUR,Spain,gas,39,0.35,0.47,-5.38815,36.18879,2011,2042,chp,operating,
ES-1260-1,FINSA CELLA power station_II,Spain,gas,25,0.5,0.35,-1.248,40.45676,1997,2042,chp,operating,
SE-1261-1,Rya Göteborg power station_1,Sweden,gas,250,0.55,0.35,11.8905,57.6924,2006,2042,chp,operating,
SE-1262-1,Lulea power station_1,Sweden,gas,100,0.45,0.35,22.21255,65.5768,1982,2042,chp,operating,
SE-1263-1,Öresund power station_1,Sweden,gas,448,0.55,0.35,13.0404,55.6261,2009,2042,chp,operating,
SE-1264-1,Göteborg power station_1,Sweden,gas,36,0.35,0.47,11.95464,57.70291,1954,2042,chp,operating,
TR-1265-1,Adana power station_1,Turkey,gas,131,0.55,0.35,35.20413,36.98815,2001,2042,chp,operating,
TR-1266-1,Aksa Akrilik power station_1,Turkey,gas,45,0.5,0.35,29.40495,40.68927,2025,2042,chp,operating,
TR-1267-1,Aliaga Alosbi power station_CC1,Turkey,gas,68,0.35,0.47,27.0644,38.8147,2007,2042,chp,operating,
TR-1268-1,Aliaga Alosbi power station_CC2,Turkey,gas,270,0.35,0.47,27.0644,38.8147,2007,2042,chp,operating,
TR-1269-1,Aliaga EUAS power station_CC,Turkey,gas,180,0.55,0.35,26.945,38.7987,2009,2042,chp,operating,
TR-1270-1,Aliaga Habas power station_1,Turkey,gas,240,0.55,0.35,26.94309,38.7422,2004,2042,chp,operating,
TR-1271-1,Aliaga Habas power station_CHP,Turkey,gas,54,0.35,0.47,26.94309,38.7422,2002,2042,chp,operating,
TR-1272-1,Bilecik power station_CC1,Turkey,gas,143,0.5,0.35,29.92227,40.00429,2025,2042,chp,operating,
TR-1273-1,Bilkent University power station_CC,Turkey,gas,37,0.5,0.35,32.7563,39.8666,1993,2042,chp,operating,
TR-1274-1,Cay power station_CC2,Turkey,gas,143,0.5,0.35,31.04345,38.59391,2025,2042,chp,operating,
TR-1275-1,Cine Ales power station_1,Turkey,gas,63,0.55,0.35,27.97479,37.63698,2012,2042,chp,operating,
TR-1276-1,Esenyurt power station_1,Turkey,gas,180,0.5,0.35,28.66815,41.06515,1999,2042,chp,operating,
TR-1277-1,Gediz power station_CC,Turkey,gas,57,0.55,0.35,29.3653,38.9652,2013,2042,chp,operating,
TR-1278-1,Izmir Cement Factory power station_CC,Turkey,gas,45,0.55,0.35,27.2169,38.4267,2011,2042,chp,operating,
TR-1279-1,Izmir Refinery power station_GT1,Turkey,gas,56,0.35,0.47,29.7624,40.7633,2007,2042,chp,operating,
TR-1280-1,Izmir Refinery power station_GT2,Turkey,gas,26,0.35,0.47,29.7624,40.7633,2011,2042,chp,operating,
TR-1281-1,Izmit Refinery power station_CC,Turkey,gas,120,0.55,0.35,29.7717,40.7477,2014,2042,chp,operating,
TR-1282-1,Izmit-Köseköy power station_1,Turkey,gas,157,0.55,0.35,29.94696,40.77305,2009,2042,chp,operating,
TR-1283-1,Karadeniz Eregli Zonguldak power station_1,Turkey,gas,191,0.5,0.35,31.42011,41.26147,1996,2042,chp,operating,
TR-1284-1,Kazan Soda Elektrik power station_1,Turkey,gas,380,0.55,0.35,32.50123,40.10489,2018,2042,chp,operating,
TR-1285-1,Kentsa power station_CC,Turkey,gas,40,0.5,0.35,29.9901,40.764,1997,2042,chp,operating,
TR-1286-1,Kirkgöz power station_1,Turkey,gas,33,0.35,0.47,27.6904,41.2362,2014,2042,chp,operating,
TR-1287-1,Kirkgöz power station_2,Turkey,gas,33,0.35,0.47,27.6904,41.2362,2014,2042,chp,operating,
TR-1288-1,Kirkgöz power station_3,Turkey,gas,34,0.35,0.47,27.6904,41.2362,2014,2042,chp,operating,
TR-1289-1,Luleburgaz Zorlu power station_1,Turkey,gas,133,0.55,0.35,27.58824,41.27752,2010,2042,chp,operating,
TR-1290-1,Manisa OSB cogeneration power station_1,Turkey,gas,140,0.35,0.47,27.34462,38.61689,2005,2042,chp,operating,
TR-1291-1,Marmara Pamuklu power station_IC1,Turkey,gas,44,0.35,0.47,27.8822,39.61671,2005,2042,chp,operating,
TR-1292-1,Marmara Pamuklu power station_IC2,Turkey,gas,26,0.35,0.47,27.8822,39.61671,2010,2042,chp,operating,
TR-1293-1,Mersin Camis power station_1,Turkey,gas,125,0.35,0.47,34.73496,36.81445,2006,2042,chp,operating,
TR-1294-1,Mersin Camis power station_2,Turkey,gas,125,0.35,0.47,34.73496,36.81445,2009,2042,chp,operating,
TR-1295-1,Mersin power station_CC,Turkey,gas,65,0.55,0.35,34.7549,36.8681,2011,2042,chp,operating,
TR-1296-1,Mersin Soda Sanayi power station_CC,Turkey,gas,135,0.35,0.47,34.70594,36.80902,2014,2042,chp,operating,
TR-1297-1,Pancar power station_IC1-4,Turkey,gas,40,0.35,0.47,27.2497,38.2132,2014,2042,chp,operating,
TR-1298-1,Petkim power station_1,Turkey,gas,226,0.35,0.47,26.92631,38.80447,2003,2042,chp,operating,
TR-1299-1,Sanliurfa OSB power station_1,Turkey,gas,147,0.55,0.35,38.652,37.1103,2011,2042,chp,operating,
TR-1300-1,Tekirdag CHP power station_CC,Turkey,gas,48,0.35,0.47,27.50542,41.00062,2010,2042,chp,operating,
TR-1301-1,Usak power station_IC1-4,Turkey,gas,35,0.35,0.47,29.4751,38.6267,1995,2042,chp,operating,
TR-1302-1,Yesilyurt power station_IC1-12,Turkey,gas,162,0.35,0.47,36.4416,41.2363,2013,2042,chp,operating,
TR-1303-1,Yesilyurt power station_IC13-17,Turkey,gas,72,0.35,0.47,36.4416,41.2363,2017,2042,chp,operating,
TR-1304-1,Çolakoglu-1 power station_GT1,Turkey,gas,123,0.35,0.47,29.53205,40.77743,2014,2042,chp,operating,
UA-1305-1,Severodonetsk CHP power station_14,Ukraine,gas,50,0.35,0.47,38.45316,48.93744,1966,2042,chp,operating,
UA-1306-1,Trypilska TPP power station_6,Ukraine,gas,300,0.35,0.47,30.74698,50.13417,1972,2042,chp,operating,
UA-1307-1,Trypilska TPP power station_5,Ukraine,gas,300,0.35,0.47,30.74698,50.13417,1971,2042,chp,operating,
UA-1308-1,Zaporizhzhia TPP power station_7,Ukraine,gas,800,0.35,0.47,34.62759,47.50716,1977,2042,chp,operating,
UA-1309-1,Zaporizhzhia TPP power station_5,Ukraine,gas,800,0.35,0.47,34.62759,47.50716,1975,2042,chp,operating,
UA-1310-1,Kyiv CHP-6 power station_1,Ukraine,gas,250,0.35,0.47,30.66231,50.5317,1982,2042,chp,operating,
UA-1311-1,Kyiv CHP-6 power station_2,Ukraine,gas,250,0.35,0.47,30.66231,50.5317,1984,2042,chp,operating,
UA-1312-1,Kyiv CHP-6 power station_3,Ukraine,gas,250,0.35,0.47,30.66231,50.5317,2030,2042,chp,operating,
UA-1313-1,Kharkiv CHP-5 power station_3,Ukraine,gas,300,0.35,0.47,36.10716,49.97037,1990,2042,chp,operating,
UA-1314-1,Kharkiv CHP-5 power station_2,Ukraine,gas,120,0.35,0.47,36.10716,49.97037,1980,2042,chp,operating,
UA-1315-1,Kharkiv CHP-5 power station_1,Ukraine,gas,120,0.35,0.47,36.10716,49.97037,1979,2042,chp,operating,
UA-1316-1,Saky CHP power station_1,Ukraine,gas,59,0.55,0.35,33.55345,45.13661,2018,2042,chp,operating,
UA-1317-1,Saki CHP power station_2,Ukraine,gas,59,0.55,0.35,33.55345,45.13661,2018,2042,chp,operating,
UA-1318-1,Simferopol CHP power station_2,Ukraine,gas,43,0.35,0.47,34.03587,45.01289,1960,2042,chp,operating,
UA-1319-1,Simferopol CHP power station_1,Ukraine,gas,43,0.35,0.47,34.03587,45.01289,1958,2042,chp,operating,
UA-1320-1,Kyiv CHP-5 power station_4,Ukraine,gas,250,0.35,0.47,30.56948,50.39317,1976,2042,chp,operating,
UA-1321-1,Kyiv CHP-5 power station_3,Ukraine,gas,250,0.35,0.47,30.56948,50.39317,1974,2042,chp,operating,
UA-1322-1,Kyiv CHP-5 power station_2,Ukraine,gas,100,0.35,0.47,30.56948,50.39317,1972,2042,chp,operating,
UA-1323-1,Kyiv CHP-5 power station_1,Ukraine,gas,100,0.35,0.47,30.56948,50.39317,1971,2042,chp,operating,
UA-1324-1,Izmail power station_1,Ukraine,gas,260,0.5,0.35,28.86315,45.35654,2040,2042,chp,operating,
UA-1325-1,Shostka CHP power station_2,Ukraine,gas,57,0.35,0.47,33.46031,51.88276,1962,2042,chp,operating,
UA-1326-1,Shostka CHP power station_1,Ukraine,gas,57,0.35,0.47,33.46031,51.88276,1962,2042,chp,operating,
UA-1327-1,Bila Tserkva CHP power station_2,Ukraine,gas,60,0.35,0.47,30.18326,49.79695,1972,2042,chp,operating,
UA-1328-1,Bila Tserkva CHP power station_1,Ukraine,gas,60,0.35,0.47,30.18326,49.79695,1971,2042,chp,operating,
UA-1329-1,Chernihiv power station_1,Ukraine,gas,60,0.35,0.47,31.26017,51.45496,1964,2042,chp,operating,
UA-1330-1,Chernihiv power station_2,Ukraine,gas,50,0.35,0.47,31.26017,51.45496,1964,2042,chp,operating,
UA-1331-1,Chernihiv power station_3,Ukraine,gas,110,0.35,0.47,31.26017,51.45496,1964,2042,chp,operating,
GB-1332-1,Blackburn Mill power station_1,United Kingdom,gas,60,0.55,0.35,-2.53718,53.71818,2002,2042,chp,operating,
GB-1333-1,Hythe power station_1,United Kingdom,gas,53,0.35,0.47,-1.3815,50.85044,2005,2042,chp,operating,
GB-1334-1,Saltend power station_1,United Kingdom,gas,400,0.5,0.35,-0.24315,53.73543,2000,2042,chp,operating,
GB-1335-1,Saltend power station_2,United Kingdom,gas,400,0.5,0.35,-0.24315,53.73543,2000,2042,chp,operating,
GB-1336-1,Saltend power station_3,United Kingdom,gas,400,0.5,0.35,-0.24315,53.73543,2000,2042,chp,operating,
GB-1337-1,Immingham power station_1,United Kingdom,gas,375,0.55,0.35,-0.23674,53.63779,2004,2042,chp,operating,
GB-1338-1,Immingham power station_2,United Kingdom,gas,375,0.55,0.35,-0.23674,53.63779,2004,2042,chp,operating,
GB-1339-1,Immingham power station_3,United Kingdom,gas,530,0.55,0.35,-0.23674,53.63779,2009,2042,chp,operating,
GB-1340-1,Grain power station_6,United Kingdom,gas,455,0.55,0.35,0.70782,51.44298,2011,2042,chp,operating,
GB-1341-1,Grain power station_7,United Kingdom,gas,455,0.55,0.35,0.70782,51.44298,2011,2042,chp,operating,
GB-1342-1,Grain power station_8,United Kingdom,gas,455,0.55,0.35,0.70782,51.44298,2011,2042,chp,operating,
GB-1343-1,Wilton International power station_10,United Kingdom,gas,120,0.35,0.47,-1.10256,54.58823,1952,2042,chp,operating,
GB-1344-1,Fellside CHP power station_1,United Kingdom,gas,155,0.5,0.35,-3.4883,54.4184,1995,2042,chp,operating,
GB-1345-1,Bury St Edmunds Sugar Factory power station_1,United Kingdom,gas,77,0.5,0.35,0.72592,52.25567,1999,2042,chp,operating,
GB-1346-1,Carrington power station_IC,United Kingdom,gas,41,0.35,0.47,-2.41014,53.43772,2024,2042,chp,operating,
GB-1347-1,Cheshire power station_1,United Kingdom,gas,40,0.35,0.47,-2.92411,53.30303,2000,2042,chp,operating,
GB-1348-1,Cheshire power station_2,United Kingdom,gas,20,0.35,0.47,-2.92411,53.30303,2025,2042,chp,operating,
GB-1349-1,Croydon power station_1,United Kingdom,gas,50,0.35,0.47,-0.11622,51.37651,1924,2042,chp,operating,
GB-1350-1,Derby power station_1,United Kingdom,gas,58,0.35,0.47,-1.46408,52.88406,2025,2042,chp,operating,
GB-1351-1,Fawley Refinery power station_1,United Kingdom,gas,125,0.35,0.47,-1.36966,50.83337,1985,2042,chp,operating,
GB-1352-1,Grangemouth power station_1,United Kingdom,gas,145,0.55,0.35,-3.69513,56.01099,2001,2042,chp,operating,
GB-1353-1,Grimsby power station_A,United Kingdom,gas,20,0.35,0.47,-0.10984,53.58281,2018,2042,chp,operating,
GB-1354-1,Grimsby power station_B,United Kingdom,gas,20,0.35,0.47,-0.10984,53.58281,2025,2042,chp,operating,
GB-1355-1,Kemsley Paper Mill power station_K4,United Kingdom,gas,73,0.55,0.35,0.75656,51.36412,2022,2042,chp,operating,
GB-1356-1,Lindsey refinery power station_1,United Kingdom,gas,38,0.35,0.47,-0.25782,53.64063,1997,2042,chp,operating,
GB-1357-1,Macclesfield Zenca power station_1,United Kingdom,gas,23,0.55,0.35,-2.11006,53.27546,2001,2042,chp,operating,
GB-1358-1,Palm mill power station_1,United Kingdom,gas,45,0.55,0.35,0.38553,52.73348,2018,2042,chp,operating,
GB-1359-1,Eggborough power station_CC1,United Kingdom,gas,850,0.55,0.35,-1.12526,53.71177,2026,2042,chp,operating,
GB-1360-1,Eggborough power station_CC2,United Kingdom,gas,850,0.55,0.35,-1.12526,53.71177,2026,2042,chp,operating,
GB-1361-1,Port Of Liverpool power station_1,United Kingdom,gas,30,0.35,0.47,-3.00832,53.45219,2004,2042,chp,operating,
GB-1362-1,Port Talbot Steelworks power station_1,United Kingdom,gas,30,0.35,0.47,-3.759,51.56789,2021,2042,chp,operating,
GB-1363-1,Redditch power station_IC,United Kingdom,gas,20,0.35,0.47,-1.9414,52.3053,2024,2042,chp,operating,
GB-1364-1,Saica Paper Mill power station_1,United Kingdom,gas,35,0.55,0.35,-2.41535,53.42598,2013,2042,chp,operating,
GB-1365-1,Seal Sands power station_1,United Kingdom,gas,55,0.5,0.35,-1.17,54.6102,1999,2042,chp,operating,
GB-1366-1,Smurfit Townsend Hook power station_1,United Kingdom,gas,53,0.55,0.35,0.45111,51.32877,2018,2042,chp,operating,
GB-1367-1,Thornhill power station_1,United Kingdom,gas,40,0.5,0.35,-1.65496,53.67706,1998,2042,chp,operating,
GB-1368-1,Valero Pembroke power station_1,United Kingdom,gas,45,0.35,0.47,-5.02917,51.68348,2021,2042,chp,operating,
GB-1369-1,Winnington Brunner power station_1,United Kingdom,gas,96,0.5,0.35,-2.53098,53.26702,2000,2042,chp,operating,
GB-1370-1,Wissington Sugar Factory power station_1,United Kingdom,gas,93,0.5,0.35,0.44864,52.55058,1999,2042,chp,operating,
GB-1371-1,Killingholme Low Carbon power station_1,United Kingdom,gas,470,0.55,0.35,-0.25559,53.65961,2030,2042,chp,operating,
