Name,Fueltype,Technology,Set,Country,Capacity,Efficiency,Duration,Volume_Mm3,DamHeight_m,StorageCapacity_MWh,DateIn,DateRetrofit,DateMothball,DateOut,lat,lon,EIC,projectID,Unnamed: 19,Unnamed: 20,Unnamed: 21,Unnamed: 22,Unnamed: 23,Unnamed: 24,Unnamed: 25
Maasvlakte 3,Hard Coal,coal,PP,NL,1196,0.4,,0,0,0,2016,,,2029,51.959,4.026,,,,,,,,,
Neurath F,Lignite,lignite,PP,DE,1100,0.4,,0,0,0,2012,,,2033,51.037,6.599,,,,,,,,,
Neurath G,Lignite,lignite,PP,DE,1100,0.4,,0,0,0,2012,,,2033,51.037,6.599,,,,,,,,,
Kozienice B11,Hard Coal,coal,PP,PL,1075,0.475,,0,0,0,2017,,,2042,51.665,21.467,,,,,,,,,
Niederaussem K,Lignite,lignite,PP,DE,1012,0.4,,0,0,0,2002,,,2033,50.971,6.667,,,,,,,,,
Jaworzno 3 B7,Hard Coal,coal,PP,PL,910,0.459,,0,0,0,2020,,,2035,50.208,19.21,,,,,,,,,
Opole B5,Hard Coal,coal,PP,PL,900,0.46,,0,0,0,2019,,,2041,50.752,17.882,,,,,,,,,
Opole B6,Hard Coal,coal,PP,PL,900,0.46,,0,0,0,2019,,,2042,50.752,17.882,,,,,,,,,
Maasvlakte New New,Hard Coal,coal,PP,NL,870,0.4,,0,0,0,2015,,,2029,51.944,4.072,,,,,,,,,
Eemshaven 1,Hard Coal,coal,PP,NL,870,0.4,,0,0,0,2015,,,2029,53.441,6.861,,,,,,,,,
Eemshaven 2,Hard Coal,coal,PP,NL,870,0.4,,0,0,0,2015,,,2029,53.441,6.861,,,,,,,,,
Belchatow II B14,Lignite,lignite,PP,PL,858,0.42,,0,0,0,2011,,,2036,51.266,19.315,,,,,,,,,
Wilhelmshaven New,Hard Coal,coal,PP,DE,795,0.4,,0,0,0,2015,,,2038,53.579,8.133,,,,,,,,,
Duisburg-Walsum 10,Hard Coal,coal,PP,DE,790,0.4,,0,0,0,2013,,,2038,51.526,6.72,,,,,,,,,
Bexbach,Hard Coal,coal,PP,DE,780,0.32,,0,0,0,1983,,,2031,49.365,7.236,,,,,,,,,
Zonguldak Eren III 1,Hard Coal,coal,PP,TR,761,0.4,,0,0,0,2016,,,2042,41.497,31.844,,,,,,,,,
Zavod 4 K5,Lignite,lignite,PP,CZ,25,0.32,,0,0,0,1970,,,2033,49.796,18.306,,,,,,,,,
Zavod 4 K6,Lignite,lignite,PP,CZ,25,0.32,,0,0,0,1970,,,2033,49.796,18.306,,,,,,,,,
Zavod 4 K7,Lignite,lignite,PP,CZ,25,0.32,,0,0,0,1970,,,2033,49.796,18.306,,,,,,,,,
Zavod 4 K8,Lignite,lignite,PP,CZ,25,0.32,,0,0,0,1970,,,2033,49.796,18.306,,,,,,,,,
Zavod 4 K9,Lignite,lignite,PP,CZ,18,0.32,,0,0,0,1970,,,2033,49.796,18.306,,,,,,,,,
Zavod 4 K10,Lignite,lignite,PP,CZ,18,0.32,,0,0,0,1970,,,2033,49.796,18.306,,,,,,,,,
Zavod 4 K11,Lignite,lignite,PP,CZ,19,0.32,,0,0,0,1970,,,2033,49.796,18.306,,,,,,,,,
Zonguldak Eren III 2,Hard Coal,coal,PP,TR,700,0.4,,0,0,0,2016,,,2042,41.497,31.844,,,,,,,,,
Niederaussem H,Lignite,lignite,PP,DE,687,0.32,,0,0,0,1974,,,2033,50.971,6.667,,,,,,,,,
Boxberg R,Lignite,lignite,PP,DE,675,0.4,,0,0,0,2012,,,2038,51.419,14.574,,,,,,,,,
Nikola Tesla B 2,Lignite,lignite,PP,RS,670,0.32,,0,0,0,1985,,,2042,44.671,20.158,,,,,,,,,
Zonguldak Eren II 1,Hard Coal,coal,PP,TR,668,0.4,,0,0,0,2010,,,2042,41.497,31.844,,,,,,,,,
Zonguldak Eren II 2,Hard Coal,coal,PP,TR,668,0.4,,0,0,0,2010,,,2042,41.497,31.844,,,,,,,,,
Brindisi Sud 1,Hard Coal,coal,PP,IT,660,0.36,,0,0,0,1991,,,2025,40.564,18.032,,,,,,,,,
Brindisi Sud 3,Hard Coal,coal,PP,IT,660,0.36,,0,0,0,1992,,,2025,40.564,18.032,,,,,,,,,
Brindisi Sud 4,Hard Coal,coal,PP,IT,660,0.36,,0,0,0,1993,,,2025,40.564,18.032,,,,,,,,,
Torrevaldaliga Nord 2,Hard Coal,coal,PP,IT,660,0.4,,0,0,0,2010,,,2025,42.128,11.758,,,,,,,,,
Torrevaldaliga Nord 3,Hard Coal,coal,PP,IT,660,0.4,,0,0,0,2010,,,2025,42.128,11.758,,,,,,,,,
Torrevaldaliga Nord 4,Hard Coal,coal,PP,IT,660,0.4,,0,0,0,2009,,,2025,42.128,11.758,,,,,,,,,
Isken Sugozu 1,Hard Coal,coal,PP,TR,660,0.4,,0,0,0,2003,,,,36.835,35.868,,,,,,,,,
Isken Sugozu 2,Hard Coal,coal,PP,TR,660,0.4,,0,0,0,2003,,,,36.835,35.868,,,,,,,,,
Cenal 1,Hard Coal,coal,PP,TR,660,0.4,,0,0,0,2017,,,,40.418,27.317,,,,,,,,,
Cenal 2,Hard Coal,coal,PP,TR,660,0.4,,0,0,0,2017,,,,40.418,27.317,,,,,,,,,
EMBA Hunutlu power station 1,Hard Coal,coal,PP,TR,660,0.4,,0,0,0,2022,,,,36.816,36.816,,,,,,,,,
EMBA Hunutlu power station 2,Hard Coal,coal,PP,TR,660,0.4,,0,0,0,2022,,,,36.816,36.816,,,,,,,,,
Atlas 1,Hard Coal,coal,PP,TR,652,0.4,,0,0,0,2014,,,,36.586,36.18,,,,,,,,,
Atlas 2,Hard Coal,coal,PP,TR,652,0.4,,0,0,0,2014,,,,36.586,36.18,,,,,,,,,
Emile-Huchet 6,Hard Coal,coal,PP,FR,647,0.32,,0,0,0,1981,,,2027,49.153,6.698,,,,,,,,,
Cordemais 4,Hard Coal,coal,PP,FR,630,0.32,,0,0,0,1983,,,,47.276,-1.878,,,,,,,,,
Cordemais 5,Hard Coal,coal,PP,FR,630,0.32,,0,0,0,1984,,,,47.276,-1.878,,,,,,,,,
Nikola Tesla B 1,Lignite,lignite,PP,RS,620,0.32,,0,0,0,1983,,,,44.671,20.158,,,,,,,,,
Meri-Pori 1,Hard Coal,coal,PP,FI,614,0.36,,0,0,0,1994,,,2026,61.632,21.405,,,,,,,,,
Leverkusen G 22,Hard Coal,coal,PP,DE,112,0.32,,0,0,0,1962,,,2030,51.022,6.986,,,,,,,,,
ICDAS Bekirli 1,Hard Coal,coal,PP,TR,608,0.4,,0,0,0,2011,,,2042,40.392,27.041,,,,,,,,,
ICDAS Bekirli 2,Hard Coal,coal,PP,TR,608,0.4,,0,0,0,2014,,,2041,40.392,27.041,,,,,,,,,
Krefeld-Uerdingen L 57,Hard Coal,coal,PP,DE,28,0.32,,0,0,0,1957,,,2030,51.368,6.662,,,,,,,,,
Krefeld-Uerdingen N 230,Hard Coal,coal,PP,DE,120,0.32,,0,0,0,1971,,,2030,51.368,6.662,,,,,,,,,
Fortuna Nord,Lignite,lignite,PP,DE,16,0.32,,0,0,0,1984,,,2030,50.987,6.658,,,,,,,,,
Ville/Berrenrath,Lignite,lignite,PP,DE,57,0.36,,0,0,0,1991,,,2030,50.867,6.836,,,,,,,,,
Los Barrios 1,Hard Coal,coal,PP,ES,589,0.32,,0,0,0,1985,,,2025,36.184,-5.418,,,,,,,,,
Kozienice B9,Hard Coal,coal,PP,PL,560,0.363,,0,0,0,1978,,,2041,51.665,21.467,,,,,,,,,
Kozienice B10,Hard Coal,coal,PP,PL,560,0.363,,0,0,0,1979,,,2042,51.665,21.467,,,,,,,,,
Abono GRII,Hard Coal,coal,PP,ES,556,0.32,,0,0,0,1985,,,2025,43.553,-5.724,,,,,,,,,
Patnow II,Lignite,lignite,PP,PL,474,0.4,,0,0,0,2008,,,2026,52.306,18.232,,,,,,,,,
Turow B7,Lignite,lignite,PP,PL,460,0.4,,0,0,0,2021,,,2041,50.949,14.913,,,,,,,,,
Orhaneli 1,Lignite,lignite,PP,TR,397,0.36,,0,0,0,1992,,,2041,39.953,28.852,,,,,,,,,
Belchatow B6,Lignite,lignite,PP,PL,394,0.38,,0,0,0,1985,,,2033,51.266,19.315,,,,,,,,,
Afsin Elbistan B 1,Lignite,lignite,PP,TR,391,0.4,,0,0,0,2006,,,2041,38.353,36.983,,,,,,,,,
Afsin Elbistan B 2,Lignite,lignite,PP,TR,391,0.4,,0,0,0,2006,,,2041,38.353,36.983,,,,,,,,,
Afsin Elbistan B 3,Lignite,lignite,PP,TR,391,0.4,,0,0,0,2006,,,2041,38.353,36.983,,,,,,,,,
Afsin Elbistan B 4,Lignite,lignite,PP,TR,391,0.4,,0,0,0,2006,,,2041,38.353,36.983,,,,,,,,,
Belchatow B7,Lignite,lignite,PP,PL,390,0.38,,0,0,0,1985,,,2033,51.266,19.315,,,,,,,,,
Belchatow B8,Lignite,lignite,PP,PL,390,0.38,,0,0,0,1986,,,2034,51.266,19.315,,,,,,,,,
Belchatow B11,Lignite,lignite,PP,PL,390,0.38,,0,0,0,1988,,,2035,51.266,19.315,,,,,,,,,
Opole B1,Hard Coal,coal,PP,PL,386,0.37,,0,0,0,1993,,,2041,50.752,17.882,,,,,,,,,
Opole B2,Hard Coal,coal,PP,PL,383,0.37,,0,0,0,1994,,,2041,50.752,17.882,,,,,,,,,
Opole B3,Hard Coal,coal,PP,PL,383,0.37,,0,0,0,1996,,,2041,50.752,17.882,,,,,,,,,
Belchatow B3,Lignite,lignite,PP,PL,380,0.38,,0,0,0,1983,,,2031,51.266,19.315,,,,,,,,,
Belchatow B4,Lignite,lignite,PP,PL,380,0.38,,0,0,0,1984,,,2032,51.266,19.315,,,,,,,,,
Belchatow B5,Lignite,lignite,PP,PL,380,0.38,,0,0,0,1984,,,2032,51.266,19.315,,,,,,,,,
Opole B4,Hard Coal,coal,PP,PL,380,0.37,,0,0,0,1997,,,2041,50.752,17.882,,,,,,,,,
Kostolac B 3,Lignite,lignite,PP,RS,380,0.4,,0,0,0,2024,,,2041,44.731,21.211,,,,,,,,,
Izdemir Enerji 1,Hard Coal,coal,PP,TR,380,0.4,,0,0,0,2014,,,2041,38.727,26.906,,,,,,,,,
Belchatow B9,Lignite,lignite,PP,PL,370,0.38,,0,0,0,1986,,,2034,51.266,19.315,,,,,,,,,
Belchatow B10,Lignite,lignite,PP,PL,370,0.38,,0,0,0,1987,,,2034,51.266,19.315,,,,,,,,,
Belchatow B12,Lignite,lignite,PP,PL,370,0.38,,0,0,0,1988,,,2035,51.266,19.315,,,,,,,,,
Afsin Elbistan A 1,Lignite,lignite,PP,TR,370,0.32,,0,0,0,1984,,,2041,38.353,36.983,,,,,,,,,
Afsin Elbistan A 2,Lignite,lignite,PP,TR,370,0.32,,0,0,0,1985,,,2041,38.353,36.983,,,,,,,,,
Afsin Elbistan A 3,Lignite,lignite,PP,TR,370,0.32,,0,0,0,1986,,,2041,38.353,36.983,,,,,,,,,
Afsin Elbistan A 4,Lignite,lignite,PP,TR,364,0.32,,0,0,0,1988,,,2041,38.353,36.983,,,,,,,,,
Abono GRI,Hard Coal,coal,PP,ES,360,0.32,,0,0,0,1974,,,2025,43.553,-5.724,,,,,,,,,
Belchatow B2,Lignite,lignite,PP,PL,358,0.38,,0,0,0,1983,,,2030,51.266,19.315,,,,,,,,,
Soto de Ribera III,Hard Coal,coal,PP,ES,350,0.32,,0,0,0,1984,,,2025,43.312,-5.873,,,,,,,,,
Sulcis 2,Hard Coal,coal,PP,IT,350,0.4,,0,0,0,2005,,,2028,39.224,8.432,,,,,,,,,
Kostolac B 1,Lignite,lignite,PP,RS,348,0.32,,0,0,0,1987,,,2041,44.731,21.211,,,,,,,,,
Kostolac B 2,Lignite,lignite,PP,RS,348,0.36,,0,0,0,1991,,,2041,44.731,21.211,,,,,,,,,
Nikola Tesla A 6,Lignite,lignite,PP,RS,348,0.32,,0,0,0,1979,,,2041,44.671,20.158,,,,,,,,,
Nikola Tesla A 5,Lignite,lignite,PP,RS,340,0.32,,0,0,0,1979,,,2041,44.671,20.158,,,,,,,,,
Kosovo B 1,Lignite,lignite,PP,XK,339,0.32,,0,0,0,1983,,,2041,42.693,21.056,,,,,,,,,
Kosovo B 2,Lignite,lignite,PP,XK,339,0.32,,0,0,0,1984,,,2041,42.693,21.056,,,,,,,,,
AES Galabovo 1,Lignite,lignite,PP,BG,335,0.4,,0,0,0,2011,,,2038,42.159,25.909,,,,,,,,,
AES Galabovo 2,Lignite,lignite,PP,BG,335,0.4,,0,0,0,2011,,,2038,42.159,25.909,,,,,,,,,
Rovinari 4,Lignite,lignite,PP,RO,330,0.32,,0,0,0,1976,,,2030,44.913,23.134,,,,,,,,,
Rovinari 5,Lignite,lignite,PP,RO,330,0.32,,0,0,0,1977,,,2030,44.913,23.134,,,,,,,,,
Rovinari 6,Lignite,lignite,PP,RO,330,0.32,,0,0,0,1979,,,2025,44.913,23.134,,,,,,,,,
Turceni 4,Lignite,lignite,PP,RO,330,0.32,,0,0,0,1981,,,2025,44.665,23.41,,,,,,,,,
Turceni 5,Lignite,lignite,PP,RO,330,0.32,,0,0,0,1983,,,2029,44.665,23.41,,,,,,,,,
Turceni 7,Lignite,lignite,PP,RO,330,0.32,,0,0,0,1987,,,2025,44.665,23.41,,,,,,,,,
?an-2 power station,Lignite,lignite,PP,TR,330,0.4,,0,0,0,2018,,,2041,40.024,26.958,,,,,,,,,
Nikola Tesla A 3,Lignite,lignite,PP,RS,329,0.32,,0,0,0,1976,,,2041,44.671,20.158,,,,,,,,,
Fiume Santo 3,Hard Coal,coal,PP,IT,320,0.36,,0,0,0,1992,,,2025,40.852,8.299,,,,,,,,,
Fiume Santo 4,Hard Coal,coal,PP,IT,320,0.36,,0,0,0,1993,,,2028,40.852,8.299,,,,,,,,,
Isalnita 7,Lignite,lignite,PP,RO,315,0.32,,0,0,0,1987,,,2025,44.386,23.717,,,,,,,,,
Kryvorizka 1,Hard Coal,coal,PP,UA,315,0.32,,0,0,0,1963,,,2041,47.543,33.66,,,,,,,,,
Nikola Tesla A 4,Lignite,lignite,PP,RS,308,0.32,,0,0,0,1978,,,2041,44.671,20.158,,,,,,,,,
Moneypoint 1,Hard Coal,coal,PP,IE,305,0.32,,0,0,0,1985,,,2025,52.608,-9.423,,,,,,,,,
Moneypoint 2,Hard Coal,coal,PP,IE,305,0.32,,0,0,0,1986,,,2025,52.608,-9.423,,,,,,,,,
Moneypoint 3,Hard Coal,coal,PP,IE,305,0.32,,0,0,0,1987,,,2025,52.608,-9.423,,,,,,,,,
Gacko,Lignite,lignite,PP,BA,300,0.32,,0,0,0,1983,,,2041,43.172,18.512,,,,,,,,,
Stanari,Lignite,lignite,PP,BA,300,0.4,,0,0,0,2016,,,2041,44.759,17.823,,,,,,,,,
Ugljevik,Lignite,lignite,PP,BA,300,0.32,,0,0,0,1985,,,2033,44.682,18.967,,,,,,,,,
Kryvorizka 10,Hard Coal,coal,PP,UA,300,0.32,,0,0,0,1972,,,2041,47.543,33.66,,,,,,,,,
Kryvorizka 3,Hard Coal,coal,PP,UA,300,0.32,,0,0,0,1965,,,2041,47.543,33.66,,,,,,,,,
Kryvorizka 4,Hard Coal,coal,PP,UA,300,0.32,,0,0,0,1966,,,2041,47.543,33.66,,,,,,,,,
Ladyzhyn 1,Hard Coal,coal,PP,UA,300,0.32,,0,0,0,1970,,,2041,48.706,29.219,,,,,,,,,
Ladyzhyn 2,Hard Coal,coal,PP,UA,300,0.32,,0,0,0,1971,,,2041,48.706,29.219,,,,,,,,,
Ladyzhyn 3,Hard Coal,coal,PP,UA,300,0.32,,0,0,0,1971,,,2041,48.706,29.219,,,,,,,,,
Kryvorizka 5,Hard Coal,coal,PP,UA,282,0.32,,0,0,0,1967,,,2041,47.543,33.66,,,,,,,,,
Turow B4,Lignite,lignite,PP,PL,261,0.32,,0,0,0,1963,,,2041,50.949,14.913,,,,,,,,,
Turow B5,Lignite,lignite,PP,PL,261,0.32,,0,0,0,1964,,,2041,50.949,14.913,,,,,,,,,
Turow B6,Lignite,lignite,PP,PL,261,0.32,,0,0,0,1964,,,2041,50.949,14.913,,,,,,,,,
Soma Kolin 1,Lignite,lignite,PP,TR,255,0.4,,0,0,0,2019,,,2041,39.231,27.718,,,,,,,,,
Soma Kolin 2,Lignite,lignite,PP,TR,255,0.4,,0,0,0,2019,,,2041,39.231,27.718,,,,,,,,,
Polaniec B2,Hard Coal,coal,PP,PL,242,0.377,,0,0,0,1980,,,2041,50.438,21.337,,,,,,,,,
Polaniec B3,Hard Coal,coal,PP,PL,242,0.377,,0,0,0,1980,,,2041,50.438,21.337,,,,,,,,,
Polaniec B4,Hard Coal,coal,PP,PL,242,0.377,,0,0,0,1981,,,2041,50.438,21.337,,,,,,,,,
Polaniec B5,Hard Coal,coal,PP,PL,242,0.356,,0,0,0,1982,,,2041,50.438,21.337,,,,,,,,,
Polaniec B6,Hard Coal,coal,PP,PL,242,0.377,,0,0,0,1982,,,2041,50.438,21.337,,,,,,,,,
Sulcis 3,Hard Coal,coal,PP,IT,240,0.32,,0,0,0,1986,,,2025,39.224,8.432,,,,,,,,,
Polaniec B7,Hard Coal,coal,PP,PL,239,0.377,,0,0,0,1983,,,2041,50.438,21.337,,,,,,,,,
Turow B1,Lignite,lignite,PP,PL,235,0.36,,0,0,0,1998,,,2041,50.949,14.913,,,,,,,,,
Turow B2,Lignite,lignite,PP,PL,235,0.36,,0,0,0,1998,,,2041,50.949,14.913,,,,,,,,,
Turow B3,Lignite,lignite,PP,PL,235,0.4,,0,0,0,2000,,,2041,50.949,14.913,,,,,,,,,
Maritsa East 2 unit 6,Lignite,lignite,PP,BG,232,0.32,,0,0,0,1985,,,2038,42.256,26.132,,,,,,,,,
Maritsa East 2 unit 7,Lignite,lignite,PP,BG,232,0.36,,0,0,0,1990,,,2038,42.256,26.132,,,,,,,,,
Maritsa East 2 unit 8,Lignite,lignite,PP,BG,232,0.36,,0,0,0,1995,,,2038,42.256,26.132,,,,,,,,,
Matra 4,Lignite,lignite,PP,HU,232,0.32,,0,0,0,1969,,,2027,47.79,20.064,,,,,,,,,
Matra 5,Lignite,lignite,PP,HU,232,0.32,,0,0,0,1969,,,2027,47.79,20.064,,,,,,,,,
Dolna Odra B7,Hard Coal,coal,PP,PL,232,0.32,,0,0,0,1976,,,2025,53.206,14.466,,,,,,,,,
Dolna Odra B8,Hard Coal,coal,PP,PL,232,0.32,,0,0,0,1977,,,2025,53.206,14.466,,,,,,,,,
Laziska B9,Hard Coal,coal,PP,PL,230,0.32,,0,0,0,1982,,,2041,50.134,18.847,,,,,,,,,
Kozienice B4,Hard Coal,coal,PP,PL,228,0.363,,0,0,0,1973,,,2025,51.665,21.467,,,,,,,,,
Kozienice B6,Hard Coal,coal,PP,PL,228,0.363,,0,0,0,1974,,,2027,51.665,21.467,,,,,,,,,
Kozienice B8,Hard Coal,coal,PP,PL,228,0.363,,0,0,0,1975,,,2027,51.665,21.467,,,,,,,,,
Kemerkoy 1,Lignite,lignite,PP,TR,228,0.36,,0,0,0,1994,,,2041,37.029,27.911,,,,,,,,,
Kemerkoy 2,Lignite,lignite,PP,TR,228,0.36,,0,0,0,1994,,,2041,37.029,27.911,,,,,,,,,
Kemerkoy 3,Lignite,lignite,PP,TR,228,0.36,,0,0,0,1995,,,2041,37.029,27.911,,,,,,,,,
Yatagan 1,Lignite,lignite,PP,TR,228,0.32,,0,0,0,1983,,,2041,37.331,28.1,,,,,,,,,
Yatagan 2,Lignite,lignite,PP,TR,228,0.32,,0,0,0,1983,,,2041,37.331,28.1,,,,,,,,,
Yatagan 3,Lignite,lignite,PP,TR,228,0.32,,0,0,0,1984,,,2041,37.331,28.1,,,,,,,,,
Yenikoy 1,Lignite,lignite,PP,TR,228,0.32,,0,0,0,1986,,,2041,37.138,27.885,,,,,,,,,
Yenikoy 2,Lignite,lignite,PP,TR,228,0.32,,0,0,0,1987,,,2033,37.138,27.885,,,,,,,,,
Ostroleka B3,Hard Coal,coal,PP,PL,226,0.32,,0,0,0,1972,,,2034,53.104,21.612,,,,,,,,,
Pljevlja,Lignite,lignite,PP,ME,225,0.32,,0,0,0,1982,,,2041,43.335,19.327,,,,,,,,,
Bitola 1,Lignite,lignite,PP,MK,225,0.32,,0,0,0,1982,,,2030,41.058,21.484,,,,,,,,,
Bitola 2,Lignite,lignite,PP,MK,225,0.32,,0,0,0,1984,,,2030,41.058,21.484,,,,,,,,,
Bitola 3,Lignite,lignite,PP,MK,225,0.32,,0,0,0,1988,,,2030,41.058,21.484,,,,,,,,,
Jaworzno 3 B1,Hard Coal,coal,PP,PL,225,0.459,,0,0,0,1977,,,2041,50.208,19.21,,,,,,,,,
Jaworzno 3 B2,Hard Coal,coal,PP,PL,225,0.459,,0,0,0,1977,,,2041,50.208,19.21,,,,,,,,,
Jaworzno 3 B3,Hard Coal,coal,PP,PL,225,0.459,,0,0,0,1977,,,2041,50.208,19.21,,,,,,,,,
Jaworzno 3 B4,Hard Coal,coal,PP,PL,225,0.459,,0,0,0,1977,,,2041,50.208,19.21,,,,,,,,,
Jaworzno 3 B6,Hard Coal,coal,PP,PL,225,0.459,,0,0,0,1979,,,2041,50.208,19.21,,,,,,,,,
Kozienice B2,Hard Coal,coal,PP,PL,225,0.363,,0,0,0,1973,,,2025,51.665,21.467,,,,,,,,,
Kozienice B3,Hard Coal,coal,PP,PL,225,0.363,,0,0,0,1973,,,2025,51.665,21.467,,,,,,,,,
Kozienice B5,Hard Coal,coal,PP,PL,225,0.363,,0,0,0,1973,,,2027,51.665,21.467,,,,,,,,,
Kozienice B7,Hard Coal,coal,PP,PL,225,0.363,,0,0,0,1974,,,2027,51.665,21.467,,,,,,,,,
Laziska B10,Hard Coal,coal,PP,PL,225,0.32,,0,0,0,1982,,,2041,50.134,18.847,,,,,,,,,
Laziska B11,Hard Coal,coal,PP,PL,225,0.32,,0,0,0,1982,,,2041,50.134,18.847,,,,,,,,,
Laziska B12,Hard Coal,coal,PP,PL,225,0.32,,0,0,0,1982,,,2041,50.134,18.847,,,,,,,,,
Polaniec B1,Hard Coal,coal,PP,PL,225,0.345,,0,0,0,1979,,,2041,50.438,21.337,,,,,,,,,
Rybnik B8,Hard Coal,coal,PP,PL,225,0.32,,0,0,0,1978,,,2027,50.133,18.524,,,,,,,,,
Kurakhov 6,Hard Coal,coal,PP,UA,225,0.32,,0,0,0,1973,,,2041,47.995,37.237,,,,,,,,,
Kurakhov 7,Hard Coal,coal,PP,UA,225,0.32,,0,0,0,1974,,,2041,47.995,37.237,,,,,,,,,
Kurakhov 8,Hard Coal,coal,PP,UA,225,0.32,,0,0,0,1974,,,2041,47.995,37.237,,,,,,,,,
Kurakhov 9,Hard Coal,coal,PP,UA,225,0.32,,0,0,0,1975,,,2041,47.995,37.237,,,,,,,,,
Dolna Odra B5,Hard Coal,coal,PP,PL,222,0.32,,0,0,0,1975,,,2025,53.206,14.466,,,,,,,,,
Dolna Odra B6,Hard Coal,coal,PP,PL,222,0.32,,0,0,0,1976,,,2025,53.206,14.466,,,,,,,,,
Kurakhov 5,Hard Coal,coal,PP,UA,222,0.32,,0,0,0,1973,,,2041,47.995,37.237,,,,,,,,,
Ostroleka B1,Hard Coal,coal,PP,PL,221,0.32,,0,0,0,1972,,,2041,53.104,21.612,,,,,,,,,
Matra 3,Lignite,lignite,PP,HU,220,0.32,,0,0,0,1969,,,2027,47.79,20.064,,,,,,,,,
Jaworzno 3 B5,Hard Coal,coal,PP,PL,220,0.459,,0,0,0,1977,,,2041,50.208,19.21,,,,,,,,,
Rybnik B7,Hard Coal,coal,PP,PL,220,0.32,,0,0,0,1978,,,2027,50.133,18.524,,,,,,,,,
Kozienice B1,Hard Coal,coal,PP,PL,215,0.363,,0,0,0,1972,,,2025,51.665,21.467,,,,,,,,,
Rybnik B5,Hard Coal,coal,PP,PL,215,0.32,,0,0,0,1978,,,2026,50.133,18.524,,,,,,,,,
Rybnik B6,Hard Coal,coal,PP,PL,215,0.32,,0,0,0,1978,,,2026,50.133,18.524,,,,,,,,,
Burshtyn 5,Hard Coal,coal,PP,UA,215,0.32,,0,0,0,1967,,,2041,49.21,24.667,,,,,,,,,
Bobov Dol 1,Lignite,lignite,PP,BG,210,0.32,,0,0,0,1973,,,2038,42.285,23.034,,,,,,,,,
Bobov Dol 2,Lignite,lignite,PP,BG,210,0.32,,0,0,0,1974,,,2038,42.285,23.034,,,,,,,,,
Bobov Dol 3,Lignite,lignite,PP,BG,210,0.32,,0,0,0,1975,,,2038,42.285,23.034,,,,,,,,,
Maritsa East 2 unit 5,Lignite,lignite,PP,BG,210,0.32,,0,0,0,1985,,,2038,42.256,26.132,,,,,,,,,
Plomin 2,Hard Coal,coal,PP,HR,210,0.4,,0,0,0,2000,,,2033,45.137,14.163,,,,,,,,,
Kosovo A 5,Lignite,lignite,PP,XK,210,0.32,,0,0,0,1975,,,2041,42.677,21.086,,,,,,,,,
Kostolac A 2,Lignite,lignite,PP,RS,210,0.32,,0,0,0,1980,,,2041,44.724,21.172,,,,,,,,,
Nikola Tesla A 1,Lignite,lignite,PP,RS,210,0.32,,0,0,0,1970,,,2041,44.671,20.158,,,,,,,,,
Nikola Tesla A 2,Lignite,lignite,PP,RS,210,0.32,,0,0,0,1970,,,2041,44.671,20.158,,,,,,,,,
Burshtyn 10,Hard Coal,coal,PP,UA,210,0.32,,0,0,0,1969,,,2041,49.21,24.667,,,,,,,,,
Kurakhov 4,Hard Coal,coal,PP,UA,210,0.32,,0,0,0,1973,,,2041,47.995,37.237,,,,,,,,,
Burshtyn 7,Hard Coal,coal,PP,UA,206,0.32,,0,0,0,1968,,,2041,49.21,24.667,,,,,,,,,
Pocerady I 2,Lignite,lignite,PP,CZ,200,0.32,,0,0,0,1971,,,2033,50.427,13.677,,,,,,,,,
Pocerady I 3,Lignite,lignite,PP,CZ,200,0.32,,0,0,0,1972,,,2033,50.427,13.677,,,,,,,,,
Pocerady I 4,Lignite,lignite,PP,CZ,200,0.32,,0,0,0,1972,,,2033,50.427,13.677,,,,,,,,,
Pocerady II 1,Lignite,lignite,PP,CZ,200,0.32,,0,0,0,1977,,,2033,50.427,13.677,,,,,,,,,
Pocerady II 2,Lignite,lignite,PP,CZ,200,0.32,,0,0,0,1977,,,2033,50.427,13.677,,,,,,,,,
Kosovo A 3,Lignite,lignite,PP,XK,200,0.32,,0,0,0,1970,,,2026,42.677,21.086,,,,,,,,,
Kosovo A 4,Lignite,lignite,PP,XK,200,0.32,,0,0,0,1971,,,2026,42.677,21.086,,,,,,,,,
Ostroleka B2,Hard Coal,coal,PP,PL,200,0.32,,0,0,0,1972,,,2026,53.104,21.612,,,,,,,,,
Kurakhov 3,Hard Coal,coal,PP,UA,200,0.32,,0,0,0,1972,,,2026,47.995,37.237,,,,,,,,,
Burshtyn 11,Hard Coal,coal,PP,UA,195,0.32,,0,0,0,1969,,,2026,49.21,24.667,,,,,,,,,
Burshtyn 12,Hard Coal,coal,PP,UA,195,0.32,,0,0,0,1969,,,2026,49.21,24.667,,,,,,,,,
Burshtyn 4,Hard Coal,coal,PP,UA,195,0.32,,0,0,0,1966,,,2026,49.21,24.667,,,,,,,,,
Burshtyn 6,Hard Coal,coal,PP,UA,195,0.32,,0,0,0,1967,,,2026,49.21,24.667,,,,,,,,,
Burshtyn 8,Hard Coal,coal,PP,UA,195,0.32,,0,0,0,1968,,,2026,49.21,24.667,,,,,,,,,
Burshtyn 9,Hard Coal,coal,PP,UA,195,0.32,,0,0,0,1968,,,2026,49.21,24.667,,,,,,,,,
Burshtyn 3,Hard Coal,coal,PP,UA,185,0.32,,0,0,0,1966,,,2026,49.21,24.667,,,,,,,,,
Soma B 1,Lignite,lignite,PP,TR,179,0.32,,0,0,0,1981,,,2026,39.195,27.636,,,,,,,,,
Soma B 2,Lignite,lignite,PP,TR,179,0.32,,0,0,0,1982,,,2026,39.195,27.636,,,,,,,,,
Soma B 3,Lignite,lignite,PP,TR,179,0.32,,0,0,0,1985,,,2026,39.195,27.636,,,,,,,,,
Soma B 4,Lignite,lignite,PP,TR,179,0.32,,0,0,0,1985,,,2026,39.195,27.636,,,,,,,,,
Soma B 5,Lignite,lignite,PP,TR,179,0.36,,0,0,0,1991,,,2026,39.195,27.636,,,,,,,,,
Soma B 6,Lignite,lignite,PP,TR,179,0.36,,0,0,0,1992,,,2026,39.195,27.636,,,,,,,,,
Maritsa East 2 unit 1,Lignite,lignite,PP,BG,177,0.32,,0,0,0,1966,,,2038,42.256,26.132,,,,,,,,,
Maritsa East 2 unit 3,Lignite,lignite,PP,BG,177,0.32,,0,0,0,1967,,,2038,42.256,26.132,,,,,,,,,
Maritsa East 2 unit 4,Lignite,lignite,PP,BG,177,0.32,,0,0,0,1968,,,2038,42.256,26.132,,,,,,,,,
Zonguldak Eren I 1,Hard Coal,coal,PP,TR,174,0.4,,0,0,0,2010,,,2038,41.497,31.844,,,,,,,,,
Can I Onsekizmart 1,Lignite,lignite,PP,TR,174,0.4,,0,0,0,2003,,,2038,40.024,26.958,,,,,,,,,
Can I Onsekizmart 2,Lignite,lignite,PP,TR,174,0.4,,0,0,0,2003,,,2038,40.024,26.958,,,,,,,,,
Kangal 3,Lignite,lignite,PP,TR,171,0.4,,0,0,0,2000,,,2038,39.075,37.298,,,,,,,,,
Cayirhan 1,Lignite,lignite,PP,TR,168,0.32,,0,0,0,1987,,,2038,40.097,31.695,,,,,,,,,
Cayirhan 2,Lignite,lignite,PP,TR,168,0.32,,0,0,0,1987,,,2038,40.097,31.695,,,,,,,,,
Cayirhan 3,Lignite,lignite,PP,TR,168,0.32,,0,0,0,1987,,,2038,40.097,31.695,,,,,,,,,
Cayirhan 4,Lignite,lignite,PP,TR,168,0.32,,0,0,0,1987,,,2038,40.097,31.695,,,,,,,,,
Maritsa East 2 unit 2,Lignite,lignite,PP,BG,165,0.32,,0,0,0,1967,,,2038,42.256,26.132,,,,,,,,,
Catalagzi 1,Hard Coal,coal,PP,TR,163,0.32,,0,0,0,1989,,,2038,41.497,31.844,,,,,,,,,
Catalagzi 2,Hard Coal,coal,PP,TR,163,0.36,,0,0,0,1991,,,2038,41.497,31.844,,,,,,,,,
Kangal 1,Lignite,lignite,PP,TR,163,0.32,,0,0,0,1989,,,2038,39.075,37.298,,,,,,,,,
Kangal 2,Lignite,lignite,PP,TR,163,0.36,,0,0,0,1990,,,2038,39.075,37.298,,,,,,,,,
Seyitomer 1,Lignite,lignite,PP,TR,163,0.32,,0,0,0,1973,,,2038,39.578,29.894,,,,,,,,,
Seyitomer 2,Lignite,lignite,PP,TR,163,0.32,,0,0,0,1973,,,2038,39.578,29.894,,,,,,,,,
Seyitomer 3,Lignite,lignite,PP,TR,163,0.32,,0,0,0,1977,,,2038,39.578,29.894,,,,,,,,,
Seyitomer 4,Lignite,lignite,PP,TR,163,0.32,,0,0,0,1989,,,2038,39.578,29.894,,,,,,,,,
Tufanbeyli 1,Lignite,lignite,PP,TR,163,0.4,,0,0,0,2016,,,2038,38.269,36.065,,,,,,,,,
Tufanbeyli 2,Lignite,lignite,PP,TR,163,0.4,,0,0,0,2016,,,2038,38.269,36.065,,,,,,,,,
Tufanbeyli 3,Lignite,lignite,PP,TR,163,0.4,,0,0,0,2016,,,2038,38.269,36.065,,,,,,,,,
Tuncbilek 4,Lignite,lignite,PP,TR,163,0.32,,0,0,0,1977,,,2038,39.629,29.457,,,,,,,,,
Tuncbilek 5,Lignite,lignite,PP,TR,163,0.32,,0,0,0,1978,,,2038,39.629,29.457,,,,,,,,,
Walheim 2,Hard Coal,coal,PP,DE,160,0.32,,0,0,0,1967,,,2030,49.018,9.158,,,,,,,,,
Yunus Emre 1,Lignite,lignite,PP,TR,158,0.4,,0,0,0,2018,,,2030,39.984,31.321,,,,,,,,,
Yunus Emre 2,Lignite,lignite,PP,TR,158,0.4,,0,0,0,2020,,,2030,39.984,31.321,,,,,,,,,
Siersza B1,Hard Coal,coal,PP,PL,153,0.4,,0,0,0,2002,,,2028,50.206,19.463,,,,,,,,,
Siersza B2,Hard Coal,coal,PP,PL,153,0.4,,0,0,0,2002,,,2028,50.206,19.463,,,,,,,,,
Silopi 1,Lignite,lignite,PP,TR,138,0.4,,0,0,0,2009,,,2028,37.247,42.464,,,,,,,,,
Silopi 2,Lignite,lignite,PP,TR,138,0.4,,0,0,0,2015,,,2028,37.247,42.464,,,,,,,,,
Silopi 3,Lignite,lignite,PP,TR,138,0.4,,0,0,0,2015,,,2028,37.247,42.464,,,,,,,,,
Bolu-Goynuk 1,Lignite,lignite,PP,TR,138,0.4,,0,0,0,2015,,,2028,40.253,30.768,,,,,,,,,
Bolu-Goynuk 2,Lignite,lignite,PP,TR,138,0.4,,0,0,0,2015,,,2028,40.253,30.768,,,,,,,,,
ICDAS Celik 1,Hard Coal,coal,PP,TR,137,0.4,,0,0,0,2005,,,2028,40.44,27.105,,,,,,,,,
ICDAS Celik 2,Hard Coal,coal,PP,TR,137,0.4,,0,0,0,2005,,,2028,40.44,27.105,,,,,,,,,
ICDAS Celik 3,Hard Coal,coal,PP,TR,137,0.4,,0,0,0,2005,,,2028,40.44,27.105,,,,,,,,,
Katowice B1,Hard Coal,coal,PP,PL,135,0.36,,0,0,0,1999,,,2028,50.285,19.054,,,,,,,,,
"Alcudia II 5, GR III",Hard Coal,coal,PP,ES,130,0.36,,0,0,0,1997,,,2025,39.811,3.091,,,,,,,,,
"Alcudia II 6, GR IV",Hard Coal,coal,PP,ES,130,0.36,,0,0,0,1997,,,2025,39.811,3.091,,,,,,,,,
Oslomej,Lignite,lignite,PP,MK,125,0.32,,0,0,0,1980,,,2030,41.582,21,,,,,,,,,
Deven 1,Hard Coal,coal,PP,BG,121,0.4,,0,0,0,2009,,,2038,43.197,27.633,,,,,,,,,
Morava,Lignite,lignite,PP,RS,120,0.32,,0,0,0,1969,,,2038,44.224,21.163,,,,,,,,,
Ruse Iztok 4 (steam generator 5),Hard Coal,coal,PP,BG,110,0.32,,0,0,0,1971,,,2038,43.866,26.009,,,,,,,,,
Kolubara A 5,Lignite,lignite,PP,RS,110,0.32,,0,0,0,1979,,,2038,44.48,20.294,,,,,,,,,
Tisova II 3,Lignite,lignite,PP,CZ,105,0.32,,0,0,0,1962,,,2033,50.152,12.61,,,,,,,,,
Kostolac A 1,Lignite,lignite,PP,RS,100,0.32,,0,0,0,1967,,,2018,44.724,21.172,,,,,,,,,
Kolubara A 3,Lignite,lignite,PP,RS,65,0.32,,0,0,0,1961,,,2018,44.48,20.294,,,,,,,,,
Brikel 1,Lignite,lignite,PP,BG,60,0.32,,0,0,0,1964,,,2038,42.155,25.906,,,,,,,,,
Kipas MMP power station,Hard Coal,coal,PP,TR,55,0.4,,0,0,0,2023,,,2028,37.767,27.446,,,,,,,,,
Brikel 2,Lignite,lignite,PP,BG,60,0.32,,0,0,0,1964,,,2038,42.155,25.906,,,,,,,,,
Brikel 3,Lignite,lignite,PP,BG,60,0.32,,0,0,0,1964,,,2038,42.155,25.906,,,,,,,,,
Brikel 4,Lignite,lignite,PP,BG,60,0.32,,0,0,0,1964,,,2038,42.155,25.906,,,,,,,,,
Deven 2,Hard Coal,coal,PP,BG,53,0.4,,0,0,0,2017,,,2038,43.197,27.633,,,,,,,,,
Kolubara A 1,Lignite,lignite,PP,RS,32,0.32,,0,0,0,1956,,,2038,44.48,20.294,,,,,,,,,
Kolubara A 2,Lignite,lignite,PP,RS,32,0.32,,0,0,0,1957,,,2038,44.48,20.294,,,,,,,,,
Le Moule Caraibe ALM2,Hard Coal,coal,PP,FR,29,0.36,,0,0,0,1998,,,2025,16.31,-61.32,,,,,,,,,
Le Moule Caraibe ALM1,Hard Coal,coal,PP,FR,28,0.36,,0,0,0,1998,,,2025,16.31,-61.32,,,,,,,,,
Ladyzhyn 4,Hard Coal,coal,PP,UA,300,0.32,,0,0,0,1971,,,2030,48.706,29.219,,,,,,,,,
Luganskaya 10,Hard Coal,coal,PP,UA,210,0.32,,0,0,0,1962,,,2030,48.749,39.262,,,,,,,,,
Luganskaya 13,Hard Coal,coal,PP,UA,210,0.32,,0,0,0,1967,,,2030,48.749,39.262,,,,,,,,,
Luganskaya 14,Hard Coal,coal,PP,UA,200,0.32,,0,0,0,1968,,,2030,48.749,39.262,,,,,,,,,
Luganskaya 15,Hard Coal,coal,PP,UA,200,0.32,,0,0,0,1968,,,2030,48.749,39.262,,,,,,,,,
Myronivskyi 2,Hard Coal,coal,PP,UA,100,0.32,,0,0,0,1953,,,2030,48.48,38.285,,,,,,,,,
Myronivskyi 3,Hard Coal,coal,PP,UA,60,0.32,,0,0,0,1954,,,2030,48.48,38.285,,,,,,,,,
Myronivskyi 5,Hard Coal,coal,PP,UA,115,0.32,,0,0,0,1957,,,2030,48.48,38.285,,,,,,,,,
Prydniprovska 10,Hard Coal,coal,PP,UA,150,0.32,,0,0,0,1960,,,2030,48.405,35.112,,,,,,,,,
Prydniprovska 9,Hard Coal,coal,PP,UA,150,0.32,,0,0,0,1959,,,2030,48.405,35.112,,,,,,,,,
Slavyansk 7,Hard Coal,coal,PP,UA,720,0.32,,0,0,0,1971,,,2030,48.871,37.766,,,,,,,,,
Starobesheve 10,Hard Coal,coal,PP,UA,200,0.32,,0,0,0,1963,,,2030,47.801,38.005,,,,,,,,,
Starobesheve 11,Hard Coal,coal,PP,UA,200,0.32,,0,0,0,1965,,,2030,47.801,38.005,,,,,,,,,
Starobesheve 12,Hard Coal,coal,PP,UA,210,0.32,,0,0,0,1967,,,2030,47.801,38.005,,,,,,,,,
Starobesheve 13,Hard Coal,coal,PP,UA,210,0.32,,0,0,0,1967,,,2030,47.801,38.005,,,,,,,,,
Starobesheve,Hard Coal,coal,PP,UA,215,0.32,,0,0,0,1961,,,2030,47.801,38.005,,,,,,,,,
Starobesheve 5,Hard Coal,coal,PP,UA,200,0.32,,0,0,0,1961,,,2030,47.801,38.005,,,,,,,,,
Starobesheve 6,Hard Coal,coal,PP,UA,200,0.32,,0,0,0,1961,,,2030,47.801,38.005,,,,,,,,,
Starobesheve 7,Hard Coal,coal,PP,UA,175,0.32,,0,0,0,1963,,,2030,47.801,38.005,,,,,,,,,
Starobesheve 8,Hard Coal,coal,PP,UA,200,0.32,,0,0,0,1963,,,2030,47.801,38.005,,,,,,,,,
Starobesheve 9,Hard Coal,coal,PP,UA,200,0.32,,0,0,0,1963,,,2030,47.801,38.005,,,,,,,,,
Trypilska 1,Hard Coal,coal,PP,UA,300,0.32,,0,0,0,1969,,,2030,50.133,30.747,,,,,,,,,
Trypilska 2,Hard Coal,coal,PP,UA,325,0.32,,0,0,0,1970,,,2030,50.133,30.747,,,,,,,,,
Trypilska 3,Hard Coal,coal,PP,UA,300,0.32,,0,0,0,1970,,,2030,50.133,30.747,,,,,,,,,
Trypilska 4,Hard Coal,coal,PP,UA,300,0.32,,0,0,0,1970,,,2030,50.133,30.747,,,,,,,,,
Vuglegirska 1,Hard Coal,coal,PP,UA,300,0.32,,0,0,0,1972,,,2030,48.465,38.203,,,,,,,,,
Vuglegirska 2,Hard Coal,coal,PP,UA,300,0.32,,0,0,0,1973,,,2030,48.465,38.203,,,,,,,,,
Vuglegirska 3,Hard Coal,coal,PP,UA,300,0.32,,0,0,0,1973,,,2030,48.465,38.203,,,,,,,,,
Vuglegirska 4,Hard Coal,coal,PP,UA,300,0.32,,0,0,0,1973,,,2030,48.465,38.203,,,,,,,,,
Zaporizhia 1,Hard Coal,coal,PP,UA,325,0.32,,0,0,0,1972,,,2030,47.507,34.625,,,,,,,,,
Zaporizhia 2,Hard Coal,coal,PP,UA,300,0.32,,0,0,0,1972,,,2030,47.507,34.625,,,,,,,,,
Zaporizhia 3,Hard Coal,coal,PP,UA,325,0.32,,0,0,0,1972,,,2030,47.507,34.625,,,,,,,,,
Zaporizhia 4,Hard Coal,coal,PP,UA,300,0.32,,0,0,0,1973,,,2030,47.507,34.625,,,,,,,,,
Zmiivska 1,Hard Coal,coal,PP,UA,185,0.32,,0,0,0,1960,,,2030,49.586,36.524,,,,,,,,,
Zmiivska 10,Hard Coal,coal,PP,UA,275,0.32,,0,0,0,1969,,,2030,49.586,36.524,,,,,,,,,
Zmiivska 2,Hard Coal,coal,PP,UA,185,0.32,,0,0,0,1961,,,2030,49.586,36.524,,,,,,,,,
Zmiivska 3,Hard Coal,coal,PP,UA,185,0.32,,0,0,0,1962,,,2030,49.586,36.524,,,,,,,,,
Zmiivska 4,Hard Coal,coal,PP,UA,185,0.32,,0,0,0,1963,,,2030,49.586,36.524,,,,,,,,,
Zmiivska 5,Hard Coal,coal,PP,UA,185,0.32,,0,0,0,1964,,,2030,49.586,36.524,,,,,,,,,
Zmiivska 6,Hard Coal,coal,PP,UA,185,0.32,,0,0,0,1966,,,2030,49.586,36.524,,,,,,,,,
Zmiivska 7,Hard Coal,coal,PP,UA,285,0.32,,0,0,0,1966,,,2030,49.586,36.524,,,,,,,,,
Zmiivska,Hard Coal,coal,PP,UA,325,0.32,,0,0,0,1965,,,2030,49.586,36.524,,,,,,,,,
Zmiivska 9,Hard Coal,coal,PP,UA,275,0.32,,0,0,0,1969,,,2030,49.586,36.524,,,,,,,,,
Zuevskaya 1,Hard Coal,coal,PP,UA,325,0.32,,0,0,0,1982,,,2030,48.035,38.285,,,,,,,,,
Zuevskaya 2,Hard Coal,coal,PP,UA,320,0.32,,0,0,0,1982,,,2030,48.035,38.285,,,,,,,,,
Zuevskaya 3,Hard Coal,coal,PP,UA,320,0.32,,0,0,0,1986,,,2030,48.035,38.285,,,,,,,,,
Zuevskaya 4,Hard Coal,coal,PP,UA,325,0.32,,0,0,0,1988,,,2030,48.035,38.285,,,,,,,,,
BR-3 1,Nuclear,nuclear,PP,BE,10,,,0,0,0,1962,1962,,1987,48.035,38.285,,,,,,,,,
Doel 1,Nuclear,nuclear,PP,BE,433,,,0,0,0,1975,1975,,2025,51.32472222,4.258747222,,,,,,,,,
Doel 2,Nuclear,nuclear,PP,BE,433,,,0,0,0,1975,1975,,2025,51.32472222,4.258747222,,,,,,,,,
Doel 3,Nuclear,nuclear,PP,BE,1006,,,0,0,0,1982,1982,,2022,51.32472222,4.258747222,,,,,,,,,
Doel 4,Nuclear,nuclear,PP,BE,1038,,,0,0,0,1985,1985,,2035,51.32472222,4.258747222,,,,,,,,,
Tihange 1,Nuclear,nuclear,PP,BE,962,,,0,0,0,1975,1975,,2025,50.53462778,5.272533333,,,,,,,,,
Tihange 2,Nuclear,nuclear,PP,BE,1038,,,0,0,0,1983,1983,,2023,50.53462778,5.272533333,,,,,,,,,
Tihange 3,Nuclear,nuclear,PP,BE,1038,,,0,0,0,1985,1985,,2035,50.53462778,5.272533333,,,,,,,,,
Kosloduj 1,Nuclear,nuclear,PP,BG,408,,,0,0,0,1974,1974,,2002,43.74613889,23.77050556,,,,,,,,,
Kosloduj 2,Nuclear,nuclear,PP,BG,408,,,0,0,0,1975,1975,,2002,43.74613889,23.77050556,,,,,,,,,
Kosloduj 3,Nuclear,nuclear,PP,BG,408,,,0,0,0,1981,1981,,2006,43.74613889,23.77050556,,,,,,,,,
Kosloduj 4,Nuclear,nuclear,PP,BG,408,,,0,0,0,1982,1982,,2006,43.74613889,23.77050556,,,,,,,,,
Kosloduj 5,Nuclear,nuclear,PP,BG,963,,,0,0,0,1988,1988,,2051,43.74613889,23.77050556,,,,,,,,,
Kosloduj 6,Nuclear,nuclear,PP,BG,1003,,,0,0,0,1993,1993,,2051,43.74613889,23.77050556,,,,,,,,,
Beznau 1,Nuclear,nuclear,PP,CH,365,,,0,0,0,1969,1969,,2051,47.55222222,8.227777778,,,,,,,,,
Beznau 2,Nuclear,nuclear,PP,CH,365,,,0,0,0,1972,1972,,2051,47.55222222,8.227777778,,,,,,,,,
G?sgen 1,Nuclear,nuclear,PP,CH,1010,,,0,0,0,1979,1979,,2051,47.36583333,7.968888889,,,,,,,,,
Leibstadt 1,Nuclear,nuclear,PP,CH,1220,,,0,0,0,1984,1984,,2051,47.60135,8.18375,,,,,,,,,
M?hleberg 1,Nuclear,nuclear,PP,CH,373,,,0,0,0,1972,1972,,2019,46.97083333,7.270277778,,,,,,,,,
Dukovany 1,Nuclear,nuclear,PP,CZ,468,,,0,0,0,1985,1985,,2051,49.08509444,16.14899167,,,,,,,,,
Dukovany 2,Nuclear,nuclear,PP,CZ,471,,,0,0,0,1986,1986,,2051,49.08509444,16.14899167,,,,,,,,,
Dukovany 3,Nuclear,nuclear,PP,CZ,468,,,0,0,0,1986,1986,,2051,49.08509444,16.14899167,,,,,,,,,
Dukovany 4,Nuclear,nuclear,PP,CZ,471,,,0,0,0,1987,1987,,2051,49.08509444,16.14899167,,,,,,,,,
Temel?n 1,Nuclear,nuclear,PP,CZ,1026,,,0,0,0,2002,2002,,2051,49.18194444,14.38138889,,,,,,,,,
Temel?n 2,Nuclear,nuclear,PP,CZ,1026,,,0,0,0,2003,2003,,2051,49.18194444,14.38138889,,,,,,,,,
Temel?n 3 und 4,Nuclear,nuclear,PP,CZ,2400,,,0,0,0,2050,2050,,2090,49.18194444,14.38138889,,,,,,,,,
Dukovany 5,Nuclear,nuclear,PP,CZ,1200,,,0,0,0,2036,2036,,2076,49.08509444,16.14899167,,,,,,,,,
Dukovany 6,Nuclear,nuclear,PP,CZ,1200,,,0,0,0,2050,2050,,2090,49.08509444,16.14899167,,,,,,,,,
Biblis  A,Nuclear,nuclear,PP,DE,135,,,0,0,0,1974,1974,,2011,49.71,8.415277778,,,,,,,,,
Biblis  B,Nuclear,nuclear,PP,DE,135,,,0,0,0,1976,1976,,2011,49.71,8.415277778,,,,,,,,,
Brokdorf  ?,Nuclear,nuclear,PP,DE,135,,,0,0,0,1986,1986,,2021,53.85083333,9.344722222,,,,,,,,,
Brunsb?ttel  ?,Nuclear,nuclear,PP,DE,135,,,0,0,0,1976,1976,,2011,53.89166667,9.201666667,,,,,,,,,
Emsland  ?,Nuclear,nuclear,PP,DE,135,,,0,0,0,1988,1988,,2022,52.47423056,7.317858333,,,,,,,,,
Grafenrheinfeld  ?,Nuclear,nuclear,PP,DE,135,,,0,0,0,1981,1981,,2015,49.98408611,10.18466944,,,,,,,,,
Greifswald  1,Nuclear,nuclear,PP,DE,135,,,0,0,0,1973,1973,,1990,54.14058611,13.66442222,,,,,,,,,
Greifswald  2,Nuclear,nuclear,PP,DE,135,,,0,0,0,1974,1974,,1990,54.14058611,13.66442222,,,,,,,,,
Greifswald  3,Nuclear,nuclear,PP,DE,135,,,0,0,0,1977,1977,,1990,54.14058611,13.66442222,,,,,,,,,
Greifswald  4,Nuclear,nuclear,PP,DE,135,,,0,0,0,1979,1979,,1990,54.14058611,13.66442222,,,,,,,,,
Grohnde  ?,Nuclear,nuclear,PP,DE,135,,,0,0,0,1984,1984,,2021,52.03527778,9.413333333,,,,,,,,,
Gro?welzheim  ?,Nuclear,nuclear,PP,DE,135,,,0,0,0,1969,1969,,1971,50.05814167,8.987130556,,,,,,,,,
Gundremmingen  A,Nuclear,nuclear,PP,DE,135,,,0,0,0,1966,1966,,1977,48.51472222,10.40222222,,,,,,,,,
Gundremmingen  B,Nuclear,nuclear,PP,DE,135,,,0,0,0,1984,1984,,2017,48.51472222,10.40222222,,,,,,,,,
Gundremmingen  C,Nuclear,nuclear,PP,DE,135,,,0,0,0,1984,1984,,2021,48.51472222,10.40222222,,,,,,,,,
Hamm-Uentrop? ?,Nuclear,nuclear,PP,DE,135,,,0,0,0,1985,1985,,1988,51.67929722,7.971558333,,,,,,,,,
Isar  2,Nuclear,nuclear,PP,DE,135,,,0,0,0,1988,1988,,2022,48.60560556,12.29315,,,,,,,,,
J?lich  ?,Nuclear,nuclear,PP,DE,135,,,0,0,0,1967,1967,,1988,50.90293611,6.421208333,,,,,,,,,
Kahl  ?,Nuclear,nuclear,PP,DE,135,,,0,0,0,1961,1961,,1985,50.05911944,8.987272222,,,,,,,,,
Karlsruhe  ?,Nuclear,nuclear,PP,DE,135,,,0,0,0,1978,1978,,1991,49.099344,8.4328866,,,,,,,,,
Kr?mmel  ?,Nuclear,nuclear,PP,DE,135,,,0,0,0,1983,1983,,2011,53.41,10.40888889,,,,,,,,,
Lingen  ?,Nuclear,nuclear,PP,DE,135,,,0,0,0,1968,1968,,1979,52.48277778,7.300555556,,,,,,,,,
M?lheim-K?rlich  ?,Nuclear,nuclear,PP,DE,135,,,0,0,0,1986,1986,,1988,50.40777778,7.489722222,,,,,,,,,
Neckarwestheim  2,Nuclear,nuclear,PP,DE,135,,,0,0,0,1989,1989,,2022,49.04111111,9175,,,,,,,,,
Niederaichbach  ?,Nuclear,nuclear,PP,DE,135,,,0,0,0,1973,1973,,1974,48.60462778,12.30398611,,,,,,,,,
Obrigheim  ?,Nuclear,nuclear,PP,DE,135,,,0,0,0,1968,1968,,2005,49.36453611,9.076272222,,,,,,,,,
Philippsburg  1,Nuclear,nuclear,PP,DE,135,,,0,0,0,1979,1979,,2011,49.25272222,8.436436111,,,,,,,,,
Philippsburg  2,Nuclear,nuclear,PP,DE,135,,,0,0,0,1984,1984,,2019,49.25272222,8.436436111,,,,,,,,,
Rheinsberg  ?,Nuclear,nuclear,PP,DE,135,,,0,0,0,1966,1966,,1990,53.14699167,12.99015,,,,,,,,,
Stade  ?,Nuclear,nuclear,PP,DE,135,,,0,0,0,1972,1972,,2003,53.62,9.530833333,,,,,,,,,
Unterweser  ?,Nuclear,nuclear,PP,DE,135,,,0,0,0,1978,1978,,2011,53.4277,8.480197222,,,,,,,,,
W?rgassen  ?,Nuclear,nuclear,PP,DE,135,,,0,0,0,1971,1971,,1994,51.63916667,9.391388889,,,,,,,,,
Unterweser  ?,Nuclear,nuclear,PP,DE,1345,,,0,0,0,1978,1978,,2011,53.4277,8.480197222,,,,,,,,,
W?rgassen  ?,Nuclear,nuclear,PP,DE,640,,,0,0,0,1971,1971,,1994,51.63916667,9.391388889,,,,,,,,,
Almaraz 1,Nuclear,nuclear,PP,ES,1011,,,0,0,0,1983,1983,,2027,39.8084,-5.6695,,,,,,,,,
Almaraz 2,Nuclear,nuclear,PP,ES,1006,,,0,0,0,1984,1984,,2028,39.8084,-5.6695,,,,,,,,,
Asc? 1,Nuclear,nuclear,PP,ES,995,,,0,0,0,1984,1984,,2029,41.2,0.569444444,,,,,,,,,
Asc? 2,Nuclear,nuclear,PP,ES,997,,,0,0,0,1986,1986,,2030,41.2,0.569444444,,,,,,,,,
Cofrentes 1,Nuclear,nuclear,PP,ES,1064,,,0,0,0,1985,1985,,2033,41.2,0.569444444,,,,,,,,,
Jos? Cabrera 1,Nuclear,nuclear,PP,ES,141,,,0,0,0,1969,1969,,2006,41.2,0.569444444,,,,,,,,,
Santa Mar?a de Garo?a 1,Nuclear,nuclear,PP,ES,446,,,0,0,0,1971,1971,,2013,41.2,0.569444444,,,,,,,,,
Trillo 1,Nuclear,nuclear,PP,ES,1003,,,0,0,0,1988,1988,,2035,41.2,0.569444444,,,,,,,,,
Vandell?s 1,Nuclear,nuclear,PP,ES,480,,,0,0,0,1972,1972,,1990,40.95138889,0.866666667,,,,,,,,,
Vandell?s 2,Nuclear,nuclear,PP,ES,1045,,,0,0,0,1988,1988,,2034,40.95138889,0.866666667,,,,,,,,,
Loviisa 1,Nuclear,nuclear,PP,FI,507,,,0,0,0,1977,1977,,2050,60.37222222,26.34722222,,,,,,,,,
Loviisa 2,Nuclear,nuclear,PP,FI,507,,,0,0,0,1981,1981,,2050,60.37222222,26.34722222,,,,,,,,,
Olkiluoto 1,Nuclear,nuclear,PP,FI,880,,,0,0,0,1979,1979,,2039,61.23666667,21.44222222,,,,,,,,,
Olkiluoto 2,Nuclear,nuclear,PP,FI,890,,,0,0,0,1982,1982,,2042,61.23666667,21.44222222,,,,,,,,,
Olkiluoto 3,Nuclear,nuclear,PP,FI,1600,,,0,0,0,2022,,,2051,61.23666667,21.44222222,,,,,,,,,
Belleville 1,Nuclear,nuclear,PP,FR,1310,,,0,0,0,1987,1987,,2047,47.51027778,2875,,,,,,,,,
Belleville 2,Nuclear,nuclear,PP,FR,1310,,,0,0,0,1988,1988,,2048,47.51027778,2875,,,,,,,,,
Blayais 1,Nuclear,nuclear,PP,FR,910,,,0,0,0,1981,1981,,2041,47.51027778,2875,,,,,,,,,
Blayais 2,Nuclear,nuclear,PP,FR,910,,,0,0,0,1982,1982,,2042,47.51027778,2875,,,,,,,,,
Blayais 3,Nuclear,nuclear,PP,FR,910,,,0,0,0,1983,1983,,2033,47.51027778,2875,,,,,,,,,
Blayais 4,Nuclear,nuclear,PP,FR,910,,,0,0,0,1983,1983,,2043,47.51027778,2875,,,,,,,,,
Brennilis  ?,Nuclear,nuclear,PP,FR,70,,,0,0,0,1967,1967,,1985,47.51027778,2875,,,,,,,,,
Bugey 1,Nuclear,nuclear,PP,FR,540,,,0,0,0,1972,1972,,1994,45.79722222,5.27,,,,,,,,,
Bugey 2,Nuclear,nuclear,PP,FR,910,,,0,0,0,1978,1978,,2038,45.79722222,5.27,,,,,,,,,
Bugey 3,Nuclear,nuclear,PP,FR,910,,,0,0,0,1978,1978,,2038,45.79722222,5.27,,,,,,,,,
Bugey 4,Nuclear,nuclear,PP,FR,880,,,0,0,0,1979,1979,,2039,45.79722222,5.27,,,,,,,,,
Bugey 5,Nuclear,nuclear,PP,FR,880,,,0,0,0,1979,1979,,2039,45.79722222,5.27,,,,,,,,,
Cattenom 1,Nuclear,nuclear,PP,FR,1300,,,0,0,0,1986,1986,,2046,49.41555556,6.216666667,,,,,,,,,
Cattenom 2,Nuclear,nuclear,PP,FR,1300,,,0,0,0,1987,1987,,2047,49.41555556,6.216666667,,,,,,,,,
Cattenom 3,Nuclear,nuclear,PP,FR,1300,,,0,0,0,1990,1990,,2050,49.41555556,6.216666667,,,,,,,,,
Cattenom 4,Nuclear,nuclear,PP,FR,1300,,,0,0,0,1991,1991,,2051,49.41555556,6.216666667,,,,,,,,,
Chinon A1,Nuclear,nuclear,PP,FR,70,,,0,0,0,1963,1963,,1973,47.23055556,0.170555556,,,,,,,,,
Chinon A2,Nuclear,nuclear,PP,FR,180,,,0,0,0,1965,1965,,1985,47.23055556,0.170555556,,,,,,,,,
Chinon A3,Nuclear,nuclear,PP,FR,360,,,0,0,0,1966,1966,,1990,47.23055556,0.170555556,,,,,,,,,
Chinon B1,Nuclear,nuclear,PP,FR,905,,,0,0,0,1982,1982,,2042,47.23055556,0.170555556,,,,,,,,,
Chinon B2,Nuclear,nuclear,PP,FR,905,,,0,0,0,1983,1983,,2043,47.23055556,0.170555556,,,,,,,,,
Chinon B3,Nuclear,nuclear,PP,FR,905,,,0,0,0,1986,1986,,2046,47.23055556,0.170555556,,,,,,,,,
Chinon B4,Nuclear,nuclear,PP,FR,905,,,0,0,0,1987,1987,,2047,47.23055556,0.170555556,,,,,,,,,
Chooz  A,Nuclear,nuclear,PP,FR,305,,,0,0,0,1967,1967,,1991,50.09,4.789444444,,,,,,,,,
Chooz  B1,Nuclear,nuclear,PP,FR,1.5,,,0,0,0,1996,1996,,2056,50.09,4.789444444,,,,,,,,,
Chooz  B2,Nuclear,nuclear,PP,FR,1.5,,,0,0,0,1997,1997,,2057,50.09,4.789444444,,,,,,,,,
Civaux 1,Nuclear,nuclear,PP,FR,1495,,,0,0,0,1997,1997,,2057,46.45611111,0.654166667,,,,,,,,,
Civaux 2,Nuclear,nuclear,PP,FR,1495,,,0,0,0,1999,1999,,2059,46.45611111,0.654166667,,,,,,,,,
Cruas 1,Nuclear,nuclear,PP,FR,915,,,0,0,0,1983,1983,,2043,44.63388889,4.753888889,,,,,,,,,
Cruas 2,Nuclear,nuclear,PP,FR,915,,,0,0,0,1984,1984,,2044,44.63388889,4.753888889,,,,,,,,,
Cruas 3,Nuclear,nuclear,PP,FR,915,,,0,0,0,1984,1984,,2044,44.63388889,4.753888889,,,,,,,,,
Cruas 4,Nuclear,nuclear,PP,FR,915,,,0,0,0,1984,1984,,2044,44.63388889,4.753888889,,,,,,,,,
Dampierre 1,Nuclear,nuclear,PP,FR,890,,,0,0,0,1980,1980,,2040,47.73361111,2.5175,,,,,,,,,
Dampierre 2,Nuclear,nuclear,PP,FR,890,,,0,0,0,1980,1980,,2040,47.73361111,2.5175,,,,,,,,,
Dampierre 3,Nuclear,nuclear,PP,FR,890,,,0,0,0,1981,1981,,2041,47.73361111,2.5175,,,,,,,,,
Dampierre 4,Nuclear,nuclear,PP,FR,890,,,0,0,0,1981,1981,,2031,47.73361111,2.5175,,,,,,,,,
Fessenheim 1,Nuclear,nuclear,PP,FR,880,,,0,0,0,1977,1977,,2020,47.90361111,7.5625,,,,,,,,,
Fessenheim 2,Nuclear,nuclear,PP,FR,880,,,0,0,0,1977,1977,,2020,47.90361111,7.5625,,,,,,,,,
Flamanville 1,Nuclear,nuclear,PP,FR,1330,,,0,0,0,1985,1985,,2045,47.90361111,7.5625,,,,,,,,,
Flamanville 2,Nuclear,nuclear,PP,FR,1330,,,0,0,0,1986,1986,,2046,47.90361111,7.5625,,,,,,,,,
Flamanville 3,Nuclear,nuclear,PP,FR,1650,,,0,0,0,2024,,,2084,47.90361111,7.5625,,,,,,,,,
Golfech 1,Nuclear,nuclear,PP,FR,1310,,,0,0,0,1990,1990,,2050,44.11111111,0.840277778,,,,,,,,,
Golfech 2,Nuclear,nuclear,PP,FR,1310,,,0,0,0,1993,1993,,2053,44.11111111,0.840277778,,,,,,,,,
Gravelines 1,Nuclear,nuclear,PP,FR,910,,,0,0,0,1980,1980,,2040,51.01361111,2.136111111,,,,,,,,,
Gravelines 2,Nuclear,nuclear,PP,FR,910,,,0,0,0,1980,1980,,2040,51.01361111,2.136111111,,,,,,,,,
Gravelines 3,Nuclear,nuclear,PP,FR,910,,,0,0,0,1980,1980,,2040,51.01361111,2.136111111,,,,,,,,,
Gravelines 4,Nuclear,nuclear,PP,FR,910,,,0,0,0,1981,1981,,2041,51.01361111,2.136111111,,,,,,,,,
Gravelines 5,Nuclear,nuclear,PP,FR,910,,,0,0,0,1984,1984,,2044,51.01361111,2.136111111,,,,,,,,,
Gravelines 6,Nuclear,nuclear,PP,FR,910,,,0,0,0,1985,1985,,2045,51.01361111,2.136111111,,,,,,,,,
Marcoule G-2,Nuclear,nuclear,PP,FR,38,,,0,0,0,1959,1959,,1980,44.15,4.716666667,,,,,,,,,
Nogent 1,Nuclear,nuclear,PP,FR,1310,,,0,0,0,1987,1987,,2047,48.51611111,3.517777778,,,,,,,,,
Nogent 2,Nuclear,nuclear,PP,FR,1310,,,0,0,0,1988,1988,,2048,48.51611111,3.517777778,,,,,,,,,
Paluel 1,Nuclear,nuclear,PP,FR,1330,,,0,0,0,1984,1984,,2044,49.85805556,0.635555556,,,,,,,,,
Paluel 2,Nuclear,nuclear,PP,FR,1330,,,0,0,0,1984,1984,,2034,49.85805556,0.635555556,,,,,,,,,
Paluel 3,Nuclear,nuclear,PP,FR,1330,,,0,0,0,1985,1985,,2045,49.85805556,0.635555556,,,,,,,,,
Paluel 4,Nuclear,nuclear,PP,FR,1330,,,0,0,0,1986,1986,,2046,49.85805556,0.635555556,,,,,,,,,
Penly 1,Nuclear,nuclear,PP,FR,1330,,,0,0,0,1990,1990,,2050,49.97666667,1.211944444,,,,,,,,,
Penly 2,Nuclear,nuclear,PP,FR,1330,,,0,0,0,1992,1992,,2052,49.97666667,1.211944444,,,,,,,,,
Ph?nix  ?,Nuclear,nuclear,PP,FR,130,,,0,0,0,1973,1973,,2009,44.14333333,4.711666667,,,,,,,,,
Saint-Alban 1,Nuclear,nuclear,PP,FR,1335,,,0,0,0,1985,1985,,2045,45.40472222,4.755833333,,,,,,,,,
Saint-Alban 2,Nuclear,nuclear,PP,FR,1335,,,0,0,0,1986,1986,,2046,45.40472222,4.755833333,,,,,,,,,
Saint-Laurent A1,Nuclear,nuclear,PP,FR,480,,,0,0,0,1969,1969,,1990,47.72055556,1.578611111,,,,,,,,,
Saint-Laurent A2,Nuclear,nuclear,PP,FR,515,,,0,0,0,1971,1971,,1992,47.72055556,1.578611111,,,,,,,,,
Saint-Laurent B1,Nuclear,nuclear,PP,FR,915,,,0,0,0,1981,1981,,2041,47.72055556,1.578611111,,,,,,,,,
Saint-Laurent B2,Nuclear,nuclear,PP,FR,915,,,0,0,0,1981,1981,,2031,47.72055556,1.578611111,,,,,,,,,
Creys-Malville ?,Nuclear,nuclear,PP,FR,1.2,,,0,0,0,1986,1986,,1998,45.75833333,5.472222222,,,,,,,,,
Tricastin 1,Nuclear,nuclear,PP,FR,915,,,0,0,0,1980,1980,,2040,44.32972222,4.732222222,,,,,,,,,
Tricastin 2,Nuclear,nuclear,PP,FR,915,,,0,0,0,1980,1980,,2040,44.32972222,4.732222222,,,,,,,,,
Tricastin 3,Nuclear,nuclear,PP,FR,915,,,0,0,0,1981,1981,,2041,44.32972222,4.732222222,,,,,,,,,
Tricastin 4,Nuclear,nuclear,PP,FR,915,,,0,0,0,1981,1981,,2031,44.32972222,4.732222222,,,,,,,,,
Penly 3,Nuclear,nuclear,PP,FR,1650,,,0,0,0,2035,2035,,2095,49.97666667,1.211944444,,,,,,,,,
Penly 4,Nuclear,nuclear,PP,FR,1650,,,0,0,0,2035,2035,,2095,49.97666667,1.211944444,,,,,,,,,
Gravelines 7,Nuclear,nuclear,PP,FR,1650,,,0,0,0,2038,2038,,2098,51.01361111,2.136111111,,,,,,,,,
Gravelines 8,Nuclear,nuclear,PP,FR,1650,,,0,0,0,2038,2038,,2098,51.01361111,2.136111111,,,,,,,,,
Bugey 6,Nuclear,nuclear,PP,FR,1650,,,0,0,0,2045,2045,,2105,45.79722222,5.27,,,,,,,,,
Bugey 7,Nuclear,nuclear,PP,FR,1650,,,0,0,0,2045,2045,,2105,45.79722222,5.27,,,,,,,,,
Berkeley 1,Nuclear,nuclear,PP,GB,138,,,0,0,0,1962,1962,,1989,,,,,,,,,,,
Berkeley 2,Nuclear,nuclear,PP,GB,138,,,0,0,0,1962,1962,,1988,,,,,,,,,,,
Bradwell 1,Nuclear,nuclear,PP,GB,123,,,0,0,0,1962,1962,,2002,51.74194444,0.8975,,,,,,,,,
Bradwell 2,Nuclear,nuclear,PP,GB,123,,,0,0,0,1962,1962,,2002,51.74194444,0.8975,,,,,,,,,
Calder Hall 1,Nuclear,nuclear,PP,GB,50,,,0,0,0,1956,1956,,2003,51.74194444,0.8975,,,,,,,,,
Calder Hall 2,Nuclear,nuclear,PP,GB,50,,,0,0,0,1957,1957,,2003,51.74194444,0.8975,,,,,,,,,
Calder Hall 3,Nuclear,nuclear,PP,GB,50,,,0,0,0,1958,1958,,2003,51.74194444,0.8975,,,,,,,,,
Calder Hall 4,Nuclear,nuclear,PP,GB,50,,,0,0,0,1959,1959,,2003,51.74194444,0.8975,,,,,,,,,
Chapelcross 1,Nuclear,nuclear,PP,GB,50,,,0,0,0,1959,1959,,2004,51.74194444,0.8975,,,,,,,,,
Chapelcross 2,Nuclear,nuclear,PP,GB,50,,,0,0,0,1959,1959,,2004,51.74194444,0.8975,,,,,,,,,
Chapelcross 3,Nuclear,nuclear,PP,GB,50,,,0,0,0,1959,1959,,2004,51.74194444,0.8975,,,,,,,,,
Chapelcross 4,Nuclear,nuclear,PP,GB,50,,,0,0,0,1960,1960,,2004,51.74194444,0.8975,,,,,,,,,
Dounreay  DFR,Nuclear,nuclear,PP,GB,14,,,0,0,0,1962,1962,,1977,51.74194444,0.8975,,,,,,,,,
Dounreay  PFR,Nuclear,nuclear,PP,GB,234,,,0,0,0,1975,1975,,1994,51.74194444,0.8975,,,,,,,,,
Dungeness A1,Nuclear,nuclear,PP,GB,225,,,0,0,0,1965,1965,,2006,50.91388889,0.963888889,,,,,,,,,
Dungeness A2,Nuclear,nuclear,PP,GB,225,,,0,0,0,1965,1965,,2006,50.91388889,0.963888889,,,,,,,,,
Dungeness B1,Nuclear,nuclear,PP,GB,545,,,0,0,0,1985,1985,,2021,50.91388889,0.963888889,,,,,,,,,
Dungeness B2,Nuclear,nuclear,PP,GB,545,,,0,0,0,1983,1983,,2021,50.91388889,0.963888889,,,,,,,,,
Hartlepool A1,Nuclear,nuclear,PP,GB,595,,,0,0,0,1983,1983,,2024,50.91388889,0.963888889,,,,,,,,,
Hartlepool A2,Nuclear,nuclear,PP,GB,595,,,0,0,0,1984,1984,,2024,50.91388889,0.963888889,,,,,,,,,
Heysham A1,Nuclear,nuclear,PP,GB,585,,,0,0,0,1983,1983,,2027,50.91388889,0.963888889,,,,,,,,,
Heysham A2,Nuclear,nuclear,PP,GB,575,,,0,0,0,1984,1984,,2027,50.91388889,0.963888889,,,,,,,,,
Heysham B1,Nuclear,nuclear,PP,GB,615,,,0,0,0,1988,1988,,2030,50.91388889,0.963888889,,,,,,,,,
Heysham B2,Nuclear,nuclear,PP,GB,615,,,0,0,0,1988,1988,,2030,50.91388889,0.963888889,,,,,,,,,
Hinkley Point A1,Nuclear,nuclear,PP,GB,235,,,0,0,0,1965,1965,,2000,50.91388889,0.963888889,,,,,,,,,
Hinkley Point A2,Nuclear,nuclear,PP,GB,235,,,0,0,0,1965,1965,,2000,50.91388889,0.963888889,,,,,,,,,
Hinkley Point B1,Nuclear,nuclear,PP,GB,430,,,0,0,0,1976,1976,,2022,50.91388889,0.963888889,,,,,,,,,
Hinkley Point B2,Nuclear,nuclear,PP,GB,430,,,0,0,0,1976,1976,,2022,50.91388889,0.963888889,,,,,,,,,
Hinkley Point C1,Nuclear,nuclear,PP,GB,1630,,,0,0,0,2031,2031,,2071,50.91388889,0.963888889,,,,,,,,,
Hinkley Point C2,Nuclear,nuclear,PP,GB,1630,,,0,0,0,2031,2031,,2071,50.91388889,0.963888889,,,,,,,,,
Hunterston A1,Nuclear,nuclear,PP,GB,150,,,0,0,0,1964,1964,,1990,50.91388889,0.963888889,,,,,,,,,
Hunterston A2,Nuclear,nuclear,PP,GB,150,,,0,0,0,1964,1964,,1989,50.91388889,0.963888889,,,,,,,,,
Hunterston B1,Nuclear,nuclear,PP,GB,420,,,0,0,0,1976,1976,,2022,50.91388889,0.963888889,,,,,,,,,
Hunterston B2,Nuclear,nuclear,PP,GB,420,,,0,0,0,1977,1977,,2022,50.91388889,0.963888889,,,,,,,,,
Oldbury A1,Nuclear,nuclear,PP,GB,217,,,0,0,0,1967,1967,,2012,50.91388889,0.963888889,,,,,,,,,
Oldbury A2,Nuclear,nuclear,PP,GB,217,,,0,0,0,1968,1968,,2011,50.91388889,0.963888889,,,,,,,,,
Sizewell A1,Nuclear,nuclear,PP,GB,210,,,0,0,0,1966,1966,,2006,52.21666667,1.619444444,,,,,,,,,
Sizewell A2,Nuclear,nuclear,PP,GB,210,,,0,0,0,1966,1966,,2006,52.21666667,1.619444444,,,,,,,,,
Sizewell B,Nuclear,nuclear,PP,GB,1188,,,0,0,0,1995,1995,,2035,52.21666667,1.619444444,,,,,,,,,
Torness 1,Nuclear,nuclear,PP,GB,625,,,0,0,0,1988,1988,,2030,52.21666667,1.619444444,,,,,,,,,
Torness 2,Nuclear,nuclear,PP,GB,625,,,0,0,0,1989,1989,,2030,52.21666667,1.619444444,,,,,,,,,
Trawsfynydd 1,Nuclear,nuclear,PP,GB,195,,,0,0,0,1965,1965,,1991,52.21666667,1.619444444,,,,,,,,,
Trawsfynydd 2,Nuclear,nuclear,PP,GB,195,,,0,0,0,1965,1965,,1991,52.21666667,1.619444444,,,,,,,,,
Windscale AGR   3,Nuclear,nuclear,PP,GB,24,,,0,0,0,1963,1963,,1981,52.21666667,1.619444444,,,,,,,,,
Winfrith SGHWR ?,Nuclear,nuclear,PP,GB,92,,,0,0,0,1967,1967,,1990,52.21666667,1.619444444,,,,,,,,,
Wylfa 1,Nuclear,nuclear,PP,GB,490,,,0,0,0,1971,1971,,2015,52.21666667,1.619444444,,,,,,,,,
Wylfa 2,Nuclear,nuclear,PP,GB,490,,,0,0,0,1971,1971,,2012,52.21666667,1.619444444,,,,,,,,,
Paks 1,Nuclear,nuclear,PP,HU,479,,,0,0,0,1983,1983,,2051,46.5725,18.85416667,,,,,,,,,
Paks 2,Nuclear,nuclear,PP,HU,477,,,0,0,0,1984,1984,,2051,46.5725,18.85416667,,,,,,,,,
Paks 3,Nuclear,nuclear,PP,HU,473,,,0,0,0,1986,1986,,2051,46.5725,18.85416667,,,,,,,,,
Paks 4,Nuclear,nuclear,PP,HU,473,,,0,0,0,1987,1987,,2051,46.5725,18.85416667,,,,,,,,,
Paks 5,Nuclear,nuclear,PP,HU,1200,,,0,0,0,2032,2032,,2072,46.5725,18.85416667,,,,,,,,,
Paks 6,Nuclear,nuclear,PP,HU,1200,,,0,0,0,2032,2032,,2072,46.5725,18.85416667,,,,,,,,,
Caorso 1,Nuclear,nuclear,PP,IE,860,,,0,0,0,1981,1981,,1986,45.07222222,9.872222222,,,,,,,,,
Enrico Fermi 1,Nuclear,nuclear,PP,IE,260,,,0,0,0,1965,1965,,1987,45.18409374,8.277554512,,,,,,,,,
Garigliano 1,Nuclear,nuclear,PP,IE,150,,,0,0,0,1964,1964,,1982,41.25833333,13.83472222,,,,,,,,,
Latina 1,Nuclear,nuclear,PP,IE,153,,,0,0,0,1964,1964,,1986,41.425384,12.807001,,,,,,,,,
Ignalina 1,Nuclear,nuclear,PP,LT,1185,,,0,0,0,1985,1985,,2004,55.60434185,26.56266689,,,,,,,,,
Ignalina 2,Nuclear,nuclear,PP,LT,1185,,,0,0,0,1987,1987,,2009,55.60434185,26.56266689,,,,,,,,,
Borssele 1,Nuclear,nuclear,PP,NL,482,,,0,0,0,1973,1973,,2034,51.43083333,3.718333333,,,,,,,,,
Dodewaard 1,Nuclear,nuclear,PP,NL,55,,,0,0,0,1969,1969,,1997,51.89956944,5.686327778,,,,,,,,,
Borssele 2,Nuclear,nuclear,PP,NL,1650,,,0,0,0,2040,2040,,2080,51.43083333,3.718333333,,,,,,,,,
Borssele 3,Nuclear,nuclear,PP,NL,1650,,,0,0,0,2040,2040,,2080,51.43083333,3.718333333,,,,,,,,,
Pomerania 1,Nuclear,nuclear,PP,PL,1250,,,0,0,0,2033,2033,,2073,54.742854,17.892155,,,,,,,,,
Pomerania 2,Nuclear,nuclear,PP,PL,1250,,,0,0,0,2033,2033,,2073,54.742854,17.892155,,,,,,,,,
Pomerania 3,Nuclear,nuclear,PP,PL,1250,,,0,0,0,2033,2033,,2073,54.742854,17.892155,,,,,,,,,
Wloclawek 1,Nuclear,nuclear,PP,PL,300,,,0,0,0,2035,2035,,2075,52.672,19.028,,,,,,,,,
Wloclawek 2,Nuclear,nuclear,PP,PL,300,,,0,0,0,2035,2035,,2075,52.672,19.028,,,,,,,,,
Cernavoda 1,Nuclear,nuclear,PP,RO,650,,,0,0,0,1996,1996,,2051,44.32234722,28.05728056,,,,,,,,,
Cernavoda 2,Nuclear,nuclear,PP,RO,650,,,0,0,0,2007,2007,,2051,44.32234722,28.05728056,,,,,,,,,
Cernavoda 3,Nuclear,nuclear,PP,RO,720,,,0,0,0,2031,2031,,2071,44.32234722,28.05728056,,,,,,,,,
Cernavoda 4,Nuclear,nuclear,PP,RO,720,,,0,0,0,2032,2032,,2072,44.32234722,28.05728056,,,,,,,,,
?gesta 1,Nuclear,nuclear,PP,SE,10,,,0,0,0,1964,1964,,1974,59.20611111,18.0825,,,,,,,,,
Barseb?ck 1,Nuclear,nuclear,PP,SE,600,,,0,0,0,1975,1975,,1999,55.74444444,12.92083333,,,,,,,,,
Barseb?ck 2,Nuclear,nuclear,PP,SE,600,,,0,0,0,1977,1977,,2005,55.74444444,12.92083333,,,,,,,,,
Forsmark 1,Nuclear,nuclear,PP,SE,986,,,0,0,0,1980,1980,,2040,60.40333333,18.16666667,,,,,,,,,
Forsmark 2,Nuclear,nuclear,PP,SE,1116,,,0,0,0,1981,1981,,2041,60.40333333,18.16666667,,,,,,,,,
Forsmark 3,Nuclear,nuclear,PP,SE,1159,,,0,0,0,1985,1985,,2045,60.40333333,18.16666667,,,,,,,,,
Oskarshamn 1,Nuclear,nuclear,PP,SE,473,,,0,0,0,1972,1972,,2017,57.41555556,16.67111111,,,,,,,,,
Oskarshamn 2,Nuclear,nuclear,PP,SE,638,,,0,0,0,1975,1975,,2016,57.41555556,16.67111111,,,,,,,,,
Oskarshamn 3,Nuclear,nuclear,PP,SE,1400,,,0,0,0,1985,1985,,2045,57.41555556,16.67111111,,,,,,,,,
Ringhals 1,Nuclear,nuclear,PP,SE,881,,,0,0,0,1976,1976,,2020,57.26111111,12.10833333,,,,,,,,,
Ringhals 2,Nuclear,nuclear,PP,SE,907,,,0,0,0,1975,1975,,2019,57.26111111,12.10833333,,,,,,,,,
Ringhals 3,Nuclear,nuclear,PP,SE,1062,,,0,0,0,1981,1981,,2041,57.26111111,12.10833333,,,,,,,,,
Ringhals 4,Nuclear,nuclear,PP,SE,1102,,,0,0,0,1983,1983,,2043,57.26111111,12.10833333,,,,,,,,,
Ringhals 5,Nuclear,nuclear,PP,SE,1250,,,0,0,0,2035,2035,,2075,57.26111111,12.10833333,,,,,,,,,
Ringhals 6,Nuclear,nuclear,PP,SE,1250,,,0,0,0,2035,2035,,2075,57.26111111,12.10833333,,,,,,,,,
Kr?ko ?,Nuclear,nuclear,PP,SI,688,,,0,0,0,1983,1983,,2043,45.93841389,15.51546944,,,,,,,,,
Kr?ko 2,Nuclear,nuclear,PP,SI,1200,,,0,0,0,2035,2035,,2075,45.93841389,15.51546944,,,,,,,,,
Bohunice A1,Nuclear,nuclear,PP,SK,93,,,0,0,0,1972,1972,,1977,48.49444444,17.68055556,,,,,,,,,
Bohunice 1,Nuclear,nuclear,PP,SK,408,,,0,0,0,1980,1980,,2006,48.49444444,17.68055556,,,,,,,,,
Bohunice 2,Nuclear,nuclear,PP,SK,408,,,0,0,0,1981,1981,,2008,48.49444444,17.68055556,,,,,,,,,
Bohunice 3,Nuclear,nuclear,PP,SK,471,,,0,0,0,1985,1985,,2051,48.49444444,17.68055556,,,,,,,,,
Bohunice 4,Nuclear,nuclear,PP,SK,471,,,0,0,0,1985,1985,,2051,48.49444444,17.68055556,,,,,,,,,
Mochovce 1,Nuclear,nuclear,PP,SK,436,,,0,0,0,1998,1998,,2051,48.26388889,18.45694444,,,,,,,,,
Mochovce 2,Nuclear,nuclear,PP,SK,436,,,0,0,0,2000,2000,,2051,48.26388889,18.45694444,,,,,,,,,
Mochovce 3,Nuclear,nuclear,PP,SK,440,,,0,0,0,2023,2023,,2051,48.26388889,18.45694444,,,,,,,,,
Mochovce 4,Nuclear,nuclear,PP,SK,440,,,0,0,0,2024,2024,,2064,48.26388889,18.45694444,,,,,,,,,
Bohunice 5,Nuclear,nuclear,PP,SK,1200,,,0,0,0,2040,2040,,2080,48.49444444,17.68055556,,,,,,,,,
AL Wind Onshore,onwind,Onshore,PP,AL,500,,,0,0,0,2029,,,2050,41.33,19.82,,,,,,,,,
AT Wind Onshore,onwind,Onshore,PP,AT,9000,,,0,0,0,2029,,,2050,48.21,16.37,,,,,,,,,
BA Wind Onshore,onwind,Onshore,PP,BA,1047,,,0,0,0,2029,,,2050,43.85,18.36,,,,,,,,,
BE Wind Onshore,onwind,Onshore,PP,BE,5248,,,0,0,0,2029,,,2050,50.85,4.35,,,,,,,,,
BG Wind Onshore,onwind,Onshore,PP,BG,1867.811094,,,0,0,0,2029,,,2050,42.7,23.32,,,,,,,,,
CH Wind Onshore,onwind,Onshore,PP,CH,310,,,0,0,0,2029,,,2050,46.95,7.45,,,,,,,,,
CZ Wind Onshore,onwind,Onshore,PP,CZ,1500,,,0,0,0,2029,,,2050,50.09,14.42,,,,,,,,,
DE Wind Onshore,onwind,Onshore,PP,DE,116529.5462,,,0,0,0,2029,,,2050,52.52,13.41,,,,,,,,,
DK Wind Onshore,onwind,Onshore,PP,DK,8949.382187,,,0,0,0,2029,,,2050,55.68,12.57,,,,,,,,,
EE Wind Onshore,onwind,Onshore,PP,EE,2682,,,0,0,0,2029,,,2050,59.44,24.75,,,,,,,,,
ES Wind Onshore,onwind,Onshore,PP,ES,58773.24695,,,0,0,0,2029,,,2050,40.42,-3.7,,,,,,,,,
FI Wind Onshore,onwind,Onshore,PP,FI,23312,,,0,0,0,2029,,,2050,60.17,24.94,,,,,,,,,
FR Wind Onshore,onwind,Onshore,PP,FR,32719.40167,,,0,0,0,2029,,,2050,48.85,2.35,,,,,,,,,
GB Wind Onshore,onwind,Onshore,PP,GB,28432.84,,,0,0,0,2029,,,2050,52.8615,-1.2499,,,,,,,,,
GR Wind Onshore,onwind,Onshore,PP,GR,8640,,,0,0,0,2029,,,2050,37.98,23.73,,,,,,,,,
HR Wind Onshore,onwind,Onshore,PP,HR,2824,,,0,0,0,2029,,,2050,45.81,15.98,,,,,,,,,
HU Wind Onshore,onwind,Onshore,PP,HU,1100,,,0,0,0,2029,,,2050,47.5,19.04,,,,,,,,,
IE Wind Onshore,onwind,Onshore,PP,IE,8166.666667,,,0,0,0,2029,,,2050,53.35,-6.26,,,,,,,,,
IT Wind Onshore,onwind,Onshore,PP,IT,26009.16705,,,0,0,0,2029,,,2050,41.89,12.51,,,,,,,,,
LT Wind Onshore,onwind,Onshore,PP,LT,4572.866059,,,0,0,0,2029,,,2050,54.69,25.28,,,,,,,,,
LU Wind Onshore,onwind,Onshore,PP,LU,450,,,0,0,0,2029,,,2050,49.61,6.13,,,,,,,,,
LV Wind Onshore,onwind,Onshore,PP,LV,448,,,0,0,0,2029,,,2050,56.95,24.11,,,,,,,,,
ME Wind Onshore,onwind,Onshore,PP,ME,313.4,,,0,0,0,2029,,,2050,42.44,19.26,,,,,,,,,
MK Wind Onshore,onwind,Onshore,PP,MK,410,,,0,0,0,2029,,,2050,42,21.43,,,,,,,,,
NL Wind Onshore,onwind,Onshore,PP,NL,8888.888889,,,0,0,0,2029,,,2050,52.37,4.89,,,,,,,,,
NO Wind Onshore,onwind,Onshore,PP,NO,5774,,,0,0,0,2029,,,2050,59.91,10.75,,,,,,,,,
PL Wind Onshore,onwind,Onshore,PP,PL,23240,,,0,0,0,2029,,,2050,52.23,21.01,,,,,,,,,
PT Wind Onshore,onwind,Onshore,PP,PT,10504.84021,,,0,0,0,2029,,,2050,38.72,-9.13,,,,,,,,,
RO Wind Onshore,onwind,Onshore,PP,RO,6257.142857,,,0,0,0,2029,,,2050,44.43,26.11,,,,,,,,,
RS Wind Onshore,onwind,Onshore,PP,RS,9402,,,0,0,0,2029,,,2050,44.8,20.47,,,,,,,,,
SE Wind Onshore,onwind,Onshore,PP,SE,22589.67628,,,0,0,0,2029,,,2050,59.33,18.07,,,,,,,,,
SI Wind Onshore,onwind,Onshore,PP,SI,150,,,0,0,0,2029,,,2050,46.05,14.51,,,,,,,,,
SK Wind Onshore,onwind,Onshore,PP,SK,700,,,0,0,0,2029,,,2050,48.45,17.5,,,,,,,,,
BE Wind Offshore,offwind-ac, Offshore,PP,BE,4360,,,0,0,0,2029,,,2050,50.85,4.35,,,,,,,,,
BG Wind Offshore,offwind-ac, Offshore,PP,BG,622.2,,,0,0,0,2029,,,2050,42.7,23.32,,,,,,,,,
DE Wind Offshore,offwind-ac, Offshore,PP,DE,28470.5,,,0,0,0,2029,,,2050,52.52,13.41,,,,,,,,,
DK Wind Offshore,offwind-ac, Offshore,PP,DK,4460.6,,,0,0,0,2029,,,2050,55.68,12.57,,,,,,,,,
ES Wind Offshore,offwind-ac, Offshore,PP,ES,3276.8,,,0,0,0,2029,,,2050,40.42,-3.7,,,,,,,,,
FI Wind Offshore,offwind-ac, Offshore,PP,FI,1000,,,0,0,0,2029,,,2050,60.17,24.94,,,,,,,,,
FR Wind Offshore,offwind-ac, Offshore,PP,FR,3880.6,,,0,0,0,2029,,,2050,48.85,2.35,,,,,,,,,
GB Wind Offshore,offwind-ac, Offshore,PP,GB,46949.1,,,0,0,0,2029,,,2050,52.8615,-1.2499,,,,,,,,,
GR Wind Offshore,offwind-ac, Offshore,PP,GR,2160,,,0,0,0,2029,,,2050,37.98,23.73,,,,,,,,,
HR Wind Offshore,offwind-ac, Offshore,PP,HR,510,,,0,0,0,2029,,,2050,45.81,15.98,,,,,,,,,
IE Wind Offshore,offwind-ac, Offshore,PP,IE,5833.3,,,0,0,0,2029,,,2050,53.35,-6.26,,,,,,,,,
IT Wind Offshore,offwind-ac, Offshore,PP,IT,2130.8,,,0,0,0,2029,,,2050,41.89,12.51,,,,,,,,,
LT Wind Offshore,offwind-ac, Offshore,PP,LT,1347.1,,,0,0,0,2029,,,2050,54.69,25.28,,,,,,,,,
LV Wind Offshore,offwind-ac, Offshore,PP,LV,1000,,,0,0,0,2029,,,2050,56.95,24.11,,,,,,,,,
NL Wind Offshore,offwind-ac, Offshore,PP,NL,14311.1,,,0,0,0,2029,,,2050,52.37,4.89,,,,,,,,,
NO Wind Offshore,offwind-ac, Offshore,PP,NO,3004,,,0,0,0,2029,,,2050,59.91,10.75,,,,,,,,,
PL Wind Offshore,offwind-ac, Offshore,PP,PL,5927,,,0,0,0,2029,,,2050,52.23,21.01,,,,,,,,,
PT Wind Offshore,offwind-ac, Offshore,PP,PT,1895.2,,,0,0,0,2029,,,2050,38.72,-9.13,,,,,,,,,
RO Wind Offshore,offwind-ac, Offshore,PP,RO,1042.9,,,0,0,0,2029,,,2050,44.43,26.11,,,,,,,,,
SE Wind Offshore,offwind-ac, Offshore,PP,SE,850.3,,,0,0,0,2029,,,2050,59.33,18.07,,,,,,,,,
AT Solar Rooftop,Solar,solar-rooftop,PP,AT,8000,,,0,0,0,2029,,,2050,48.21,16.37,,,,,,,,,
CH Solar Rooftop,Solar,solar-rooftop,PP,CH,16795,,,0,0,0,2029,,,2050,46.95,7.45,,,,,,,,,
DE Solar Rooftop,Solar,solar-rooftop,PP,DE,117998.9023,,,0,0,0,2029,,,2050,52.52,13.41,,,,,,,,,
DK Solar Rooftop,Solar,solar-rooftop,PP,DK,3574.02399,,,0,0,0,2029,,,2050,55.68,12.57,,,,,,,,,
FI Solar Rooftop,Solar,solar-rooftop,PP,FI,2718,,,0,0,0,2029,,,2050,60.17,24.94,,,,,,,,,
GB Solar Rooftop,Solar,solar-rooftop,PP,GB,500,,,0,0,0,2029,,,2050,52.8615,-1.2499,,,,,,,,,
HU Solar Rooftop,Solar,solar-rooftop,PP,HU,4962.099702,,,0,0,0,2029,,,2050,47.5,19.04,,,,,,,,,
IE Solar Rooftop,Solar,solar-rooftop,PP,IE,1984,,,0,0,0,2029,,,2050,53.35,-6.26,,,,,,,,,
IT Solar Rooftop,Solar,solar-rooftop,PP,IT,32143.60749,,,0,0,0,2029,,,2050,41.89,12.51,,,,,,,,,
LT Solar Rooftop,Solar,solar-rooftop,PP,LT,1550,,,0,0,0,2029,,,2050,54.69,25.28,,,,,,,,,
LU Solar Rooftop,Solar,solar-rooftop,PP,LU,900,,,0,0,0,2029,,,2050,49.61,6.13,,,,,,,,,
LV Solar Rooftop,Solar,solar-rooftop,PP,LV,110.3448276,,,0,0,0,2029,,,2050,56.95,24.11,,,,,,,,,
MK Solar Rooftop,Solar,solar-rooftop,PP,MK,1141.847713,,,0,0,0,2029,,,2050,42,21.43,,,,,,,,,
NO Solar Rooftop,Solar,solar-rooftop,PP,NO,5571,,,0,0,0,2029,,,2050,59.91,10.75,,,,,,,,,
RO Solar Rooftop,Solar,solar-rooftop,PP,RO,4000,,,0,0,0,2029,,,2050,44.43,26.11,,,,,,,,,
RS Solar Rooftop,Solar,solar-rooftop,PP,RS,1683.5,,,0,0,0,2029,,,2050,44.8,20.47,,,,,,,,,
SE Solar Rooftop,Solar,solar-rooftop,PP,SE,5763.714253,,,0,0,0,2029,,,2050,59.33,18.07,,,,,,,,,
SI Solar Rooftop,Solar,solar-rooftop,PP,SI,2023,,,0,0,0,2029,,,2050,46.05,14.51,,,,,,,,,
SK Solar Rooftop,Solar,solar-rooftop,PP,SK,225,,,0,0,0,2029,,,2050,48.45,17.5,,,,,,,,,
AL Solar Utility,Solar,solar,PP,AL,1000,,,0,0,0,2029,,,2050,41.33,19.82,,,,,,,,,
AT Solar Utility,Solar,solar,PP,AT,12999.9,,,0,0,0,2029,,,2050,48.21,16.37,,,,,,,,,
BA Solar Utility,Solar,solar,PP,BA,1945.31,,,0,0,0,2029,,,2050,43.85,18.36,,,,,,,,,
BE Solar Utility,Solar,solar,PP,BE,19130,,,0,0,0,2029,,,2050,50.85,4.35,,,,,,,,,
BG Solar Utility,Solar,solar,PP,BG,6750,,,0,0,0,2029,,,2050,42.7,23.32,,,,,,,,,
CH Solar Utility,Solar,solar,PP,CH,380,,,0,0,0,2029,,,2050,46.95,7.45,,,,,,,,,
CZ Solar Utility,Solar,solar,PP,CZ,12516,,,0,0,0,2029,,,2050,50.09,14.42,,,,,,,,,
DE Solar Utility,Solar,solar,PP,DE,97001.09766,,,0,0,0,2029,,,2050,52.52,13.41,,,,,,,,,
DK Solar Utility,Solar,solar,PP,DK,17305,,,0,0,0,2029,,,2050,55.68,12.57,,,,,,,,,
EE Solar Utility,Solar,solar,PP,EE,1570,,,0,0,0,2029,,,2050,59.44,24.75,,,,,,,,,
ES Solar Utility,Solar,solar,PP,ES,95350,,,0,0,0,2029,,,2050,40.42,-3.7,,,,,,,,,
FI Solar Utility,Solar,solar,PP,FI,6731,,,0,0,0,2029,,,2050,60.17,24.94,,,,,,,,,
FR Solar Utility,Solar,solar,PP,FR,54000,,,0,0,0,2029,,,2050,48.85,2.35,,,,,,,,,
GB Solar Utility,Solar,solar,PP,GB,34196.29,,,0,0,0,2029,,,2050,52.8615,-1.2499,,,,,,,,,
GR Solar Utility,Solar,solar,PP,GR,13500,,,0,0,0,2029,,,2050,37.98,23.73,,,,,,,,,
HR Solar Utility,Solar,solar,PP,HR,2380,,,0,0,0,2029,,,2050,45.81,15.98,,,,,,,,,
HU Solar Utility,Solar,solar,PP,HU,8331.946728,,,0,0,0,2029,,,2050,47.5,19.04,,,,,,,,,
IE Solar Utility,Solar,solar,PP,IE,6016,,,0,0,0,2029,,,2050,53.35,-6.26,,,,,,,,,
IT Solar Utility,Solar,solar,PP,IT,47026.39251,,,0,0,0,2029,,,2050,41.89,12.51,,,,,,,,,
LT Solar Utility,Solar,solar,PP,LT,5150,,,0,0,0,2029,,,2050,54.69,25.28,,,,,,,,,
LU Solar Utility,Solar,solar,PP,LU,1236,,,0,0,0,2029,,,2050,49.61,6.13,,,,,,,,,
LV Solar Utility,Solar,solar,PP,LV,1489.655172,,,0,0,0,2029,,,2050,56.95,24.11,,,,,,,,,
ME Solar Utility,Solar,solar,PP,ME,2039,,,0,0,0,2029,,,2050,42.44,19.26,,,,,,,,,
MK Solar Utility,Solar,solar,PP,MK,600,,,0,0,0,2029,,,2050,42,21.43,,,,,,,,,
NL Solar Utility,Solar,solar,PP,NL,59317,,,0,0,0,2029,,,2050,52.37,4.89,,,,,,,,,
PL Solar Utility,Solar,solar,PP,PL,36590,,,0,0,0,2029,,,2050,52.23,21.01,,,,,,,,,
PT Solar Utility,Solar,solar,PP,PT,20800,,,0,0,0,2029,,,2050,38.72,-9.13,,,,,,,,,
RO Solar Utility,Solar,solar,PP,RO,8550.00055,,,0,0,0,2029,,,2050,44.43,26.11,,,,,,,,,
RS Solar Utility,Solar,solar,PP,RS,3168.8,,,0,0,0,2029,,,2050,44.8,20.47,,,,,,,,,
SE Solar Utility,Solar,solar,PP,SE,3436.285747,,,0,0,0,2029,,,2050,59.33,18.07,,,,,,,,,
SI Solar Utility,Solar,solar,PP,SI,2750,,,0,0,0,2029,,,2050,46.05,14.51,,,,,,,,,
SK Solar Utility,Solar,solar,PP,SK,1500,,,0,0,0,2029,,,2050,48.45,17.5,,,,,,,,,
AL Hydro Run-of-river,Hydro,ror,PP,AL,534.762,,,0,0,0,2029,,,2050,41.33,19.82,,,,,,,,,
AT Hydro Run-of-river,Hydro,ror,PP,AT,5217.81893,,,0,0,0,2029,,,2050,48.21,16.37,,,,,,,,,
BA Hydro Run-of-river,Hydro,ror,PP,BA,32.1,,,0,0,0,2029,,,2050,43.85,18.36,,,,,,,,,
BE Hydro Run-of-river,Hydro,ror,PP,BE,148.202,,,0,0,0,2029,,,2050,50.85,4.35,,,,,,,,,
BG Hydro Run-of-river,Hydro,ror,PP,BG,535.51,,,0,0,0,2029,,,2050,42.7,23.32,,,,,,,,,
CH Hydro Run-of-river,Hydro,ror,PP,CH,4215,,,0,0,0,2029,,,2050,46.95,7.45,,,,,,,,,
CZ Hydro Run-of-river,Hydro,ror,PP,CZ,415,,,0,0,0,2029,,,2050,50.09,14.42,,,,,,,,,
DE Hydro Run-of-river,Hydro,ror,PP,DE,3933.9,,,0,0,0,2029,,,2050,52.52,13.41,,,,,,,,,
ES Hydro Run-of-river,Hydro,ror,PP,ES,3117.91912,,,0,0,0,2029,,,2050,40.42,-3.7,,,,,,,,,
FR Hydro Run-of-river,Hydro,ror,PP,FR,13600,,,0,0,0,2029,,,2050,48.85,2.35,,,,,,,,,
GB Hydro Run-of-river,Hydro,ror,PP,GB,1951.15,,,0,0,0,2029,,,2050,52.8615,-1.2499,,,,,,,,,
GR Hydro Run-of-river,Hydro,ror,PP,GR,325.5,,,0,0,0,2029,,,2050,37.98,23.73,,,,,,,,,
HR Hydro Run-of-river,Hydro,ror,PP,HR,64.88,,,0,0,0,2029,,,2050,45.81,15.98,,,,,,,,,
HU Hydro Run-of-river,Hydro,ror,PP,HU,62.998,,,0,0,0,2029,,,2050,47.5,19.04,,,,,,,,,
IE Hydro Run-of-river,Hydro,ror,PP,IE,215,,,0,0,0,2029,,,2050,53.35,-6.26,,,,,,,,,
IT Hydro Run-of-river,Hydro,ror,PP,IT,6937.817028,,,0,0,0,2029,,,2050,41.89,12.51,,,,,,,,,
LT Hydro Run-of-river,Hydro,ror,PP,LT,127.4,,,0,0,0,2029,,,2050,54.69,25.28,,,,,,,,,
LU Hydro Run-of-river,Hydro,ror,PP,LU,27,,,0,0,0,2029,,,2050,49.61,6.13,,,,,,,,,
ME Hydro Run-of-river,Hydro,ror,PP,ME,581,,,0,0,0,2029,,,2050,42.44,19.26,,,,,,,,,
MK Hydro Run-of-river,Hydro,ror,PP,MK,230.5000011,,,0,0,0,2029,,,2050,42,21.43,,,,,,,,,
NL Hydro Run-of-river,Hydro,ror,PP,NL,37,,,0,0,0,2029,,,2050,52.37,4.89,,,,,,,,,
NO Hydro Run-of-river,Hydro,ror,PP,NO,6991.46947,,,0,0,0,2029,,,2050,59.91,10.75,,,,,,,,,
PL Hydro Run-of-river,Hydro,ror,PP,PL,523.56,,,0,0,0,2029,,,2050,52.23,21.01,,,,,,,,,
PT Hydro Run-of-river,Hydro,ror,PP,PT,508.3,,,0,0,0,2029,,,2050,38.72,-9.13,,,,,,,,,
RO Hydro Run-of-river,Hydro,ror,PP,RO,3441.96157,,,0,0,0,2029,,,2050,44.43,26.11,,,,,,,,,
RS Hydro Run-of-river,Hydro,ror,PP,RS,1993.3,,,0,0,0,2029,,,2050,44.8,20.47,,,,,,,,,
SI Hydro Run-of-river,Hydro,ror,PP,SI,136.7,,,0,0,0,2029,,,2050,46.05,14.51,,,,,,,,,
SK Hydro Run-of-river,Hydro,ror,PP,SK,1423.3121,,,0,0,0,2029,,,2050,48.45,17.5,,,,,,,,,
AL Hydro Reservoir,Hydro,Reservoir,Store,AL,2031.744,,847.3902224,0,0,0,2029,,,2050,41.33,19.82,,,,,,,,,
AT Hydro Reservoir,Hydro,Reservoir,Store,AT,3709.051,,216.2686695,0,0,0,2029,,,2050,48.21,16.37,,,,,,,,,
BA Hydro Reservoir,Hydro,Reservoir,Store,BA,195.1,,8995.592004,0,0,0,2029,,,2050,43.85,18.36,,,,,,,,,
BG Hydro Reservoir,Hydro,Reservoir,Store,BG,1281.3,,1551.30747,0,0,0,2029,,,2050,42.7,23.32,,,,,,,,,
CH Hydro Reservoir,Hydro,Reservoir,Store,CH,8530,,1044.900352,0,0,0,2029,,,2050,46.95,7.45,,,,,,,,,
CZ Hydro Reservoir,Hydro,Reservoir,Store,CZ,428.895,,4.325067907,0,0,0,2029,,,2050,50.09,14.42,,,,,,,,,
DE Hydro Reservoir,Hydro,Reservoir,Store,DE,1007.9,,238.8547078,0,0,0,2029,,,2050,52.52,13.41,,,,,,,,,
ES Hydro Reservoir,Hydro,Reservoir,Store,ES,11536.29614,,1167.849658,0,0,0,2029,,,2050,40.42,-3.7,,,,,,,,,
FI Hydro Reservoir,Hydro,Reservoir,Store,FI,3237.358,,1708.183031,0,0,0,2029,,,2050,60.17,24.94,,,,,,,,,
FR Hydro Reservoir,Hydro,Reservoir,Store,FR,9849.04035,,1015.327346,0,0,0,2029,,,2050,48.85,2.35,,,,,,,,,
GR Hydro Reservoir,Hydro,Reservoir,Store,GR,2778.8,,827.7313948,0,0,0,2029,,,2050,37.98,23.73,,,,,,,,,
HR Hydro Reservoir,Hydro,Reservoir,Store,HR,1736.63,,1180.390181,0,0,0,2029,,,2050,45.81,15.98,,,,,,,,,
IT Hydro Reservoir,Hydro,Reservoir,Store,IT,8518.263,,663.188068,0,0,0,2029,,,2050,41.89,12.51,,,,,,,,,
LV Hydro Reservoir,Hydro,Reservoir,Store,LV,1592,,10.05050251,0,0,0,2029,,,2050,56.95,24.11,,,,,,,,,
ME Hydro Reservoir,Hydro,Reservoir,Store,ME,706,,1571.345609,0,0,0,2029,,,2050,42.44,19.26,,,,,,,,,
MK Hydro Reservoir,Hydro,Reservoir,Store,MK,538.6,,1108.349424,0,0,0,2029,,,2050,42,21.43,,,,,,,,,
NO Hydro Reservoir,Hydro,Reservoir,Store,NO,26387.41386,,3101.440631,0,0,0,2029,,,2050,59.91,10.75,,,,,,,,,
PL Hydro Reservoir,Hydro,Reservoir,Store,PL,424.76,,4.637913174,0,0,0,2029,,,2050,52.23,21.01,,,,,,,,,
PT Hydro Reservoir,Hydro,Reservoir,Store,PT,3415.3,,316.8389307,0,0,0,2029,,,2050,38.72,-9.13,,,,,,,,,
RO Hydro Reservoir,Hydro,Reservoir,Store,RO,2600.528,,1214.249952,0,0,0,2029,,,2050,44.43,26.11,,,,,,,,,
RS Hydro Reservoir,Hydro,Reservoir,Store,RS,435.27,,1484.136283,0,0,0,2029,,,2050,44.8,20.47,,,,,,,,,
SE Hydro Reservoir,Hydro,Reservoir,Store,SE,15617.2,,2044.625983,0,0,0,2029,,,2050,59.33,18.07,,,,,,,,,
SI Hydro Reservoir,Hydro,Reservoir,Store,SI,1028.7,,3.728006221,0,0,0,2029,,,2050,46.05,14.51,,,,,,,,,
SK Hydro Reservoir,Hydro,Reservoir,Store,SK,224.16,,129.3974157,0,0,0,2029,,,2050,48.45,17.5,,,,,,,,,
AT Hydro PHS,Hydro,PHS,Store,AT,6072.3,,287.9391664,0,0,0,2029,,,2050,48.21,16.37,,,,,,,,,
BE Hydro PHS,Hydro,PHS,Store,BE,1305,,4.444444444,0,0,0,2029,,,2050,50.85,4.35,,,,,,,,,
BG Hydro PHS,Hydro,PHS,Store,BG,1399,,285.2037169,0,0,0,2029,,,2050,42.7,23.32,,,,,,,,,
CH Hydro PHS,Hydro,PHS,Store,CH,4360,,286.6972477,0,0,0,2029,,,2050,46.95,7.45,,,,,,,,,
CZ Hydro PHS,Hydro,PHS,Store,CZ,1240.125,,4.890636025,0,0,0,2029,,,2050,50.09,14.42,,,,,,,,,
DE Hydro PHS,Hydro,PHS,Store,DE,8972.94,,115.7746458,0,0,0,2029,,,2050,52.52,13.41,,,,,,,,,
ES Hydro PHS,Hydro,PHS,Store,ES,9617.770333,,718.3553735,0,0,0,2029,,,2050,40.42,-3.7,,,,,,,,,
FR Hydro PHS,Hydro,PHS,Store,FR,3800,,27.37894737,0,0,0,2029,,,2050,48.85,2.35,,,,,,,,,
GB Hydro PHS,Hydro,PHS,Store,GB,3566,,0,0,0,0,2029,,,2050,52.8615,-1.2499,,,,,,,,,
GR Hydro PHS,Hydro,PHS,Store,GR,1929,,8.055987558,0,0,0,2029,,,2050,37.98,23.73,,,,,,,,,
HR Hydro PHS,Hydro,PHS,Store,HR,281.5,,65.00888099,0,0,0,2029,,,2050,45.81,15.98,,,,,,,,,
IE Hydro PHS,Hydro,PHS,Store,IE,652,,2.36196319,0,0,0,2029,,,2050,53.35,-6.26,,,,,,,,,
IT Hydro PHS,Hydro,PHS,Store,IT,7682.2,,78.69360339,0,0,0,2029,,,2050,41.89,12.51,,,,,,,,,
LT Hydro PHS,Hydro,PHS,Store,LT,938,,11.30063966,0,0,0,2029,,,2050,54.69,25.28,,,,,,,,,
NO Hydro PHS,Hydro,PHS,Store,NO,740.32,,19341.69936,0,0,0,2029,,,2050,59.91,10.75,,,,,,,,,
PL Hydro PHS,Hydro,PHS,Store,PL,1396.9,,4.610208318,0,0,0,2029,,,2050,52.23,21.01,,,,,,,,,
PT Hydro PHS,Hydro,PHS,Store,PT,4469.4,,498.7694098,0,0,0,2029,,,2050,38.72,-9.13,,,,,,,,,
RS Hydro PHS,Hydro,PHS,Store,RS,614,,811.0749186,0,0,0,2029,,,2050,44.8,20.47,,,,,,,,,
SK Hydro PHS,Hydro,PHS,Store,SK,961,,54.38022367,0,0,0,2029,,,2050,48.45,17.5,,,,,,,,,
Angleur power station_31,Natural Gas,OCGT,PP,BE,25,0.35,,0,0,0,1978,,,2050,50.6177,5.5837,,,,,,,,,
Angleur power station_32,Natural Gas,OCGT,PP,BE,25,0.35,,0,0,0,1978,,,2050,50.6177,5.5837,,,,,,,,,
Angleur power station_41,Natural Gas,OCGT,PP,BE,64,0.35,,0,0,0,2008,,,2050,50.6177,5.5837,,,,,,,,,
Angleur power station_42,Natural Gas,OCGT,PP,BE,64,0.35,,0,0,0,2008,,,2050,50.6177,5.5837,,,,,,,,,
Saint-Ghislain power station_1,Natural Gas,CCGT,PP,BE,385,0.55,,0,0,0,2001,,,2050,50.4719,3.8248,,,,,,,,,
Herdersbrug power station_1,Natural Gas,CCGT,PP,BE,480,0.5,,0,0,0,1998,,,2050,51.2629,3.2112,,,,,,,,,
Marcinelle Energie power station_1,Natural Gas,CCGT,PP,BE,413,0.55,,0,0,0,2011,,,2050,50.4138,4.4067,,,,,,,,,
Drogenbos power station_1,Natural Gas,CCGT,PP,BE,460,0.5,,0,0,0,1993,,,2050,50.8023,4.299,,,,,,,,,
Les Awirs Flemalle power station_CC1,Natural Gas,CCGT,PP,BE,870,0.55,,0,0,0,2025,,,2050,50.58563,5.41687,,,,,,,,,
Ringvaart power station_1,Natural Gas,CCGT,PP,BE,385,0.5,,0,0,0,1998,,,2050,51.1049,3.7257,,,,,,,,,
Amercoeur power station_1,Natural Gas,CCGT,PP,BE,446,0.55,,0,0,0,2010,,,2050,50.4304,4.3955,,,,,,,,,
Seraing power station_ST,Natural Gas,OCGT,PP,BE,170,0.35,,0,0,0,1994,,,2050,50.603,5.4917,,,,,,,,,
Seraing power station_2,Natural Gas,CCGT,PP,BE,875,0.55,,0,0,0,2026,,,2050,50.603,5.4917,,,,,,,,,
Seraing power station_GT1,Natural Gas,OCGT,PP,BE,150,0.35,,0,0,0,1994,,,2050,50.603,5.4917,,,,,,,,,
Seraing power station_GT2,Natural Gas,OCGT,PP,BE,150,0.35,,0,0,0,1994,,,2050,50.603,5.4917,,,,,,,,,
T-power Beringen power station_1,Natural Gas,CCGT,PP,BE,425,0.55,,0,0,0,2011,,,2050,51.0586,5.1056,,,,,,,,,
T-power Beringen power station_2,Natural Gas,CCGT,PP,BE,900,0.55,,0,0,0,2025,,,2050,51.0586,5.1056,,,,,,,,,
Vilvoorde power station_GT,Natural Gas,OCGT,PP,BE,255,0.35,,0,0,0,2001,,,2025,50.9414,4.4246,,,,,,,,,
Bobov Dol power station_6,Natural Gas,CCGT,PP,BG,39,0.55,,0,0,0,2025,,,2045,42.28582,23.03283,,,,,,,,,
Rupite power station_1,Natural Gas,CCGT,PP,BG,276,0.5,,0,0,0,2040,,,2045,41.44215,23.24136,,,,,,,,,1
Varna power station_6,Natural Gas,CCGT,PP,BG,210,0.35,,0,0,0,1979,,,2045,43.19477,27.76547,,,,,,,,,
Varna power station_7,Natural Gas,CCGT,PP,BG,275,0.55,,0,0,0,2025,,,2045,43.19477,27.76547,,,,,,,,,
Varna power station_8,Natural Gas,CCGT,PP,BG,275,0.55,,0,0,0,2025,,,2045,43.19477,27.76547,,,,,,,,,
Legrad Hybrid Power Project_CC1,Natural Gas,CCGT,PP,HR,483,0.5,,0,0,0,2040,,,2045,46.2825,16.7823,,,,,,,,,1
Mari power station_1,Natural Gas,CCGT,PP,CY,260,0.55,,0,0,0,2025,,,2045,34.72945,33.28253,,,,,,,,,
Vasilikos power station_6,Natural Gas,CCGT,PP,CY,160,0.55,,0,0,0,2024,,,2045,34.72713,33.28986,,,,,,,,,
Prostejov power station_1,Natural Gas,OCGT,PP,CZ,58,0.35,,0,0,0,2013,,,2045,49.46247,17.14352,,,,,,,,,
Esbjerg Reserve power station_1,Natural Gas,OCGT,PP,DK,25,0.35,,0,0,0,2005,,,2045,55.46181,8.46562,,,,,,,,,
Grenaa Reserve power station_1,Natural Gas,OCGT,PP,DK,25,0.35,,0,0,0,2008,,,2045,56.42181,10.89476,,,,,,,,,
M-real Tako Board mill_T2,Natural Gas,CCGT,PP,FI,5,0.35,,0,0,0,2025,,,2045,61.50072,23.77218,,,,,,,,,1
Blenod power station_51,Natural Gas,CCGT,PP,FR,295,0.55,,0,0,0,2011,,,2045,48.86898,6.08415,,,,,,,,,
Blenod power station_52,Natural Gas,CCGT,PP,FR,156,0.55,,0,0,0,2011,,,2045,48.86898,6.08415,,,,,,,,,
Combigolfe power station_1,Natural Gas,CCGT,PP,FR,435,0.55,,0,0,0,2010,,,2045,43.4072,4.8676,,,,,,,,,
Cycofos power station_1,Natural Gas,CCGT,PP,FR,451,0.55,,0,0,0,2009,,,2045,43.42801,4.88652,,,,,,,,,
Gennevilliers power station_1,Natural Gas,OCGT,PP,FR,203,0.35,,0,0,0,1992,,,2045,48.93699,2.26144,,,,,,,,,
Montereau power station_5,Natural Gas,OCGT,PP,FR,200,0.35,,0,0,0,2010,,,2045,48.38028,2.85111,,,,,,,,,
Montereau power station_6,Natural Gas,OCGT,PP,FR,200,0.35,,0,0,0,2010,,,2045,48.38028,2.85111,,,,,,,,,
Lacq power station_4,Natural Gas,CCGT,PP,FR,21,0.35,,0,0,0,1995,,,2045,43.412,-0.63512,,,,,,,,,
Landivisiau power station_1,Natural Gas,CCGT,PP,FR,446,0.55,,0,0,0,2021,,,2045,48.51013,-4.07327,,,,,,,,,
Condat-Le-Lardin power station_1,Natural Gas,CCGT,PP,FR,44,0.35,,0,0,0,2000,,,2045,45.12671,1.23011,,,,,,,,,
Condat-Le-Lardin power station_2,Natural Gas,CCGT,PP,FR,44,0.35,,0,0,0,2000,,,2045,45.12671,1.23011,,,,,,,,,
Ruhbogen power station_1,Natural Gas,OCGT,PP,FR,50,0.35,,0,0,0,2020,,,2045,48.16888,7.59951,,,,,,,,,
Nesle power station_1,Natural Gas,CCGT,PP,FR,24,0.35,,0,0,0,1997,,,2045,49.76877,2.90233,,,,,,,,,
Nesle power station_2,Natural Gas,CCGT,PP,FR,24,0.35,,0,0,0,2001,,,2045,49.76877,2.90233,,,,,,,,,
Bilho power station_1,Natural Gas,OCGT,PP,FR,46,0.35,,0,0,0,2000,,,2045,47.30711,-2.13791,,,,,,,,,
Montoir-De-Bretagne power station_1,Natural Gas,CCGT,PP,FR,478,0.55,,0,0,0,2010,,,2045,47.30721,-2.13716,,,,,,,,,
Pont sur sambre power station_1,Natural Gas,CCGT,PP,FR,450,0.55,,0,0,0,2009,,,2045,50.22915,3.86807,,,,,,,,,
Emile Huchet power station_7,Natural Gas,CCGT,PP,FR,434,0.55,,0,0,0,2009,,,2045,49.1526,6.7018,,,,,,,,,
Emile Huchet power station_8,Natural Gas,CCGT,PP,FR,434,0.55,,0,0,0,2009,,,2045,49.1526,6.7018,,,,,,,,,
Emile Huchet power station_GT,Natural Gas,CCGT,PP,FR,627,0.55,,0,0,0,2027,,,2045,49.1526,6.7018,,,,,,,,,
Morandes Power station_1,Natural Gas,CCGT,PP,FR,414,0.55,,0,0,0,2011,,,2045,46.27271,3.30086,,,,,,,,,
Croix-de-Metz power station_1,Natural Gas,CCGT,PP,FR,440,0.55,,0,0,0,2012,,,2045,48.69336,5.91468,,,,,,,,,
Altbach/Deizisau power station_Block 4 GT A (solo),Natural Gas,OCGT,PP,DE,45,0.35,,0,0,0,1971,,,2045,48.72734,9.38164,,,,,,,,,
Altbach/Deizisau power station_GT B,Natural Gas,OCGT,PP,DE,57,0.35,,0,0,0,1973,,,2045,48.72734,9.38164,,,,,,,,,
Altbach/Deizisau power station_GT C,Natural Gas,OCGT,PP,DE,81,0.35,,0,0,0,1975,,,2045,48.72734,9.38164,,,,,,,,,
Wolfen power station_1,Natural Gas,OCGT,PP,DE,50,0.35,,0,0,0,1996,,,2045,51.65694,12.25805,,,,,,,,,
Kirchmoeser power station_DT,Natural Gas,CCGT,PP,DE,56,0.35,,0,0,0,1994,,,2045,52.3942,12.4181,,,,,,,,,
Kirchmoeser power station_GT 1,Natural Gas,CCGT,PP,DE,60,0.5,,0,0,0,1994,,,2045,52.3942,12.4181,,,,,,,,,
Kirchmoeser power station_GT 2,Natural Gas,CCGT,PP,DE,60,0.5,,0,0,0,1994,,,2045,52.3942,12.4181,,,,,,,,,
Mittelsb?ren power station_1,Natural Gas,CCGT,PP,DE,445,0.35,,0,0,0,2014,,,2045,53.12891,8.68524,,,,,,,,,
Lausward power station_GTE1,Natural Gas,OCGT,PP,DE,67,0.35,,0,0,0,1974,,,2045,51.2214,6.7313,,,,,,,,,
Lausward power station_GTE2,Natural Gas,OCGT,PP,DE,65,0.35,,0,0,0,1975,,,2045,51.2214,6.7313,,,,,,,,,
Eisenh?ttenstadt power station_GuD,Natural Gas,CCGT,PP,DE,62,0.45,,0,0,0,1954,,,2045,52.14366,14.6419,,,,,,,,,
Huntorf power station_1,Natural Gas,OCGT,PP,DE,321,0.35,,0,0,0,1978,,,2045,53.18969,8.40869,,,,,,,,,
Weisweiler power station_G VGT,Natural Gas,CCGT,PP,DE,200,0.35,,0,0,0,2006,,,2045,50.84015,6.3083,,,,,,,,,
Weisweiler power station_H VGT,Natural Gas,CCGT,PP,DE,200,0.35,,0,0,0,2006,,,2045,50.84015,6.3083,,,,,,,,,
Flensburg power station_DT 13,Natural Gas,CCGT,PP,DE,38,0.35,,0,0,0,2022,,,2045,54.80478,9.43336,,,,,,,,,
Flensburg power station_GT 13,Natural Gas,OCGT,PP,DE,60,0.35,,0,0,0,2022,,,2045,54.80478,9.43336,,,,,,,,,
Industrial park Hoechst power_VT2,Natural Gas,CCGT,PP,DE,17,0.35,,0,0,0,1983,,,2045,50.09178,8.53105,,,,,,,,,
Industrial park Hoechst power_VT5,Natural Gas,CCGT,PP,DE,14,0.35,,0,0,0,1980,,,2045,50.09178,8.53105,,,,,,,,,
Industrial park Hoechst power_VT5,Natural Gas,CCGT,PP,DE,17,0.35,,0,0,0,1980,,,2045,50.0937,8.53293,,,,,,,,,
Industrial park Hoechst power_GTX 7,Natural Gas,OCGT,PP,DE,92,0.35,,0,0,0,2022,,,2045,50.09178,8.53105,,,,,,,,,
Industrial park Hoechst power_GTX 8,Natural Gas,OCGT,PP,DE,92,0.35,,0,0,0,2022,,,2045,50.09178,8.53105,,,,,,,,,
Industrial park Hoechst power_GT4,Natural Gas,CCGT,PP,DE,6,0.35,,0,0,0,1956,,,2045,50.09178,8.53105,,,,,,,,,
Staudinger power station_8,Natural Gas,CCGT,PP,DE,890,0.35,,0,0,0,2029,,,2038,50.0831,8.9668,,,,,,,,,
Trianel Hamm power station_Block 10,Natural Gas,CCGT,PP,DE,407,0.55,,0,0,0,2007,,,2038,51.67419,7.93035,,,,,,,,,
Trianel Hamm power station_Block 20,Natural Gas,CCGT,PP,DE,445,0.55,,0,0,0,2007,,,2038,51.67419,7.93035,,,,,,,,,
Trianel Hamm power station_Block 30,Natural Gas,CCGT,PP,DE,500,0.55,,0,0,0,2026,,,2038,51.67395,7.92915,,,,,,,,,
GKL Linden power station_DT,Natural Gas,OCGT,PP,DE,78,0.35,,0,0,0,1996,,,2038,52.42,9.648,,,,,,,,,
GKL Linden power station_GT 1,Natural Gas,CCGT,PP,DE,82,0.55,,0,0,0,2011,,,2038,52.42,9.648,,,,,,,,,
Cuno herdecke power station_1,Natural Gas,CCGT,PP,DE,417,0.55,,0,0,0,2007,,,2038,51.40313,7.4155,,,,,,,,,
Knapsack Gas power station_DT10,Natural Gas,CCGT,PP,DE,280,0.55,,0,0,0,2007,,,2038,50.859,6.841,,,,,,,,,
Knapsack Gas power station_I GT11,Natural Gas,CCGT,PP,DE,308,0.55,,0,0,0,2007,,,2038,50.859,6.841,,,,,,,,,
Knapsack Gas power station_I GT12,Natural Gas,CCGT,PP,DE,308,0.55,,0,0,0,2007,,,2038,50.859,6.841,,,,,,,,,
Knapsack Gas power station_II,Natural Gas,OCGT,PP,DE,430,0.35,,0,0,0,2013,,,2038,50.859,6.841,,,,,,,,,
Knapsack Gas power station_IC,Natural Gas,OCGT,PP,DE,120,0.35,,0,0,0,2029,,,2038,50.859,6.841,,,,,,,,,
Kirchlengern power station_1,Natural Gas,CCGT,PP,DE,83,0.45,,0,0,0,1981,,,2038,52.19622,8.64744,,,,,,,,,
Leuna power station_GT4,Natural Gas,CCGT,PP,DE,38,0.5,,0,0,0,1998,,,2038,51.2998,12.0193,,,,,,,,,
Emsland power station_B GT 1,Natural Gas,OCGT,PP,DE,58,0.35,,0,0,0,2011,,,2038,52.48188,7.30666,,,,,,,,,
Emsland power station_B GT 2,Natural Gas,CCGT,PP,DE,58,0.55,,0,0,0,2011,,,2038,52.48188,7.30666,,,,,,,,,
Emsland power station_C GT 1,Natural Gas,OCGT,PP,DE,58,0.35,,0,0,0,2011,,,2038,52.48188,7.30666,,,,,,,,,
Emsland power station_C GT 2,Natural Gas,OCGT,PP,DE,58,0.35,,0,0,0,2011,,,2038,52.48188,7.30666,,,,,,,,,
Mainz power station_2 GT26,Natural Gas,OCGT,PP,DE,90,0.35,,0,0,0,1977,,,2038,50.0264,8.2379,,,,,,,,,
Franken 1 power station_DT1,Natural Gas,CCGT,PP,DE,383,0.45,,0,0,0,1973,,,2038,49.4208,11.0077,,,,,,,,,
Franken 1 power station_GT 2,Natural Gas,CCGT,PP,DE,53,0.45,,0,0,0,1975,,,2038,49.4208,11.0077,,,,,,,,,
Irsching 4 power station_1,Natural Gas,CCGT,PP,DE,561,0.55,,0,0,0,2011,,,2038,48.767,11.58,,,,,,,,,
Irsching 5 power station_DT,Natural Gas,CCGT,PP,DE,282,0.55,,0,0,0,2010,,,2038,48.767,11.58,,,,,,,,,
Irsching 5 power station_GT 1,Natural Gas,CCGT,PP,DE,282,0.55,,0,0,0,2010,,,2038,48.767,11.58,,,,,,,,,
Irsching 5 power station_GT 2,Natural Gas,CCGT,PP,DE,282,0.55,,0,0,0,2010,,,2038,48.767,11.58,,,,,,,,,
Veits peaker plant_1,Natural Gas,OCGT,PP,DE,20,0.35,,0,0,0,1988,,,2038,47.65053,10.26162,,,,,,,,,
Gersteinwerk power station_H1,Natural Gas,OCGT,PP,DE,46,0.35,,0,0,0,2022,,,2038,51.67523,7.71619,,,,,,,,,
Gersteinwerk power station_I1-GT,Natural Gas,OCGT,PP,DE,55,0.35,,0,0,0,1974,,,2038,51.67523,7.71619,,,,,,,,,
Gersteinwerk power station_1,Natural Gas,CCGT,PP,DE,800,0.55,,0,0,0,2030,,,2038,51.67523,7.71619,,,,,,,,,
Scholven power station_DT,Natural Gas,CCGT,PP,DE,28,0.35,,0,0,0,2023,,,2038,51.60064,7.00461,,,,,,,,,
Scholven power station_GT1,Natural Gas,CCGT,PP,DE,53,0.55,,0,0,0,2023,,,2038,51.60064,7.00461,,,,,,,,,
Scholven power station_GT2,Natural Gas,CCGT,PP,DE,53,0.55,,0,0,0,2023,,,2038,51.60064,7.00461,,,,,,,,,
Leipheim power station_1,Natural Gas,OCGT,PP,DE,310,0.35,,0,0,0,2023,,,2038,48.44078,10.2526,,,,,,,,,
Leipheim power station_2,Natural Gas,CCGT,PP,DE,550,0.5,,0,0,0,2040,,,2038,48.44078,10.2526,,,,,,,,,1
Irsching 6 power station_1,Natural Gas,OCGT,PP,DE,300,0.35,,0,0,0,2023,,,2038,48.767,11.58,,,,,,,,,
Caterpillar Mannheim power station_P12,Natural Gas,CCGT,PP,DE,4,0.35,,0,0,0,1939,,,2038,49.50026,8.47268,,,,,,,,,
Caterpillar Mannheim power station_P13,Natural Gas,CCGT,PP,DE,2,0.35,,0,0,0,1939,,,2038,49.50026,8.47268,,,,,,,,,
Caterpillar Mannheim power station_P18,Natural Gas,CCGT,PP,DE,4,0.35,,0,0,0,1939,,,2038,49.50026,8.47268,,,,,,,,,
Caterpillar Mannheim power station_P31,Natural Gas,CCGT,PP,DE,2,0.35,,0,0,0,1994,,,2038,49.50026,8.47268,,,,,,,,,
Caterpillar Mannheim power station_P31,Natural Gas,CCGT,PP,DE,2,0.35,,0,0,0,1994,,,2038,49.50026,8.47268,,,,,,,,,
Caterpillar Mannheim power station_P34,Natural Gas,CCGT,PP,DE,1,0.35,,0,0,0,2007,,,2038,49.50026,8.47268,,,,,,,,,
Caterpillar Mannheim power station_P35,Natural Gas,CCGT,PP,DE,2,0.35,,0,0,0,2007,,,2038,49.50026,8.47268,,,,,,,,,
Caterpillar Mannheim power station_P37,Natural Gas,CCGT,PP,DE,3,0.35,,0,0,0,1994,,,2038,49.50026,8.47268,,,,,,,,,
Caterpillar Mannheim power station_P87,Natural Gas,CCGT,PP,DE,2,0.35,,0,0,0,2004,,,2038,49.50026,8.47268,,,,,,,,,
H&R chemicals power station_G4,Natural Gas,CCGT,PP,DE,6,0.35,,0,0,0,1977,,,2038,52.31507,7.35241,,,,,,,,,
Man Energy power station_15,Natural Gas,CCGT,PP,DE,14,0.35,,0,0,0,2009,,,2038,48.37997,10.89831,,,,,,,,,
Man Energy power station_32,Natural Gas,CCGT,PP,DE,2,0.35,,0,0,0,2013,,,2038,48.37997,10.89831,,,,,,,,,
Man Energy power station_40,Natural Gas,CCGT,PP,DE,5,0.35,,0,0,0,2005,,,2038,48.37997,10.89831,,,,,,,,,
Roehm power station_KonTu,Natural Gas,CCGT,PP,DE,7,0.35,,0,0,0,2012,,,2038,49.65442,8.36468,,,,,,,,,
Agios Nikolaos power station / Protergia_CC,Natural Gas,CCGT,PP,GR,433,0.55,,0,0,0,2011,,,2038,38.3585,22.6883,,,,,,,,,
Aliveri power station_5,Natural Gas,CCGT,PP,GR,417,0.55,,0,0,0,2013,,,2038,38.3896,24.0524,,,,,,,,,
Komotini power station_1,Natural Gas,CCGT,PP,GR,476,0.55,,0,0,0,2002,,,2038,41.0646,25.4899,,,,,,,,,
Korinthos power station_1,Natural Gas,CCGT,PP,GR,434,0.55,,0,0,0,2012,,,2038,37.924,23.06855,,,,,,,,,
Lavrio power station_4,Natural Gas,CCGT,PP,GR,536,0.5,,0,0,0,1997,,,2038,37.7463,24.0666,,,,,,,,,
Lavrio power station_5,Natural Gas,CCGT,PP,GR,387,0.55,,0,0,0,2006,,,2038,37.7463,24.0666,,,,,,,,,
Megalopoli power station_CC1,Natural Gas,CCGT,PP,GR,811,0.55,,0,0,0,2015,,,2038,37.41745,22.10789,,,,,,,,,
Thessaloniki power station_1,Natural Gas,CCGT,PP,GR,418,0.55,,0,0,0,2006,,,2038,40.6879,22.88402,,,,,,,,,
Thessaloniki power station_2,Natural Gas,CCGT,PP,GR,826,0.55,,0,0,0,2025,,,2038,40.6879,22.88402,,,,,,,,,
Thisvi Elpedison power station_1,Natural Gas,CCGT,PP,GR,410,0.55,,0,0,0,2010,,,2038,38.2369,22.949,,,,,,,,,
Thiva Heron power station_1-1,Natural Gas,OCGT,PP,GR,49,0.35,,0,0,0,2004,,,2038,38.27951,23.33051,,,,,,,,,
Thiva Heron power station_1-2,Natural Gas,OCGT,PP,GR,49,0.35,,0,0,0,2004,,,2038,38.27951,23.33051,,,,,,,,,
Thiva Heron power station_1-3,Natural Gas,OCGT,PP,GR,49,0.35,,0,0,0,2004,,,2038,38.27951,23.33051,,,,,,,,,
Ajka power station_1,Natural Gas,OCGT,PP,HU,58,0.35,,0,0,0,2011,,,2038,47.095,17.556,,,,,,,,,
Ajka power station_2,Natural Gas,OCGT,PP,HU,58,0.35,,0,0,0,2011,,,2038,47.095,17.556,,,,,,,,,
Dunamenti power station_G7 & G8,Natural Gas,CCGT,PP,HU,401,0.55,,0,0,0,2011,,,2038,47.3283,18.9169,,,,,,,,,
G?nyui power station_1,Natural Gas,CCGT,PP,HU,433,0.55,,0,0,0,2011,,,2038,47.7384,17.8033,,,,,,,,,
Aghada power station_AT 1,Natural Gas,OCGT,PP,IE,90,0.35,,0,0,0,1980,,,2038,51.8347,-8.2362,,,,,,,,,
Aghada power station_AT 2,Natural Gas,OCGT,PP,IE,90,0.35,,0,0,0,1980,,,2038,51.8347,-8.2362,,,,,,,,,
Aghada power station_AT 4,Natural Gas,OCGT,PP,IE,90,0.35,,0,0,0,1980,,,2038,51.8347,-8.2362,,,,,,,,,
Aghada power station_Unit 2,Natural Gas,CCGT,PP,IE,449,0.55,,0,0,0,2010,,,2038,51.8347,-8.2362,,,,,,,,,
Castlelost Flexgen power station_GT1,Natural Gas,OCGT,PP,IE,275,0.35,,0,0,0,2024,,,2038,53.3994,-7.3207,,,,,,,,,
Corduff Flexgen power station_GT1,Natural Gas,OCGT,PP,IE,65,0.35,,0,0,0,2024,,,2038,53.3911,-6.3748,,,,,,,,,
Dublin Bay power station_DB1,Natural Gas,CCGT,PP,IE,415,0.55,,0,0,0,2002,,,2038,53.34,-6.2049,,,,,,,,,
Great Island power station_1,Natural Gas,CCGT,PP,IE,464,0.55,,0,0,0,2015,,,2038,52.281,-6.991,,,,,,,,,
Monksland power station_GT,Natural Gas,OCGT,PP,IE,100,0.35,,0,0,0,2024,,,2038,53.42285,-7.98857,,,,,,,,,
Whitegate power station_1,Natural Gas,CCGT,PP,IE,445,0.55,,0,0,0,2010,,,2038,51.8161,-8.2511,,,,,,,,,
Altomonte power station_1,Natural Gas,CCGT,PP,IT,808,0.55,,0,0,0,2006,,,2038,39.7118,16.215,,,,,,,,,
Aprilia power station_1,Natural Gas,CCGT,PP,IT,787,0.55,,0,0,0,2012,,,2038,41.5616,12.6337,,,,,,,,,
Larino power station_1,Natural Gas,OCGT,PP,IT,125,0.35,,0,0,0,1992,,,2040,41.81949,14.96602,,,,,,,,,
Larino power station_2,Natural Gas,OCGT,PP,IT,125,0.35,,0,0,0,1992,,,2040,41.81949,14.96602,,,,,,,,,
Benevento power station_1,Natural Gas,CCGT,PP,IT,350,0.5,,0,0,0,2040,,,2040,41.14944,14.8303,,,,,,,,,1
Borgo Trento power station_1,Natural Gas,CCGT,PP,IT,29,0.5,,0,0,0,1994,,,2040,45.44848,10.98074,,,,,,,,,
Candela power station_1,Natural Gas,CCGT,PP,IT,401,0.55,,0,0,0,2005,,,2040,41.2014,15.4762,,,,,,,,,
La Casella power station_2,Natural Gas,CCGT,PP,IT,390,0.55,,0,0,0,2002,,,2040,45.0904,9.4805,,,,,,,,,
La Casella power station_3,Natural Gas,CCGT,PP,IT,394,0.55,,0,0,0,2003,,,2040,45.0904,9.4805,,,,,,,,,
La Casella power station_4,Natural Gas,CCGT,PP,IT,381,0.55,,0,0,0,2003,,,2040,45.0904,9.4805,,,,,,,,,
Barilla power station_1,Natural Gas,CCGT,PP,IT,35,0.55,,0,0,0,2008,,,2040,44.824,10.376,,,,,,,,,
Chivasso power station_1,Natural Gas,CCGT,PP,IT,838,0.55,,0,0,0,2004,,,2040,45.1856,7.9016,,,,,,,,,
Chivasso power station_2,Natural Gas,CCGT,PP,IT,370,0.55,,0,0,0,2005,,,2040,45.1856,7.9016,,,,,,,,,
Cologno Monzese power station_1,Natural Gas,CCGT,PP,IT,50,0.5,,0,0,0,1998,,,2040,45.53356,9.26311,,,,,,,,,
Ferrera Erbognone Refinery power station_8,Natural Gas,CCGT,PP,IT,390,0.55,,0,0,0,2004,,,2040,45.09963,8.86632,,,,,,,,,
Ferrera Erbognone Refinery power station_9,Natural Gas,CCGT,PP,IT,390,0.55,,0,0,0,2004,,,2040,45.09963,8.86632,,,,,,,,,
Ferrera Ergognone Refinery power station_10,Natural Gas,CCGT,PP,IT,250,0.55,,0,0,0,2004,,,2040,45.09963,8.86632,,,,,,,,,
Andrea Palladio di Fusina power station_FS7-1,Natural Gas,OCGT,PP,IT,560,0.35,,0,0,0,2025,,,2040,45.4314,12.2468,,,,,,,,,
Andrea Palladio di Fusina power station_FS7-2,Natural Gas,CCGT,PP,IT,280,0.55,,0,0,0,2025,,,2040,45.4314,12.2468,,,,,,,,,
Pace Del Mela power station_1,Natural Gas,OCGT,PP,IT,60,0.35,,0,0,0,2024,,,2040,38.2009,15.29811,,,,,,,,,
Gissi power station_1,Natural Gas,CCGT,PP,IT,420,0.55,,0,0,0,2008,,,2040,42.0502,14.5639,,,,,,,,,
Gissi power station_2,Natural Gas,CCGT,PP,IT,420,0.55,,0,0,0,2008,,,2040,42.0502,14.5639,,,,,,,,,
Livorno Ferraris power station_1,Natural Gas,CCGT,PP,IT,805,0.55,,0,0,0,2008,,,2040,45.28173,8.08492,,,,,,,,,
Melfi Fiat Sata power station_1,Natural Gas,OCGT,PP,IT,32,0.35,,0,0,0,2008,,,2040,41.07594,15.71406,,,,,,,,,
Milazzo power station_1,Natural Gas,CCGT,PP,IT,155,0.5,,0,0,0,1999,,,2040,38.19779,15.26759,,,,,,,,,
Modugno power station_1,Natural Gas,CCGT,PP,IT,800,0.55,,0,0,0,2010,,,2040,41.1025,16.756,,,,,,,,,
Monfalcone power station_CC1,Natural Gas,CCGT,PP,IT,880,0.55,,0,0,0,2026,,,2040,45.7979,13.5455,,,,,,,,,
Montalto Di Castro power station_4,Natural Gas,OCGT,PP,IT,305,0.35,,0,0,0,2022,,,2040,42.3572,11.5373,,,,,,,,,
Napoli Levante power station_1,Natural Gas,CCGT,PP,IT,387,0.55,,0,0,0,2009,,,2040,40.8339,14.3006,,,,,,,,,
Ostiglia power station_1,Natural Gas,CCGT,PP,IT,392,0.55,,0,0,0,2003,,,2040,45.0603,11.1374,,,,,,,,,
Ostiglia power station_2,Natural Gas,CCGT,PP,IT,392,0.55,,0,0,0,2003,,,2040,45.0603,11.1374,,,,,,,,,
Ostiglia power station_3,Natural Gas,CCGT,PP,IT,380,0.55,,0,0,0,2003,,,2040,45.0603,11.1374,,,,,,,,,
Ostiglia power station_OS5,Natural Gas,CCGT,PP,IT,880,0.55,,0,0,0,2026,,,2040,45.0603,11.1374,,,,,,,,,
Pietrafitta power station_1,Natural Gas,CCGT,PP,IT,376,0.55,,0,0,0,2003,,,2040,42.9954,12.1995,,,,,,,,,
Ponti sul Mincio power station_1,Natural Gas,CCGT,PP,IT,380,0.45,,0,0,0,1983,,,2040,45.3993,10.7142,,,,,,,,,
Porto Corsini power station_3,Natural Gas,CCGT,PP,IT,381,0.55,,0,0,0,2002,,,2040,44.4836,12.2652,,,,,,,,,
Porto Corsini power station_4,Natural Gas,CCGT,PP,IT,402,0.55,,0,0,0,2002,,,2040,44.4836,12.2652,,,,,,,,,
Porto Empedocle power station_1,Natural Gas,OCGT,PP,IT,78,0.35,,0,0,0,2015,,,2040,37.28757,13.52117,,,,,,,,,
Fiume Santo power station_1,Natural Gas,CCGT,PP,IT,560,0.5,,0,0,0,2040,,,2040,40.8461,8.3068,,,,,,,,,1
Presenzano Edison power station_1,Natural Gas,CCGT,PP,IT,770,0.55,,0,0,0,2023,,,2040,41.37662,14.07642,,,,,,,,,
ISAB Energy power station_2,Natural Gas,CCGT,PP,IT,256,0.5,,0,0,0,1999,,,2040,37.1266,15.2175,,,,,,,,,
ISAB Energy power station_3,Natural Gas,CCGT,PP,IT,256,0.5,,0,0,0,1999,,,2040,37.1266,15.2175,,,,,,,,,
Ravenna power station_GT1,Natural Gas,OCGT,PP,IT,65,0.35,,0,0,0,2040,,,2040,44.44378,12.23618,,,,,,,,,1
Ravenna power station_GT2,Natural Gas,OCGT,PP,IT,65,0.35,,0,0,0,2040,,,2040,44.44378,12.23618,,,,,,,,,1
Rizziconi power station_1,Natural Gas,CCGT,PP,IT,384,0.55,,0,0,0,2008,,,2040,38.4453,15.99,,,,,,,,,
Rizziconi power station_2,Natural Gas,CCGT,PP,IT,384,0.55,,0,0,0,2008,,,2040,38.4453,15.99,,,,,,,,,
Rossano power station_1,Natural Gas,OCGT,PP,IT,112,0.35,,0,0,0,1995,,,2040,39.6218,16.6084,,,,,,,,,
Rossano power station_3,Natural Gas,OCGT,PP,IT,112,0.35,,0,0,0,1996,,,2040,39.6218,16.6084,,,,,,,,,
San Filippo del Mela power station_1,Natural Gas,OCGT,PP,IT,579,0.35,,0,0,0,2025,,,2040,38.20216,15.28317,,,,,,,,,
San Filippo del Mela power station_2,Natural Gas,CCGT,PP,IT,280,0.35,,0,0,0,2025,,,2040,38.20216,15.28317,,,,,,,,,
Scandale power station_1,Natural Gas,CCGT,PP,IT,407,0.55,,0,0,0,2010,,,2040,39.1022,17.0325,,,,,,,,,
Scandale power station_2,Natural Gas,CCGT,PP,IT,407,0.55,,0,0,0,2010,,,2040,39.1022,17.0325,,,,,,,,,
Sermide power station_3,Natural Gas,CCGT,PP,IT,385,0.55,,0,0,0,2004,,,2040,45.0265,11.2522,,,,,,,,,
Sermide power station_4,Natural Gas,CCGT,PP,IT,773,0.55,,0,0,0,2004,,,2040,45.0265,11.2522,,,,,,,,,
Sesto San Giovanni power station_1,Natural Gas,CCGT,PP,IT,55,0.5,,0,0,0,1994,,,2040,45.5417,9.2539,,,,,,,,,
Sesto San Giovanni power station_2,Natural Gas,CCGT,PP,IT,56,0.55,,0,0,0,2004,,,2040,45.5417,9.2539,,,,,,,,,
Simeri Crichi power station_1,Natural Gas,CCGT,PP,IT,885,0.55,,0,0,0,2008,,,2040,38.8759,16.6569,,,,,,,,,
Sparanise power station_1,Natural Gas,CCGT,PP,IT,380,0.55,,0,0,0,2007,,,2040,41.1783,14.1129,,,,,,,,,
Sparanise power station_2,Natural Gas,CCGT,PP,IT,380,0.55,,0,0,0,2007,,,2040,41.1783,14.1129,,,,,,,,,
Serene Sulmona power station_1,Natural Gas,CCGT,PP,IT,48,0.5,,0,0,0,1998,,,2040,42.07722,13.90195,,,,,,,,,
Tavazzano power station_5,Natural Gas,CCGT,PP,IT,790,0.55,,0,0,0,2005,,,2040,45.3325,9.4364,,,,,,,,,
Tavazzano power station_6,Natural Gas,CCGT,PP,IT,380,0.55,,0,0,0,2005,,,2040,45.3325,9.4364,,,,,,,,,
Tavazzano power station_CCGT8,Natural Gas,CCGT,PP,IT,560,0.55,,0,0,0,2025,,,2040,45.3325,9.4364,,,,,,,,,
Tavazzano power station_CCST8,Natural Gas,CCGT,PP,IT,240,0.35,,0,0,0,2025,,,2040,45.3325,9.4364,,,,,,,,,
Termini Imerese power station_Ti53,Natural Gas,OCGT,PP,IT,153,0.35,,0,0,0,2023,,,2040,37.96801,13.75079,,,,,,,,,
Termini Imerese power station_Ti42,Natural Gas,OCGT,PP,IT,153,0.35,,0,0,0,2023,,,2040,37.96801,13.75079,,,,,,,,,
Termini Imerese power station_Ti6,Natural Gas,CCGT,PP,IT,778,0.55,,0,0,0,2004,,,2040,37.96801,13.75079,,,,,,,,,
Termoli power station_1,Natural Gas,CCGT,PP,IT,770,0.55,,0,0,0,2006,,,2040,41.9369,15.0004,,,,,,,,,
Terni power station_1,Natural Gas,CCGT,PP,IT,95,0.5,,0,0,0,2000,,,2040,42.554,12.6176,,,,,,,,,
Torviscosa power station_1,Natural Gas,CCGT,PP,IT,760,0.55,,0,0,0,2006,,,2040,45.817,13.2891,,,,,,,,,
Trapani power station_1,Natural Gas,OCGT,PP,IT,108,0.35,,0,0,0,1987,,,2040,37.87674,12.58922,,,,,,,,,
Trapani power station_2,Natural Gas,OCGT,PP,IT,108,0.35,,0,0,0,1988,,,2040,37.87674,12.58922,,,,,,,,,
Bertonico - Turano Lodigliano power station_1,Natural Gas,CCGT,PP,IT,800,0.55,,0,0,0,2011,,,2040,45.2268,9.6377,,,,,,,,,
Turbigo power station_4,Natural Gas,CCGT,PP,IT,855,0.55,,0,0,0,2007,,,2040,45.52051,8.74128,,,,,,,,,
Turbigo power station_5,Natural Gas,CCGT,PP,IT,430,0.55,,0,0,0,2022,,,2040,45.52051,8.74128,,,,,,,,,
Vado Ligure power station_VL5,Natural Gas,CCGT,PP,IT,782,0.55,,0,0,0,2007,,,2040,44.2755,8.4305,,,,,,,,,
Marghera Levante power station_1,Natural Gas,CCGT,PP,IT,780,0.55,,0,0,0,2023,,,2040,45.4458,12.2552,,,,,,,,,
Marghera Levante power station_3 & 4,Natural Gas,CCGT,PP,IT,766,0.55,,0,0,0,2001,,,2040,45.4458,12.2552,,,,,,,,,
Voghera power station_1,Natural Gas,CCGT,PP,IT,404,0.55,,0,0,0,2005,,,2040,45.0296,8.9723,,,,,,,,,
San Quirico power station_GT1,Natural Gas,OCGT,PP,IT,590,0.35,,0,0,0,2024,,,2040,44.92466,10.30298,,,,,,,,,
San Quirico power station_ST1,Natural Gas,CCGT,PP,IT,280,0.35,,0,0,0,2024,,,2040,44.92466,10.30298,,,,,,,,,
Delimara power station_3,Natural Gas,CCGT,PP,MT,153,0.55,,0,0,0,2017,,,2040,35.83087,14.55463,,,,,,,,,
Delimara power station_4,Natural Gas,CCGT,PP,MT,205,0.55,,0,0,0,2017,,,2040,35.83087,14.55463,,,,,,,,,
TPP Moldavskaya GRES_U10,Natural Gas,CCGT,PP,MD,210,0.45,,0,0,0,1974,,,2040,46.629,29.9397,,,,,,,,,
TPP Moldavskaya GRES_U11,Natural Gas,CCGT,PP,MD,250,0.45,,0,0,0,1980,,,2040,46.629,29.9397,,,,,,,,,
TPP Moldavskaya GRES_U12,Natural Gas,CCGT,PP,MD,250,0.45,,0,0,0,1982,,,2040,46.629,29.9397,,,,,,,,,
TPP Moldavskaya GRES_U7,Natural Gas,CCGT,PP,MD,200,0.45,,0,0,0,1973,,,2040,46.629,29.9397,,,,,,,,,
TPP Moldavskaya GRES_U8,Natural Gas,CCGT,PP,MD,200,0.45,,0,0,0,1973,,,2040,46.629,29.9397,,,,,,,,,
TPP Moldavskaya GRES_U9,Natural Gas,CCGT,PP,MD,210,0.45,,0,0,0,1973,,,2040,46.629,29.9397,,,,,,,,,
Bergum power station_10GT,Natural Gas,OCGT,PP,NL,73,0.35,,0,0,0,2019,,,2040,53.20975,6.02959,,,,,,,,,
Bergum power station_20GT,Natural Gas,OCGT,PP,NL,73,0.35,,0,0,0,2019,,,2040,53.20975,6.02959,,,,,,,,,
Delesto power station_1,Natural Gas,OCGT,PP,NL,180,0.35,,0,0,0,1987,,,2040,53.3185,6.9544,,,,,,,,,
EEMS power station_EC20,Natural Gas,OCGT,PP,NL,126,0.35,,0,0,0,1987,,,2040,53.44171,6.85605,,,,,,,,,
EEMS power station_EC6,Natural Gas,CCGT,PP,NL,360,0.5,,0,0,0,1996,,,2040,53.44171,6.85605,,,,,,,,,
EEMS power station_EC7,Natural Gas,CCGT,PP,NL,360,0.5,,0,0,0,1996,,,2040,53.44171,6.85605,,,,,,,,,
Enecogen power station_U10,Natural Gas,CCGT,PP,NL,435,0.55,,0,0,0,2011,,,2035,51.957,4.0916,,,,,,,,,
Enecogen power station_U20,Natural Gas,CCGT,PP,NL,435,0.55,,0,0,0,2011,,,2035,51.957,4.0916,,,,,,,,,
Maastricht Mill power station_2,Natural Gas,CCGT,PP,NL,52,0.55,,0,0,0,2007,,,2041,50.85798,5.69025,,,,,,,,,
Magnum (Eemshaven) power station_10,Natural Gas,CCGT,PP,NL,470,0.55,,0,0,0,2013,,,2041,53.4502,6.8548,,,,,,,,,
Magnum (Eemshaven) power station_20,Natural Gas,CCGT,PP,NL,470,0.55,,0,0,0,2013,,,2041,53.4502,6.8548,,,,,,,,,
Magnum (Eemshaven) power station_30,Natural Gas,CCGT,PP,NL,470,0.55,,0,0,0,2013,,,2041,53.4502,6.8548,,,,,,,,,
Maxima Flevo power station_4,Natural Gas,CCGT,PP,NL,444,0.55,,0,0,0,2010,,,2041,52.5772,5.53,,,,,,,,,
Maxima Flevo power station_5,Natural Gas,CCGT,PP,NL,475,0.55,,0,0,0,2010,,,2041,52.5772,5.53,,,,,,,,,
Rotterdam Capelle (RoCa) power station_GT3,Natural Gas,CCGT,PP,NL,220,0.5,,0,0,0,1996,,,2041,51.95366,4.56155,,,,,,,,,
Sloe power station_Slo-10,Natural Gas,CCGT,PP,NL,435,0.55,,0,0,0,2010,,,2041,51.4482,3.6928,,,,,,,,,
Sloe power station_Slo-20,Natural Gas,CCGT,PP,NL,435,0.55,,0,0,0,2010,,,2041,51.4482,3.6928,,,,,,,,,
Negotino power station_2,Natural Gas,CCGT,PP,MK,500,0.5,,0,0,0,2040,,,2041,41.45767,22.16144,,,,,,,,,1
N?r?ysund power station_1,Natural Gas,CCGT,PP,NO,220,0.55,,0,0,0,2029,,,2041,64.88478,11.29734,,,,,,,,,
Gdansk power station_1,Natural Gas,CCGT,PP,PL,450,0.55,,0,0,0,2027,,,2041,54.34514,18.72658,,,,,,,,,
Grudziadz power station_B1,Natural Gas,CCGT,PP,PL,575,0.55,,0,0,0,2026,,,2041,53.439,18.801,,,,,,,,,
Grudziadz power station_B2,Natural Gas,CCGT,PP,PL,326,0.35,,0,0,0,2040,,,2041,53.439,18.801,,,,,,,,,1
Ostroleka C power station_B1,Natural Gas,CCGT,PP,PL,745,0.55,,0,0,0,2026,,,2041,53.09384,21.63919,,,,,,,,,
Karolin _B4,Natural Gas,CCGT,PP,PL,114,0.55,,0,0,0,2025,,,2041,52.436,16.988,,,,,,,,,
Rybnik power station_B9,Natural Gas,CCGT,PP,PL,883,0.55,,0,0,0,2027,,,2042,50.133,18.524,,,,,,,,,
Kozienice power station_B1,Natural Gas,CCGT,PP,PL,750,0.55,,0,0,0,2029,,,2042,51.665,21.467,,,,,,,,,
Kozienice power station_B2,Natural Gas,CCGT,PP,PL,750,0.55,,0,0,0,2029,,,2042,51.665,21.467,,,,,,,,,
Wierzchowice Ugs power station_1,Natural Gas,CCGT,PP,PL,40,0.55,,0,0,0,2012,,,2042,51.47389,17.3052,,,,,,,,,
Wloclawek power station_1,Natural Gas,CCGT,PP,PL,463,0.55,,0,0,0,2017,,,2042,52.65194,19.09889,,,,,,,,,
Ribatejo power station_G1,Natural Gas,CCGT,PP,PT,392,0.55,,0,0,0,2003,,,2042,39.0118,-8.9521,,,,,,,,,
Ribatejo power station_G2,Natural Gas,CCGT,PP,PT,392,0.55,,0,0,0,2004,,,2042,39.0118,-8.9521,,,,,,,,,
Ribatejo power station_G3,Natural Gas,CCGT,PP,PT,392,0.55,,0,0,0,2006,,,2042,39.0118,-8.9521,,,,,,,,,
Lares power station_G1,Natural Gas,CCGT,PP,PT,431,0.55,,0,0,0,2009,,,2042,40.1245,-8.775,,,,,,,,,
Lares power station_G2,Natural Gas,CCGT,PP,PT,431,0.55,,0,0,0,2009,,,2042,40.1245,-8.775,,,,,,,,,
Figueira da Foz Industrial Complex power station_1,Natural Gas,CCGT,PP,PT,67,0.5,,0,0,0,2000,,,2042,40.0576,-8.8595,,,,,,,,,
Turbogas Tapada do Outeiro power station_G1,Natural Gas,CCGT,PP,PT,330,0.5,,0,0,0,1998,,,2042,41.07,-8.4587,,,,,,,,,
Turbogas Tapada do Outeiro power station_G2,Natural Gas,CCGT,PP,PT,330,0.5,,0,0,0,1998,,,2042,41.07,-8.4587,,,,,,,,,
Turbogas Tapada do Outeiro power station_G3,Natural Gas,CCGT,PP,PT,330,0.5,,0,0,0,1999,,,2042,41.07,-8.4587,,,,,,,,,
Elecgas Pego power station_G3,Natural Gas,CCGT,PP,PT,418,0.55,,0,0,0,2011,,,2040,39.4689,-8.1113,,,,,,,,,
Elecgas Pego power station_G4,Natural Gas,CCGT,PP,PT,418,0.55,,0,0,0,2011,,,2040,39.4689,-8.1113,,,,,,,,,
Iernut power station_5,Natural Gas,CCGT,PP,RO,200,0.35,,0,0,0,1966,,,2040,46.4677,24.1833,,,,,,,,,
Iernut power station_CC,Natural Gas,CCGT,PP,RO,430,0.55,,0,0,0,2025,,,2040,46.4677,24.1833,,,,,,,,,
Petrom Brazi power station_CC1,Natural Gas,CCGT,PP,RO,860,0.55,,0,0,0,2012,,,2040,44.88033,25.99896,,,,,,,,,
Morava power station_1,Natural Gas,CCGT,PP,RS,120,0.5,,0,0,0,2040,,,2040,44.22459,21.16254,,,,,,,,,1
Panicke Dravce power station_GT 1,Natural Gas,OCGT,PP,SK,50,0.35,,0,0,0,2009,,,2040,48.28641,19.61488,,,,,,,,,
Brestanica (TEB) power station_PB4,Natural Gas,OCGT,PP,SI,114,0.35,,0,0,0,2000,,,2040,45.9975,15.4796,,,,,,,,,
Brestanica (TEB) power station_PB5,Natural Gas,OCGT,PP,SI,114,0.35,,0,0,0,2000,,,2040,45.9975,15.4796,,,,,,,,,
Brestanica (TEB) power station_PB6,Natural Gas,OCGT,PP,SI,53,0.35,,0,0,0,2018,,,2040,45.9975,15.4796,,,,,,,,,
Brestanica (TEB) power station_PB7,Natural Gas,OCGT,PP,SI,56,0.35,,0,0,0,2020,,,2040,45.9975,15.4796,,,,,,,,,
Boroa power station_1,Natural Gas,CCGT,PP,ES,786,0.55,,0,0,0,2005,,,2040,43.2347,-2.7497,,,,,,,,,
Arcos de la Frontera power station_1,Natural Gas,CCGT,PP,ES,396,0.55,,0,0,0,2005,,,2040,36.6721,-5.8164,,,,,,,,,
Arcos de la Frontera power station_2,Natural Gas,CCGT,PP,ES,379,0.55,,0,0,0,2005,,,2040,36.6721,-5.8164,,,,,,,,,
Arcos de la Frontera power station_3,Natural Gas,CCGT,PP,ES,837,0.55,,0,0,0,2006,,,2040,36.6721,-5.8164,,,,,,,,,
Arrubal power station_1,Natural Gas,CCGT,PP,ES,395,0.55,,0,0,0,2005,,,2040,42.4194,-2.2511,,,,,,,,,
Arrubal power station_2,Natural Gas,CCGT,PP,ES,390,0.55,,0,0,0,2005,,,2040,42.4194,-2.2511,,,,,,,,,
Sabon 3 power station_1,Natural Gas,CCGT,PP,ES,391,0.55,,0,0,0,2008,,,2040,43.329,-8.503,,,,,,,,,
Puerto de Barcelona power station_1,Natural Gas,CCGT,PP,ES,435,0.55,,0,0,0,2011,,,2040,41.3366,2.1594,,,,,,,,,
Puerto de Barcelona power station_2,Natural Gas,CCGT,PP,ES,432,0.55,,0,0,0,2011,,,2040,41.3366,2.1594,,,,,,,,,
Malaga campanillas power station_1,Natural Gas,CCGT,PP,ES,416,0.55,,0,0,0,2009,,,2040,36.7495,-4.5631,,,,,,,,,
El Fangal Cartagena power station_1,Natural Gas,CCGT,PP,ES,403,0.55,,0,0,0,2006,,,2040,37.5709,-0.9458,,,,,,,,,
El Fangal Cartagena power station_2,Natural Gas,CCGT,PP,ES,401,0.55,,0,0,0,2006,,,2040,37.5709,-0.9458,,,,,,,,,
El Fangal Cartagena power station_3,Natural Gas,CCGT,PP,ES,395,0.55,,0,0,0,2006,,,2040,37.5709,-0.9458,,,,,,,,,
Escombreras Iberdrola power station_6,Natural Gas,CCGT,PP,ES,831,0.55,,0,0,0,2006,,,2040,37.5647,-0.95132,,,,,,,,,
As Pontes power station_5,Natural Gas,CCGT,PP,ES,856,0.55,,0,0,0,2006,,,2040,37.5709,-0.9458,,,,,,,,,
Cartagena power station_1,Natural Gas,CCGT,PP,ES,418,0.55,,0,0,0,2006,,,2040,37.57274,-0.93841,,,,,,,,,
Cartagena power station_2,Natural Gas,CCGT,PP,ES,418,0.55,,0,0,0,2006,,,2040,37.57274,-0.93841,,,,,,,,,
Cartagena power station_3,Natural Gas,CCGT,PP,ES,413,0.55,,0,0,0,2006,,,2040,37.57274,-0.93841,,,,,,,,,
Castejon power station TotalEnergies_1,Natural Gas,CCGT,PP,ES,425,0.55,,0,0,0,2002,,,2040,42.1718,-1.6773,,,,,,,,,
Castejon power station TotalEnergies_3,Natural Gas,CCGT,PP,ES,419,0.55,,0,0,0,2003,,,2040,42.1718,-1.6773,,,,,,,,,
Castellon power station_3,Natural Gas,CCGT,PP,ES,793,0.55,,0,0,0,2002,,,2040,39.9592,-0.001,,,,,,,,,
Castellon power station_4,Natural Gas,CCGT,PP,ES,854,0.55,,0,0,0,2008,,,2040,39.9592,-0.001,,,,,,,,,
Castelnou power station_1,Natural Gas,CCGT,PP,ES,791,0.55,,0,0,0,2006,,,2040,41.2167,-0.2928,,,,,,,,,
Escatron Peaker A.I.E. power station_1,Natural Gas,CCGT,PP,ES,277,0.55,,0,0,0,2007,,,2040,41.2977,-0.3376,,,,,,,,,
Escatron power station_3,Natural Gas,CCGT,PP,ES,804,0.55,,0,0,0,2007,,,2040,41.2977,-0.3376,,,,,,,,,
Cristobal Colon power station_4,Natural Gas,CCGT,PP,ES,391,0.55,,0,0,0,2006,,,2040,37.2156,-6.943,,,,,,,,,
Palos de la Frontera power station_1,Natural Gas,CCGT,PP,ES,387,0.55,,0,0,0,2004,,,2040,37.18448,-6.89279,,,,,,,,,
Palos de la Frontera power station_2,Natural Gas,CCGT,PP,ES,389,0.55,,0,0,0,2005,,,2040,37.18448,-6.89279,,,,,,,,,
Palos de la Frontera power station_3,Natural Gas,CCGT,PP,ES,391,0.55,,0,0,0,2005,,,2040,37.18448,-6.89279,,,,,,,,,
Soto de Ribera power station_4,Natural Gas,CCGT,PP,ES,426,0.55,,0,0,0,2008,,,2040,43.3161,-5.8777,,,,,,,,,
Soto de Ribera power station_5,Natural Gas,CCGT,PP,ES,428,0.55,,0,0,0,2011,,,2040,43.3161,-5.8777,,,,,,,,,
Sagunto power station_1,Natural Gas,CCGT,PP,ES,410,0.55,,0,0,0,2007,,,2040,39.64248,-0.23321,,,,,,,,,
Sagunto power station_2,Natural Gas,CCGT,PP,ES,412,0.55,,0,0,0,2007,,,2040,39.64248,-0.23321,,,,,,,,,
Sagunto power station_3,Natural Gas,CCGT,PP,ES,411,0.55,,0,0,0,2007,,,2040,39.64248,-0.23321,,,,,,,,,
Besos 5 power station_5,Natural Gas,CCGT,PP,ES,859,0.55,,0,0,0,2010,,,2040,41.41847,2.22859,,,,,,,,,
Besos combined cycle power station_3,Natural Gas,CCGT,PP,ES,412,0.55,,0,0,0,2002,,,2040,41.41847,2.22859,,,,,,,,,
Besos combined cycle power station_4,Natural Gas,CCGT,PP,ES,400,0.55,,0,0,0,2002,,,2040,41.41847,2.22859,,,,,,,,,
Bahia de Algeciras power station_3,Natural Gas,CCGT,PP,ES,821,0.55,,0,0,0,2011,,,2040,36.1829,-5.3905,,,,,,,,,
San Roque combined cycle power station_1,Natural Gas,CCGT,PP,ES,390,0.55,,0,0,0,2002,,,2040,36.19564,-5.41363,,,,,,,,,
San Roque combined cycle power station_2,Natural Gas,CCGT,PP,ES,402,0.55,,0,0,0,2002,,,2040,36.19564,-5.41363,,,,,,,,,
Santurce power station_4,Natural Gas,CCGT,PP,ES,403,0.55,,0,0,0,2005,,,2040,43.34,-3.0539,,,,,,,,,
Plana del Vent power station_1,Natural Gas,CCGT,PP,ES,420,0.55,,0,0,0,2007,,,2040,40.9596,0.8692,,,,,,,,,
Plana del Vent power station_2,Natural Gas,CCGT,PP,ES,423,0.55,,0,0,0,2007,,,2040,40.9596,0.8692,,,,,,,,,
Aceca power station_3,Natural Gas,CCGT,PP,ES,392,0.55,,0,0,0,2005,,,2040,39.9442,-3.8558,,,,,,,,,
Aceca power station_4,Natural Gas,CCGT,PP,ES,373,0.55,,0,0,0,2006,,,2040,39.9427,-3.8548,,,,,,,,,
Rosello Mill power station_1,Natural Gas,OCGT,PP,ES,25,0.35,,0,0,0,1998,,,2025,41.6942,0.59499,,,,,,,,,
Sant Joan Mill power station_CC,Natural Gas,CCGT,PP,ES,25,0.55,,0,0,0,2011,,,2040,42.21502,2.51511,,,,,,,,,
Tortosa Energia power station_1,Natural Gas,CCGT,PP,ES,50,0.55,,0,0,0,2011,,,2040,40.77019,0.53888,,,,,,,,,
Alc?dia power station_GT1,Natural Gas,OCGT,PP,ES,38,0.35,,0,0,0,1989,,,2040,39.81075,3.09141,,,,,,,,,
Alc?dia power station_GT2,Natural Gas,OCGT,PP,ES,38,0.35,,0,0,0,1989,,,2040,39.81075,3.09141,,,,,,,,,
Ca's Tresorer power station_CC I,Natural Gas,CCGT,PP,ES,239,0.55,,0,0,0,2006,,,2040,39.5672,2.6895,,,,,,,,,
Ca's Tresorer power station_CC II,Natural Gas,CCGT,PP,ES,236,0.55,,0,0,0,2010,,,2040,39.5672,2.6895,,,,,,,,,
Son Reus power station_CC I,Natural Gas,CCGT,PP,ES,233,0.55,,0,0,0,2001,,,2040,39.64832,2.68081,,,,,,,,,
Son Reus power station_CC II,Natural Gas,CCGT,PP,ES,225,0.55,,0,0,0,2002,,,2040,39.64832,2.68081,,,,,,,,,
Castejon power station Iberdrola_2,Natural Gas,CCGT,PP,ES,386,0.55,,0,0,0,2003,,,2040,42.1712,-1.6791,,,,,,,,,
Aksa Antalya power station_2,Natural Gas,CCGT,PP,TR,900,0.55,,0,0,0,2011,,,2040,37.1203,30.6016,,,,,,,,,
Gebze Yeni power station_1,Natural Gas,CCGT,PP,TR,865,0.55,,0,0,0,2013,,,2040,40.81655,29.57319,,,,,,,,,
Ballylumford CCGT_B10,Natural Gas,CCGT,PP,GB,116,0.55,,0,0,0,2003,,,2040,54.845,-5.786,,,,,,,,,
Ballylumford CCGT_C31,Natural Gas,CCGT,PP,GB,247,0.55,,0,0,0,2003,,,2040,54.845,-5.786,,,,,,,,,
Ballylumford CCGT_C32,Natural Gas,CCGT,PP,GB,247,0.55,,0,0,0,2003,,,2040,54.845,-5.786,,,,,,,,,
Seabank power station_1,Natural Gas,CCGT,PP,GB,755,0.5,,0,0,0,2000,,,2040,51.5392,-2.67,,,,,,,,,
Seabank power station_2,Natural Gas,CCGT,PP,GB,385,0.55,,0,0,0,2001,,,2040,51.5392,-2.67,,,,,,,,,
Carrington ESB power station_1,Natural Gas,CCGT,PP,GB,455,0.55,,0,0,0,2016,,,2040,53.43593,-2.41084,,,,,,,,,
Carrington ESB power station_2,Natural Gas,CCGT,PP,GB,455,0.55,,0,0,0,2016,,,2040,53.43593,-2.41084,,,,,,,,,
Corby Power Station_1,Natural Gas,CCGT,PP,GB,119,0.5,,0,0,0,1994,,,2040,52.5104,-0.6814,,,,,,,,,
Corby Power Station_2,Natural Gas,CCGT,PP,GB,119,0.5,,0,0,0,1994,,,2040,52.5104,-0.6814,,,,,,,,,
Corby Power Station_3,Natural Gas,CCGT,PP,GB,114,0.5,,0,0,0,1994,,,2040,52.5104,-0.6814,,,,,,,,,
Coryton power station_A,Natural Gas,CCGT,PP,GB,400,0.55,,0,0,0,2002,,,2040,51.51185,0.5079,,,,,,,,,
Coryton power station_B,Natural Gas,CCGT,PP,GB,400,0.55,,0,0,0,2002,,,2040,51.51185,0.5079,,,,,,,,,
Coryton power station_1-2,Natural Gas,CCGT,PP,GB,77,0.55,,0,0,0,2025,,,2040,51.51185,0.5079,,,,,,,,,
Coolkeeragh power station_1,Natural Gas,CCGT,PP,GB,413,0.55,,0,0,0,2004,,,2040,55.0437,-7.24868,,,,,,,,,
Enfield power station_1,Natural Gas,CCGT,PP,GB,408,0.5,,0,0,0,1999,,,2040,51.66248,-0.02248,,,,,,,,,
Great Yarmouth power station_1,Natural Gas,CCGT,PP,GB,420,0.55,,0,0,0,2001,,,2040,52.58395,1.73381,,,,,,,,,
Rye House power station_1,Natural Gas,CCGT,PP,GB,715,0.5,,0,0,0,1993,,,2040,51.76317,0.00974,,,,,,,,,
Damhead Creek power station_1,Natural Gas,CCGT,PP,GB,403,0.55,,0,0,0,2001,,,2040,51.42492,0.60143,,,,,,,,,
Damhead Creek power station_2,Natural Gas,CCGT,PP,GB,403,0.55,,0,0,0,2001,,,2040,51.42492,0.60143,,,,,,,,,
Immingham power station_4,Natural Gas,OCGT,PP,GB,50,0.35,,0,0,0,2024,,,2040,53.63779,-0.23674,,,,,,,,,
Killingholme power station_T_KILLPG-1,Natural Gas,OCGT,PP,GB,311,0.35,,0,0,0,1992,,,2040,53.65361,-0.25665,,,,,,,,,
Killingholme power station_T_KILLPG-2,Natural Gas,OCGT,PP,GB,311,0.35,,0,0,0,1992,,,2040,53.65361,-0.25665,,,,,,,,,
Staythorpe C power station_1,Natural Gas,CCGT,PP,GB,443,0.55,,0,0,0,2011,,,2040,53.07368,-0.85901,,,,,,,,,
Staythorpe C power station_2,Natural Gas,CCGT,PP,GB,443,0.55,,0,0,0,2011,,,2040,53.07368,-0.85901,,,,,,,,,
Staythorpe C power station_3,Natural Gas,CCGT,PP,GB,443,0.55,,0,0,0,2011,,,2040,53.07368,-0.85901,,,,,,,,,
Staythorpe C power station_4,Natural Gas,CCGT,PP,GB,443,0.55,,0,0,0,2011,,,2040,53.07368,-0.85901,,,,,,,,,
Severn power station_10,Natural Gas,CCGT,PP,GB,425,0.55,,0,0,0,2010,,,2040,51.5475,-2.975,,,,,,,,,
Severn power station_20,Natural Gas,CCGT,PP,GB,425,0.55,,0,0,0,2011,,,2040,51.5475,-2.975,,,,,,,,,
Pembroke power station_11,Natural Gas,CCGT,PP,GB,436,0.55,,0,0,0,2012,,,2040,51.68436,-4.9967,,,,,,,,,
Pembroke power station_21,Natural Gas,CCGT,PP,GB,436,0.55,,0,0,0,2012,,,2040,51.68436,-4.9967,,,,,,,,,
Pembroke power station_31,Natural Gas,CCGT,PP,GB,436,0.55,,0,0,0,2012,,,2040,51.68436,-4.9967,,,,,,,,,
Pembroke power station_41,Natural Gas,CCGT,PP,GB,436,0.55,,0,0,0,2012,,,2040,51.68436,-4.9967,,,,,,,,,
Pembroke power station_51,Natural Gas,CCGT,PP,GB,436,0.55,,0,0,0,2012,,,2040,51.68436,-4.9967,,,,,,,,,
Peterborough power station_GT1,Natural Gas,OCGT,PP,GB,123,0.35,,0,0,0,1993,,,2040,52.5769,-0.204,,,,,,,,,
Peterborough power station_GT2,Natural Gas,OCGT,PP,GB,123,0.35,,0,0,0,1993,,,2040,52.5769,-0.204,,,,,,,,,
Peterborough power station_IC,Natural Gas,OCGT,PP,GB,49,0.35,,0,0,0,2018,,,2040,52.5769,-0.204,,,,,,,,,
Peterhead power station_5,Natural Gas,CCGT,PP,GB,910,0.55,,0,0,0,2026,,,2040,57.47721,-1.78888,,,,,,,,,
Burghfield power station_1,Natural Gas,OCGT,PP,GB,45,0.35,,0,0,0,1998,,,2040,51.42937,-1.0033,,,,,,,,,
Cottam Development Centre_1,Natural Gas,CCGT,PP,GB,445,0.5,,0,0,0,1998,,,2040,53.30513,-0.78582,,,,,,,,,
West Burton B power station_1,Natural Gas,CCGT,PP,GB,444,0.55,,0,0,0,2013,,,2040,53.36223,-0.80759,,,,,,,,,
West Burton B power station_2,Natural Gas,CCGT,PP,GB,444,0.55,,0,0,0,2013,,,2040,53.36223,-0.80759,,,,,,,,,
West Burton B power station_3,Natural Gas,CCGT,PP,GB,444,0.55,,0,0,0,2013,,,2040,53.36223,-0.80759,,,,,,,,,
West Burton C power station_1,Natural Gas,OCGT,PP,GB,299,0.35,,0,0,0,2025,,,2040,53.36223,-0.80759,,,,,,,,,
Medway power station_1,Natural Gas,CCGT,PP,GB,378,0.5,,0,0,0,1995,,,2040,51.43956,0.68939,,,,,,,,,
Medway power station_2,Natural Gas,CCGT,PP,GB,378,0.5,,0,0,0,1995,,,2040,51.43956,0.68939,,,,,,,,,
Rocksavage power station_1,Natural Gas,CCGT,PP,GB,810,0.5,,0,0,0,1998,,,2040,53.31522,-2.72278,,,,,,,,,
King's Lynn power station_CC 1,Natural Gas,CCGT,PP,GB,382,0.55,,0,0,0,2019,,,2040,52.72783,0.37975,,,,,,,,,
Keadby 1 power station_1,Natural Gas,CCGT,PP,GB,735,0.5,,0,0,0,1996,,,2040,53.59444,-0.75044,,,,,,,,,
Keadby 2 power station_2,Natural Gas,CCGT,PP,GB,893,0.55,,0,0,0,2023,,,2040,53.59444,-0.75044,,,,,,,,,
Keadby 3 power station_3,Natural Gas,CCGT,PP,GB,910,0.55,,0,0,0,2027,,,2040,53.59444,-0.75044,,,,,,,,,
Marchwood power station_1,Natural Gas,CCGT,PP,GB,420,0.55,,0,0,0,2009,,,2040,50.89798,-1.43751,,,,,,,,,
Marchwood power station_2,Natural Gas,CCGT,PP,GB,420,0.55,,0,0,0,2009,,,2040,50.89798,-1.43751,,,,,,,,,
Shoreham power station_1,Natural Gas,CCGT,PP,GB,420,0.5,,0,0,0,2000,,,2040,50.82992,-0.23144,,,,,,,,,
Spalding Energy Expansion power station_1,Natural Gas,OCGT,PP,GB,300,0.35,,0,0,0,2019,,,2040,52.80721,-0.13334,,,,,,,,,
Spalding power station_1,Natural Gas,CCGT,PP,GB,475,0.55,,0,0,0,2004,,,2040,52.80721,-0.13334,,,,,,,,,
Spalding power station_2,Natural Gas,CCGT,PP,GB,475,0.55,,0,0,0,2004,,,2040,52.80721,-0.13334,,,,,,,,,
Little Barford power station_1,Natural Gas,CCGT,PP,GB,735,0.5,,0,0,0,1995,,,2040,52.20533,-0.2668,,,,,,,,,
South Humber Bank power station_1,Natural Gas,CCGT,PP,GB,810,0.5,,0,0,0,1997,,,2040,53.60078,-0.14462,,,,,,,,,
South Humber Bank power station_2,Natural Gas,CCGT,PP,GB,580,0.5,,0,0,0,1997,,,2040,53.60078,-0.14462,,,,,,,,,
Sutton Bridge Power Station_1,Natural Gas,CCGT,PP,GB,410,0.5,,0,0,0,1999,,,2040,52.7571,0.1919,,,,,,,,,
Sutton Bridge Power Station_2,Natural Gas,CCGT,PP,GB,410,0.5,,0,0,0,1999,,,2040,52.7571,0.1919,,,,,,,,,
Didcot B power station_5,Natural Gas,CCGT,PP,GB,780,0.5,,0,0,0,1997,,,2040,51.6246,-1.2683,,,,,,,,,
Didcot B power station_6,Natural Gas,CCGT,PP,GB,710,0.5,,0,0,0,1997,,,2040,51.6246,-1.2683,,,,,,,,,
Chickerell power station_1,Natural Gas,OCGT,PP,GB,45,0.35,,0,0,0,1999,,,2040,50.62357,-2.48907,,,,,,,,,
Langage power station_1,Natural Gas,CCGT,PP,GB,453,0.55,,0,0,0,2010,,,2040,50.38782,-4.01099,,,,,,,,,
Langage power station_2,Natural Gas,CCGT,PP,GB,453,0.55,,0,0,0,2010,,,2040,50.38782,-4.01099,,,,,,,,,
Connah's Quay power station_1,Natural Gas,CCGT,PP,GB,345,0.5,,0,0,0,1996,,,2040,53.2317,-3.08149,,,,,,,,,
Connah's Quay power station_2,Natural Gas,CCGT,PP,GB,345,0.5,,0,0,0,1996,,,2040,53.2317,-3.08149,,,,,,,,,
Connah's Quay power station_3,Natural Gas,CCGT,PP,GB,345,0.5,,0,0,0,1996,,,2040,53.2317,-3.08149,,,,,,,,,
Connah's Quay power station_4,Natural Gas,CCGT,PP,GB,345,0.5,,0,0,0,1996,,,2040,53.2317,-3.08149,,,,,,,,,
Connah's Quay power station_CQLCP1,Natural Gas,CCGT,PP,GB,550,0.55,,0,0,0,2030,,,2040,53.2317,-3.08149,,,,,,,,,
Connah's Quay power station_CQLCP2,Natural Gas,CCGT,PP,GB,550,0.55,,0,0,0,2030,,,2040,53.2317,-3.08149,,,,,,,,,
Creyke Beck power station_IC,Natural Gas,OCGT,PP,GB,50,0.35,,0,0,0,2017,,,2040,53.79758,-0.41791,,,,,,,,,
Didcot power station_GT,Natural Gas,OCGT,PP,GB,100,0.35,,0,0,0,1972,,,2024,51.6246,-1.2683,,,,,,,,,
Ferrybridge-C power station_D CC 1,Natural Gas,CCGT,PP,GB,1200,0.5,,0,0,0,2040,,,2050,53.71564,-1.28057,,,,,,,,,1
Gibraltar's Rock power station_IC1-3,Natural Gas,OCGT,PP,GB,43,0.35,,0,0,0,2018,,,2050,36.1297,-5.354,,,,,,,,,
Gibraltar's Rock power station_IC4-6,Natural Gas,OCGT,PP,GB,43,0.35,,0,0,0,2018,,,2050,36.1297,-5.354,,,,,,,,,
Glanford Brigg IC power station_IC1,Natural Gas,OCGT,PP,GB,50,0.35,,0,0,0,2018,,,2050,53.5411,-0.5055,,,,,,,,,
Glanford Brigg IC power station_IC2,Natural Gas,OCGT,PP,GB,50,0.35,,0,0,0,2025,,,2050,53.5411,-0.5055,,,,,,,,,
Hirwaun power station_1,Natural Gas,OCGT,PP,GB,299,0.35,,0,0,0,2024,,,2050,51.74467,-3.54103,,,,,,,,,
Immingham B power station_B,Natural Gas,OCGT,PP,GB,299,0.35,,0,0,0,2026,,,2050,53.63779,-0.23674,,,,,,,,,
Keadby power station_GT3,Natural Gas,OCGT,PP,GB,30,0.35,,0,0,0,1996,,,2050,53.59444,-0.75044,,,,,,,,,
Lemington power station_IC,Natural Gas,OCGT,PP,GB,50,0.35,,0,0,0,2024,,,2050,54.9726,-1.7143,,,,,,,,,
Millbrook power station_1,Natural Gas,OCGT,PP,GB,299,0.35,,0,0,0,2024,,,2050,52.0704,-0.51482,,,,,,,,,
Tees Combined-Cycle Power Station_CC 1,Natural Gas,CCGT,PP,GB,850,0.55,,0,0,0,2024,,,2050,54.58084,-1.14422,,,,,,,,,
Tees Combined-Cycle Power Station_CC 2,Natural Gas,CCGT,PP,GB,850,0.55,,0,0,0,2024,,,2050,54.58084,-1.14422,,,,,,,,,
Wrexham Energy Centre_1,Natural Gas,CCGT,PP,GB,299,0.55,,0,0,0,2025,,,2050,53.0402,-2.93303,,,,,,,,,
Abergelli power station_1,Natural Gas,OCGT,PP,GB,299,0.35,,0,0,0,2024,,,2050,51.69498,-3.9494,,,,,,,,,
Progress power station_1,Natural Gas,OCGT,PP,GB,299,0.35,,0,0,0,2024,,,2050,52.31961,1.14621,,,,,,,,,
Keadby Hydrogen power station_H2,Natural Gas,CCGT,PP,GB,900,0.55,,0,0,0,2030,,,2050,53.59444,-0.75044,,,,,,,,,
Bancroft power station_IC1-5,Natural Gas,OCGT,PP,GB,20,0.35,,0,0,0,2020,,,2050,53.8001,-2.2175,,,,,,,,,
Caledon Green power station_IC1-5,Natural Gas,OCGT,PP,GB,23,0.35,,0,0,0,2023,,,2050,56.01108,-3.73852,,,,,,,,,
Chadderton power station_IC1-5,Natural Gas,OCGT,PP,GB,20,0.35,,0,0,0,2020,,,2050,53.54201,-2.13098,,,,,,,,,
Harelaw power station_IC1-10,Natural Gas,OCGT,PP,GB,20,0.35,,0,0,0,2021,,,2050,55.89546,-4.63027,,,,,,,,,
Hartmoor power station_IC,Natural Gas,OCGT,PP,GB,50,0.35,,0,0,0,2021,,,2050,54.70266,-1.29101,,,,,,,,,
Hillhouse power station_IC1-5,Natural Gas,OCGT,PP,GB,20,0.35,,0,0,0,2023,,,2050,53.8851,-2.9986,,,,,,,,,
Leven power station_IC1-9,Natural Gas,OCGT,PP,GB,21,0.35,,0,0,0,2021,,,2050,56.1999,-3.0208,,,,,,,,,
Pimbo power station_IC1-5,Natural Gas,OCGT,PP,GB,21,0.35,,0,0,0,2019,,,2050,53.5299,-2.7588,,,,,,,,,
Erskine power station_IC,Natural Gas,OCGT,PP,GB,21,0.35,,0,0,0,2024,,,2050,55.90281,-4.48387,,,,,,,,,
Abercorn power station_IC,Natural Gas,OCGT,PP,GB,21,0.35,,0,0,0,2024,,,2050,55.85799,-4.4204,,,,,,,,,
Drumcross power station_IC,Natural Gas,OCGT,PP,GB,21,0.35,,0,0,0,2024,,,2050,55.9079,-3.58781,,,,,,,,,
Bracknell peaker power station_ICCC,Natural Gas,OCGT,PP,GB,20,0.35,,0,0,0,2016,,,2050,51.41691,-0.76444,,,,,,,,,
Fareham peaker power station_ICCC,Natural Gas,OCGT,PP,GB,20,0.35,,0,0,0,2021,,,2050,50.85811,-1.24511,,,,,,,,,
Havant peaker power station_ICCC,Natural Gas,OCGT,PP,GB,21,0.35,,0,0,0,2025,,,2050,50.847,-0.9979,,,,,,,,,1
Llandarcy peaker power station_ICCC,Natural Gas,OCGT,PP,GB,20,0.35,,0,0,0,2021,,,2050,51.64958,-3.85432,,,,,,,,,
Southampton peaker power station_ICCC,Natural Gas,OCGT,PP,GB,24,0.35,,0,0,0,2025,,,2050,50.90493,-1.40964,,,,,,,,,1
Exeter peaker power station_ICCC,Natural Gas,OCGT,PP,GB,20,0.35,,0,0,0,2025,,,2050,50.69643,-3.51222,,,,,,,,,1
Barry peaker power station_ICCC,Natural Gas,OCGT,PP,GB,20,0.35,,0,0,0,2025,,,2050,51.4111,-3.22934,,,,,,,,,1
Peterborough peaker power station_ICCC,Natural Gas,OCGT,PP,GB,20,0.35,,0,0,0,2025,,,2050,52.5565,-0.25965,,,,,,,,,1
Chatterley power station_IC1-8,Natural Gas,OCGT,PP,GB,20,0.35,,0,0,0,2025,,,2050,53.0546,-2.2255,,,,,,,,,1
Maidenhead power station_ICCC,Natural Gas,OCGT,PP,GB,50,0.35,,0,0,0,2026,,,2050,51.4818,-0.7626,,,,,,,,,
Nazeing power station_ICCC,Natural Gas,OCGT,PP,GB,50,0.35,,0,0,0,2026,,,2050,51.7514,0.0213,,,,,,,,,
Swansea power station_GT,Natural Gas,OCGT,PP,GB,40,0.35,,0,0,0,2017,,,2050,51.6446,-4.0183,,,,,,,,,
Water Lane power station_ICCC,Natural Gas,OCGT,PP,GB,20,0.35,,0,0,0,2025,,,2050,50.71254,-3.53131,,,,,,,,,1
Mellach power station_3,Natural Gas,OCGT,PP,AT,165,0.35,,0,0,0,2020,,,2050,46.90819,15.49231,,,,,,,,,
Krems Industriepark power station_IC1-4,Natural Gas,OCGT,PP,AT,41,0.35,,0,0,0,1992,,,2050,48.40738,15.63577,,,,,,,,,
Kakanj power station_CC,Natural Gas,CCGT,PP,BA,175,0.55,,0,0,0,2029,,,2050,44.08963,18.11387,,,,,,,,,
Zvornik power station_1,Natural Gas,CCGT,PP,BA,63,0.35,,0,0,0,2030,,,2050,44.38648,19.10476,,,,,,,,,
Komorany heating plant_K7,Natural Gas,OCGT,PP,CZ,35,0.35,,0,0,0,2024,,,2050,50.52229,13.5721,,,,,,,,,
Komorany heating plant_K8,Natural Gas,OCGT,PP,CZ,36,0.35,,0,0,0,2024,,,2050,50.52229,13.5721,,,,,,,,,
Prostejov power station_2,Natural Gas,OCGT,PP,CZ,50,0.35,,0,0,0,2024,,,2050,49.46247,17.14352,,,,,,,,,
Fyns power station_7,Natural Gas,OCGT,PP,DK,362,0.35,,0,0,0,2024,,,2030,55.42941,10.41021,,,,,,,,,
Porvoo power station_1,Natural Gas,OCGT,PP,FI,70,0.35,,0,0,0,1998,,,2050,60.3125,25.5248,,,,,,,,,
Renaires power station_GT1,Natural Gas,OCGT,PP,FR,25,0.35,,0,0,0,2020,,,2050,43.36092,5.01706,,,,,,,,,
Weisweiler power station_CC,Natural Gas,CCGT,PP,DE,800,0.55,,0,0,0,2030,,,2050,50.8392,6.3211,,,,,,,,,
Rheinhafen steam power station_RDK9,Natural Gas,CCGT,PP,DE,850,0.35,,0,0,0,2040,,,2050,49.01486,8.31307,,,,,,,,,1
Bergkamen power station_1,Natural Gas,CCGT,PP,DE,900,0.55,,0,0,0,2030,,,2050,51.63668,7.6206,,,,,,,,,
Mehrum power station_Block 1,Natural Gas,CCGT,PP,DE,1200,0.5,,0,0,0,2040,,,2050,52.31511,10.09376,,,,,,,,,1
Alexandroupolis Industrial Area power station_1,Natural Gas,CCGT,PP,GR,840,0.55,,0,0,0,2027,,,2050,40.84917,25.8578,,,,,,,,,
Gek-Terna Komotini power station_1,Natural Gas,CCGT,PP,GR,877,0.55,,0,0,0,2024,,,2050,41.11813,25.38942,,,,,,,,,
Larissa Thermoelectric power station_1,Natural Gas,CCGT,PP,GR,882,0.55,,0,0,0,2025,,,2050,39.68861,22.47389,,,,,,,,,
Ptolemaida power station_5-1,Natural Gas,OCGT,PP,GR,350,0.35,,0,0,0,2027,,,2050,40.40971,21.78757,,,,,,,,,
Ptolemaida power station_5-2,Natural Gas,CCGT,PP,GR,650,0.5,,0,0,0,2040,,,2050,40.40971,21.78757,,,,,,,,,1
Tithorea power station_CC,Natural Gas,CCGT,PP,GR,153,0.5,,0,0,0,2040,,,2050,38.58606,22.66777,,,,,,,,,1
Agios Dimitrios power station_1,Natural Gas,CCGT,PP,GR,100,0.35,,0,0,0,2040,,,2050,40.39419,21.92489,,,,,,,,,1
Dunamenti power station_G17,Natural Gas,CCGT,PP,HU,60,0.5,,0,0,0,1998,,,2050,47.3283,18.9169,,,,,,,,,
Matra power station_CC1,Natural Gas,CCGT,PP,HU,520,0.55,,0,0,0,2025,,,2050,47.7886,20.066,,,,,,,,,
Tisza power station_1,Natural Gas,CCGT,PP,HU,500,0.55,,0,0,0,2026,,,2050,47.91729,21.07698,,,,,,,,,
Tisza power station_2,Natural Gas,CCGT,PP,HU,500,0.55,,0,0,0,2026,,,2050,47.91729,21.07698,,,,,,,,,
Arklow Echelon power station_DUB20 Phase 2,Natural Gas,OCGT,PP,IE,203,0.35,,0,0,0,2027,,,2050,52.8119,-6.1313,,,,,,,,,
Clondalkin Echelon power station_DUB10,Natural Gas,OCGT,PP,IE,120,0.35,,0,0,0,2024,,,2050,53.3218,-6.4432,,,,,,,,,
Cushaling power station_3,Natural Gas,OCGT,PP,IE,88,0.35,,0,0,0,2025,,,2050,53.29034,-7.08705,,,,,,,,,
Derrygreenagh power station_CC1,Natural Gas,CCGT,PP,IE,570,0.5,,0,0,0,2040,,,2050,53.39237,-7.2567,,,,,,,,,1
Derrygreenagh power station_GT1,Natural Gas,OCGT,PP,IE,140,0.35,,0,0,0,2040,,,2050,53.39237,-7.2567,,,,,,,,,1
Grange Castle Business Park power station_GT1,Natural Gas,OCGT,PP,IE,170,0.35,,0,0,0,2040,,,2050,53.32254,-6.44026,,,,,,,,,1
Grange Castle Business Park power station_DUB06,Natural Gas,OCGT,PP,IE,24,0.35,,0,0,0,2025,,,2050,53.32254,-6.44026,,,,,,,,,1
Grange Castle Business Park power station_DUB07,Natural Gas,OCGT,PP,IE,24,0.35,,0,0,0,2025,,,2050,53.32254,-6.44026,,,,,,,,,1
Grange Castle Business Park power station_DUB08,Natural Gas,OCGT,PP,IE,24,0.35,,0,0,0,2025,,,2050,53.32254,-6.44026,,,,,,,,,1
Grange Castle Business Park power station_DUB09,Natural Gas,OCGT,PP,IE,24,0.35,,0,0,0,2025,,,2050,53.32254,-6.44026,,,,,,,,,1
Grange Castle Business Park power station_DUB10,Natural Gas,OCGT,PP,IE,24,0.35,,0,0,0,2025,,,2050,53.32254,-6.44026,,,,,,,,,1
Grange Castle Business Park power station_DUB11,Natural Gas,OCGT,PP,IE,24,0.35,,0,0,0,2025,,,2050,53.32254,-6.44026,,,,,,,,,1
Grange Castle Business Park power station_DUB12,Natural Gas,OCGT,PP,IE,24,0.35,,0,0,0,2025,,,2050,53.32254,-6.44026,,,,,,,,,1
Grange Castle Business Park power station_DUB13,Natural Gas,OCGT,PP,IE,24,0.35,,0,0,0,2025,,,2050,53.32254,-6.44026,,,,,,,,,1
Grange Castle Echelon power station_DUB40,Natural Gas,OCGT,PP,IE,120,0.35,,0,0,0,2024,,,2050,53.32834,-6.43415,,,,,,,,,
Huntstown power station_1,Natural Gas,CCGT,PP,IE,343,0.55,,0,0,0,2002,,,2050,53.4119,-6.3261,,,,,,,,,
Huntstown power station_2,Natural Gas,CCGT,PP,IE,404,0.55,,0,0,0,2007,,,2050,53.4119,-6.3261,,,,,,,,,
Huntstown power station_DC1,Natural Gas,OCGT,PP,IE,36,0.35,,0,0,0,2025,,,2050,53.4119,-6.3261,,,,,,,,,
Huntstown power station_DC2,Natural Gas,OCGT,PP,IE,36,0.35,,0,0,0,2027,,,2050,53.4119,-6.3261,,,,,,,,,
Huntstown power station_GT1,Natural Gas,OCGT,PP,IE,50,0.35,,0,0,0,2024,,,2027,53.4119,-6.3261,,,,,,,,,
Kilshane power station_GT1,Natural Gas,OCGT,PP,IE,300,0.35,,0,0,0,2028,,,2040,53.4163,-6.3244,,,,,,,,,
Lumcloon power station_GT,Natural Gas,OCGT,PP,IE,275,0.35,,0,0,0,2025,,,2041,53.22719,-7.79564,,,,,,,,,
Shannon LNG power station_1,Natural Gas,CCGT,PP,IE,600,0.55,,0,0,0,2026,,,2041,52.58099,-9.44246,,,,,,,,,
North Wall power station_GT,Natural Gas,OCGT,PP,IE,210,0.35,,0,0,0,2024,,,2030,53.3502,-6.2111,,,,,,,,,
Poolbeg power station_A,Natural Gas,CCGT,PP,IE,245,0.5,,0,0,0,1994,,,2041,53.3396,-6.1867,,,,,,,,,
Poolbeg power station_B,Natural Gas,CCGT,PP,IE,245,0.5,,0,0,0,1998,,,2041,53.3396,-6.1867,,,,,,,,,
Poolbeg power station_Flexgen,Natural Gas,OCGT,PP,IE,65,0.35,,0,0,0,2024,,,2041,53.3396,-6.1867,,,,,,,,,
Poolbeg power station_GT1,Natural Gas,OCGT,PP,IE,299,0.35,,0,0,0,2027,,,2041,53.3396,-6.1867,,,,,,,,,
Rhode power station_1,Natural Gas,OCGT,PP,IE,52,0.35,,0,0,0,2004,,,2041,53.35914,-7.21306,,,,,,,,,
Rhode power station_2,Natural Gas,OCGT,PP,IE,52,0.35,,0,0,0,2004,,,2041,53.35914,-7.21306,,,,,,,,,
Ringsend Flexgen power station_1,Natural Gas,OCGT,PP,IE,65,0.35,,0,0,0,2024,,,2041,53.33868,-6.20486,,,,,,,,,
Tynagh power station_1,Natural Gas,CCGT,PP,IE,384,0.55,,0,0,0,2006,,,2041,53.1658,-8.381,,,,,,,,,
Bellacorick power station_GT1,Natural Gas,OCGT,PP,IE,57,0.35,,0,0,0,2026,,,2041,54.1208,-9.5778,,,,,,,,,
Bellacorick power station_GT2,Natural Gas,OCGT,PP,IE,57,0.35,,0,0,0,2026,,,2041,54.1208,-9.5778,,,,,,,,,
Profile Park power station_ICCC,Natural Gas,OCGT,PP,IE,100,0.35,,0,0,0,2025,,,2041,53.3139,-6.4489,,,,,,,,,
Cashla Peaker Plant_1,Natural Gas,OCGT,PP,IE,334,0.35,,0,0,0,2029,,,2041,53.30131,-8.80173,,,,,,,,,
Coolpowra Power Station_1,Natural Gas,OCGT,PP,IE,385,0.35,,0,0,0,2040,,,2041,53.13045,-8.26519,,,,,,,,,1
Coolpowra Power Station_2,Natural Gas,OCGT,PP,IE,385,0.35,,0,0,0,2040,,,2041,53.13045,-8.26519,,,,,,,,,1
Coolpowra Power Station_3,Natural Gas,OCGT,PP,IE,385,0.35,,0,0,0,2040,,,2041,53.13045,-8.26519,,,,,,,,,1
Nijmegen power station_1,Natural Gas,CCGT,PP,NL,500,0.35,,0,0,0,2025,,,2041,51.85556,5.83056,,,,,,,,,
Hammerfest Snohvit Terminal power station_1,Natural Gas,CCGT,PP,NO,229,0.5,,0,0,0,2025,,,2041,70.6854,23.59,,,,,,,,,1
Dolna Odra power station_Gryfino II,Natural Gas,OCGT,PP,PL,660,0.35,,0,0,0,2040,,,2041,53.206,14.466,,,,,,,,,1
Rybnik power station_Rybnik II,Natural Gas,OCGT,PP,PL,1040,0.35,,0,0,0,2040,,,2041,50.133,18.524,,,,,,,,,1
Ostr?w Wielkopolski power station_1,Natural Gas,CCGT,PP,PL,600,0.35,,0,0,0,2040,,,2041,51.63757,17.84844,,,,,,,,,1
Pomorzany power station_1,Natural Gas,OCGT,PP,PL,24,0.35,,0,0,0,2040,,,2041,53.39182,14.52826,,,,,,,,,1
Vit?ria power station_Phase 3,Natural Gas,OCGT,PP,PT,55,0.35,,0,0,0,2015,,,2041,32.648,-16.9676,,,,,,,,,
Isalnita power station_10,Natural Gas,CCGT,PP,RO,425,0.55,,0,0,0,2027,,,2041,44.38844,23.71742,,,,,,,,,
Isalnita power station_9,Natural Gas,CCGT,PP,RO,425,0.55,,0,0,0,2027,,,2041,44.38844,23.71742,,,,,,,,,
Turceni power station_5,Natural Gas,CCGT,PP,RO,475,0.55,,0,0,0,2027,,,2041,44.66972,23.40778,,,,,,,,,
Novi Sad power station_2-1,Natural Gas,CCGT,PP,RS,350,0.35,,0,0,0,2040,,,2041,45.26797,19.88533,,,,,,,,,1
Nis power plant_1,Natural Gas,CCGT,PP,RS,500,0.35,,0,0,0,2040,,,2041,43.30373,21.90663,,,,,,,,,1
Abono power station_2,Natural Gas,CCGT,PP,ES,494,0.35,,0,0,0,2025,,,2041,43.5527,-5.7235,,,,,,,,,
Las palmas LNG power station_1,Natural Gas,CCGT,PP,ES,70,0.5,,0,0,0,2040,,,2041,28.15142,-15.40611,,,,,,,,,1
Aliaga Energy power station_1,Natural Gas,CCGT,PP,TR,870,0.55,,0,0,0,2018,,,2041,38.7422,26.94309,,,,,,,,,
Ambarli A power station_1,Natural Gas,CCGT,PP,TR,451,0.45,,0,0,0,1988,,,2041,40.9834,28.6921,,,,,,,,,
Ambarli A power station_2,Natural Gas,CCGT,PP,TR,451,0.45,,0,0,0,1988,,,2041,40.9834,28.6921,,,,,,,,,
Ambarli A power station_3,Natural Gas,CCGT,PP,TR,451,0.45,,0,0,0,1988,,,2041,40.9834,28.6921,,,,,,,,,
Ambarli B power station_1,Natural Gas,CCGT,PP,TR,816,0.55,,0,0,0,2013,,,2041,40.9793,28.6994,,,,,,,,,
Bandirma power station_1,Natural Gas,CCGT,PP,TR,936,0.55,,0,0,0,2010,,,2041,40.30835,27.76863,,,,,,,,,
Bandirma power station_2,Natural Gas,CCGT,PP,TR,607,0.55,,0,0,0,2016,,,2041,40.30835,27.76863,,,,,,,,,
Baymina Ankara power station_1,Natural Gas,CCGT,PP,TR,770,0.55,,0,0,0,2004,,,2041,39.7773,32.4022,,,,,,,,,
Bilgin Samsun gas power station_1,Natural Gas,CCGT,PP,TR,445,0.55,,0,0,0,2013,,,2041,41.14543,37.15637,,,,,,,,,
Bilgin Samsun gas power station_2,Natural Gas,CCGT,PP,TR,445,0.55,,0,0,0,2013,,,2041,41.14543,37.15637,,,,,,,,,
Bosen Bursa power station_1,Natural Gas,CCGT,PP,TR,79,0.5,,0,0,0,2000,,,2041,40.2377,28.9534,,,,,,,,,
Bosen Bursa power station_2,Natural Gas,CCGT,PP,TR,64,0.55,,0,0,0,2006,,,2041,40.2377,28.9534,,,,,,,,,
Bosen Bursa power station_3,Natural Gas,CCGT,PP,TR,120,0.55,,0,0,0,2011,,,2041,40.2377,28.9534,,,,,,,,,
Bursa B power station_1,Natural Gas,CCGT,PP,TR,716,0.5,,0,0,0,1998,,,2041,40.2952,29.0736,,,,,,,,,
Bursa B power station_2,Natural Gas,CCGT,PP,TR,716,0.5,,0,0,0,1999,,,2041,40.2952,29.0736,,,,,,,,,
Cengiz Enerji Samsun power station_2B,Natural Gas,CCGT,PP,TR,239,0.55,,0,0,0,2010,,,2041,41.2393,36.4799,,,,,,,,,
Cengiz Enerji Samsun power station_3,Natural Gas,CCGT,PP,TR,610,0.55,,0,0,0,2014,,,2041,41.2393,36.4799,,,,,,,,,
Cerkezkoy Ugur power station_1,Natural Gas,CCGT,PP,TR,60,0.55,,0,0,0,2010,,,2041,41.29272,27.95626,,,,,,,,,
Cigli Ataer power station_1,Natural Gas,CCGT,PP,TR,125,0.55,,0,0,0,2010,,,2041,38.4763,27.02861,,,,,,,,,
Delta Enerji power station_1,Natural Gas,CCGT,PP,TR,61,0.55,,0,0,0,2009,,,2041,41.29152,27.56128,,,,,,,,,
Denizli Honaz power station_1,Natural Gas,CCGT,PP,TR,63,0.55,,0,0,0,2013,,,2041,37.80898,29.25771,,,,,,,,,
Denizli Saraykoy power station_1,Natural Gas,CCGT,PP,TR,206,0.55,,0,0,0,2013,,,2041,37.91364,28.90477,,,,,,,,,
Enka Adapazari power station_1,Natural Gas,CCGT,PP,TR,820,0.55,,0,0,0,2002,,,2041,40.866,30.3873,,,,,,,,,
Enka Gebze power station_1,Natural Gas,CCGT,PP,TR,800,0.55,,0,0,0,2002,,,2041,40.86706,30.38757,,,,,,,,,
Enka Gebze power station_2,Natural Gas,CCGT,PP,TR,800,0.55,,0,0,0,2002,,,2041,40.86706,30.38757,,,,,,,,,
Enka Izmir power station_1,Natural Gas,CCGT,PP,TR,790,0.55,,0,0,0,2003,,,2041,38.7467,26.9563,,,,,,,,,
Enka Izmir power station_2,Natural Gas,CCGT,PP,TR,790,0.55,,0,0,0,2003,,,2041,38.7467,26.9563,,,,,,,,,
Erzin power station_1,Natural Gas,CCGT,PP,TR,904,0.55,,0,0,0,2014,,,2041,36.9271,36.0534,,,,,,,,,
Eskisehir Endustriyel power station_1,Natural Gas,CCGT,PP,TR,37,0.5,,0,0,0,1998,,,2041,39.7566,30.62216,,,,,,,,,
Eskisehir Endustriyel power station_2,Natural Gas,CCGT,PP,TR,19,0.35,,0,0,0,2001,,,2041,39.7566,30.62216,,,,,,,,,
Gebze Dilovasi power station_1,Natural Gas,CCGT,PP,TR,253,0.55,,0,0,0,2017,,,2041,40.80151,29.55181,,,,,,,,,
Hamitabat power station_1,Natural Gas,CCGT,PP,TR,610,0.55,,0,0,0,2017,,,2041,41.4827,27.3366,,,,,,,,,
Hamitabat power station_2,Natural Gas,CCGT,PP,TR,610,0.55,,0,0,0,2017,,,2041,41.4827,27.3366,,,,,,,,,
I? Anadolu power station_1,Natural Gas,CCGT,PP,TR,853,0.55,,0,0,0,2016,,,2041,39.7575,33.448,,,,,,,,,
Kirklareli Alarko power station_1,Natural Gas,CCGT,PP,TR,82,0.55,,0,0,0,2010,,,2041,41.7781,27.1921,,,,,,,,,
Kirklareli power station_CC,Natural Gas,CCGT,PP,TR,890,0.5,,0,0,0,2040,,,2041,41.7565,27.214,,,,,,,,,1
Marmara ?ebi power station_1,Natural Gas,CCGT,PP,TR,65,0.55,,0,0,0,2003,,,2041,41.02009,29.04605,,,,,,,,,
Odas power station_CC,Natural Gas,CCGT,PP,TR,140,0.55,,0,0,0,2011,,,2041,37.19509,38.88849,,,,,,,,,
Taha power station_1,Natural Gas,CCGT,PP,TR,136,0.55,,0,0,0,2017,,,2041,37.31188,40.73302,,,,,,,,,
Tekirdag power station_A,Natural Gas,CCGT,PP,TR,480,0.5,,0,0,0,1999,,,2041,41.0072,27.9736,,,,,,,,,
Tekirdag power station_B,Natural Gas,CCGT,PP,TR,478,0.5,,0,0,0,2000,,,2041,41.0072,27.9736,,,,,,,,,
Turcas Denizli Dogalgaz S. power station_1,Natural Gas,CCGT,PP,TR,797,0.55,,0,0,0,2013,,,2041,37.8504,29.4152,,,,,,,,,
Yahsihan power station_1,Natural Gas,CCGT,PP,TR,927,0.55,,0,0,0,2017,,,2041,39.84198,33.48799,,,,,,,,,
Cemdag Akhisar power station_CC1,Natural Gas,CCGT,PP,TR,89,0.55,,0,0,0,2014,,,2041,38.90711,27.83879,,,,,,,,,
Corby Power Station_2-1,Natural Gas,OCGT,PP,GB,330,0.35,,0,0,0,2024,,,2041,52.51044,-0.68143,,,,,,,,,
Damhead Creek power station_3,Natural Gas,CCGT,PP,GB,900,0.5,,0,0,0,2040,,,2041,51.42492,0.60143,,,,,,,,,1
Damhead Creek power station_4,Natural Gas,CCGT,PP,GB,900,0.5,,0,0,0,2040,,,2041,51.42492,0.60143,,,,,,,,,1
Drax power station_10G,Natural Gas,OCGT,PP,GB,32,0.35,,0,0,0,1971,,,2041,53.7372,-0.99902,,,,,,,,,
Drax power station_12G,Natural Gas,OCGT,PP,GB,32,0.35,,0,0,0,1971,,,2041,53.7372,-0.99902,,,,,,,,,
Drax power station_9G,Natural Gas,OCGT,PP,GB,32,0.35,,0,0,0,1971,,,2041,53.7372,-0.99902,,,,,,,,,
Exeter power station_1,Natural Gas,OCGT,PP,GB,50,0.35,,0,0,0,2025,,,2041,50.70654,-3.52429,,,,,,,,,1
Heartlands power station_1,Natural Gas,OCGT,PP,GB,50,0.35,,0,0,0,1999,,,2041,52.51022,-1.80828,,,,,,,,,
Heartlands power station_2,Natural Gas,OCGT,PP,GB,50,0.35,,0,0,0,1999,,,2041,52.51022,-1.80828,,,,,,,,,
Indian Queens power station_1,Natural Gas,OCGT,PP,GB,140,0.35,,0,0,0,1996,,,2041,50.3981,-4.8992,,,,,,,,,
Kilroot power station_GT1,Natural Gas,OCGT,PP,GB,30,0.35,,0,0,0,2009,,,2041,54.725,-5.767,,,,,,,,,
Kilroot power station_GT2,Natural Gas,OCGT,PP,GB,30,0.35,,0,0,0,2009,,,2041,54.725,-5.767,,,,,,,,,
Kilroot power station_GT3,Natural Gas,OCGT,PP,GB,42,0.35,,0,0,0,2009,,,2041,54.725,-5.767,,,,,,,,,
Kilroot power station_GT4,Natural Gas,OCGT,PP,GB,42,0.35,,0,0,0,2009,,,2041,54.725,-5.767,,,,,,,,,
Kilroot power station_GT5,Natural Gas,OCGT,PP,GB,350,0.35,,0,0,0,2024,,,2041,54.725,-5.767,,,,,,,,,
Kilroot power station_GT6,Natural Gas,OCGT,PP,GB,350,0.35,,0,0,0,2024,,,2041,54.725,-5.767,,,,,,,,,
Saltholme North power station_IC1-4,Natural Gas,OCGT,PP,GB,50,0.35,,0,0,0,2021,,,2041,54.60765,-1.24278,,,,,,,,,
Saltholme South power station_IC1-4,Natural Gas,OCGT,PP,GB,50,0.35,,0,0,0,2021,,,2041,54.60765,-1.24278,,,,,,,,,
Stallingborough power station_CCS,Natural Gas,CCGT,PP,GB,800,0.55,,0,0,0,2035,,,2041,53.55144,-0.01681,,,,,,,,,
Thurrock Flexible power station_1,Natural Gas,OCGT,PP,GB,450,0.35,,0,0,0,2024,,,2041,51.4642,0.3639,,,,,,,,,
Viking power station_1,Natural Gas,OCGT,PP,GB,50,0.35,,0,0,0,1997,,,2041,54.60674,-1.20268,,,,,,,,,
Whitetail Clean Energy power station_1,Natural Gas,CCGT,PP,GB,350,0.35,,0,0,0,2027,,,2041,54.58889,-1.1875,,,,,,,,,
Mill Hill power station_IC,Natural Gas,OCGT,PP,GB,35,0.35,,0,0,0,2025,,,2041,54.7625,-1.3605,,,,,,,,,
Net Zero Teesside power station_CCS1,Natural Gas,CCGT,PP,GB,860,0.55,,0,0,0,2027,,,2041,54.6212,-1.11846,,,,,,,,,
Theddlethorpe Flexible Generation power station_1,Natural Gas,OCGT,PP,GB,1500,0.35,,0,0,0,2040,,,2041,53.36252,0.22848,,,,,,,,,1
utility scale battery AL,battery,Lithium Ion,Store,AL,100,,4,,,,2029,,,2050,41.33,19.82,,,,,,,,,
utility scale battery AT,battery,Lithium Ion,Store,AT,50,,4,,,,2029,,,2050,48.21,16.37,,,,,,,,,
utility scale battery BA,battery,Lithium Ion,Store,BA,100,,4,,,,2029,,,2050,44.759,17.823,,,,,,,,,
utility scale battery BE,battery,Lithium Ion,Store,BE,2700,,4,,,,2029,,,2050,50.85,4.35,,,,,,,,,
utility scale battery BG,battery,Lithium Ion,Store,BG,2500,,4,,,,2029,,,2050,42.7,23.32,,,,,,,,,
utility scale battery CH,battery,Lithium Ion,Store,CH,1000,,4,,,,2029,,,2050,46.95,7.45,,,,,,,,,
utility scale battery CY,battery,Lithium Ion,Store,CY,100,,4,,,,2029,,,2050,34.72945,33.28253,,,,,,,,,
utility scale battery CZ,battery,Lithium Ion,Store,CZ,1700,,4,,,,2029,,,2050,50.09,14.42,,,,,,,,,
utility scale battery DE,battery,Lithium Ion,Store,DE,18300,,4,,,,2029,,,2050,52.52,13.41,,,,,,,,,
utility scale battery DK,battery,Lithium Ion,Store,DK,2400,,4,,,,2029,,,2050,55.68,12.57,,,,,,,,,
utility scale battery EE,battery,Lithium Ion,Store,EE,400,,4,,,,2029,,,2050,59.44,24.75,,,,,,,,,
utility scale battery ES,battery,Lithium Ion,Store,ES,1900,,4,,,,2029,,,2050,40.42,-3.7,,,,,,,,,
utility scale battery FI,battery,Lithium Ion,Store,FI,800,,4,,,,2029,,,2050,60.17,24.94,,,,,,,,,
utility scale battery FR,battery,Lithium Ion,Store,FR,900,,4,,,,2029,,,2050,49.153,6.698,,,,,,,,,
utility scale battery GR,battery,Lithium Ion,Store,GR,4300,,4,,,,2029,,,2050,37.98,23.73,,,,,,,,,
utility scale battery HR,battery,Lithium Ion,Store,HR,300,,4,,,,2029,,,2050,45.137,14.163,,,,,,,,,
utility scale battery HU,battery,Lithium Ion,Store,HU,300,,4,,,,2029,,,2050,47.5,19.04,,,,,,,,,
utility scale battery IE,battery,Lithium Ion,Store,IE,2100,,4,,,,2029,,,2050,53.35,-6.26,,,,,,,,,
utility scale battery IT,battery,Lithium Ion,Store,IT,22400,,4,,,,2029,,,2050,41.89,12.51,,,,,,,,,
utility scale battery LT,battery,Lithium Ion,Store,LT,800,,4,,,,2029,,,2050,55.60434185,26.56266689,,,,,,,,,
utility scale battery LU,battery,Lithium Ion,Store,LU,0,,4,,,,2029,,,2050,49.61,6.13,,,,,,,,,
utility scale battery LV,battery,Lithium Ion,Store,LV,140,,4,,,,2029,,,2050,56.95,24.11,,,,,,,,,
utility scale battery MD,battery,Lithium Ion,Store,MD,0,,4,,,,2029,,,2050,46.629,29.9397,,,,,,,,,
utility scale battery MT,battery,Lithium Ion,Store,MT,0,,4,,,,2029,,,2050,35.83087,14.55463,,,,,,,,,
utility scale battery NL,battery,Lithium Ion,Store,NL,8300,,4,,,,2029,,,2050,51.89956944,5.686327778,,,,,,,,,
utility scale battery NO,battery,Lithium Ion,Store,NO,10,,2.5,0,0,0,2029,,,2050,59.91,10.75,,,,,,,,,
utility scale battery PL,battery,Lithium Ion,Store,PL,6100,,4,,,,2029,,,2050,50.208,19.21,,,,,,,,,
utility scale battery PT,battery,Lithium Ion,Store,PT,900,,4,,,,2029,,,2050,38.72,-9.13,,,,,,,,,
utility scale battery RO,battery,Lithium Ion,Store,RO,1640,,4,,,,2029,,,2050,44.43,26.11,,,,,,,,,
utility scale battery SE,battery,Lithium Ion,Store,SE,930,,4,,,,2029,,,2050,55.74444444,12.92083333,,,,,,,,,
utility scale battery SI,battery,Lithium Ion,Store,SI,100,,4,,,,2029,,,2050,46.05,14.51,,,,,,,,,
utility scale battery SK,battery,Lithium Ion,Store,SK,200,,4,,,,2029,,,2050,48.49444444,17.68055556,,,,,,,,,
utility scale battery GB,battery,Lithium Ion,Store,GB,46200,,4,,,,2029,,,2050,53.36252,0.22848,,,,,,,,,
btm battery AL,home battery,Lithium Ion,Store,AL,0,,2.5,0,0,0,2029,,,2050,41.33,19.82,,,,,,,,,
btm battery AT,home battery,Lithium Ion,Store,AT,1800,,2.5,0,0,0,2029,,,2050,48.21,16.37,,,,,,,,,
btm battery BA,home battery,Lithium Ion,Store,BA,0,,2.5,0,0,0,2029,,,2050,44.759,17.823,,,,,,,,,
btm battery BE,home battery,Lithium Ion,Store,BE,400,,2.5,0,0,0,2029,,,2050,50.85,4.35,,,,,,,,,
btm battery BG,home battery,Lithium Ion,Store,BG,900,,2.5,0,0,0,2029,,,2050,42.7,23.32,,,,,,,,,
btm battery CH,home battery,Lithium Ion,Store,CH,300,,2.5,0,0,0,2029,,,2050,46.95,7.45,,,,,,,,,
btm battery CY,home battery,Lithium Ion,Store,CY,100,,2.5,0,0,0,2029,,,2050,34.72945,33.28253,,,,,,,,,
btm battery CZ,home battery,Lithium Ion,Store,CZ,100,,2.5,0,0,0,2029,,,2050,50.09,14.42,,,,,,,,,
btm battery DE,home battery,Lithium Ion,Store,DE,38900,,2.5,0,0,0,2029,,,2050,52.52,13.41,,,,,,,,,
btm battery DK,home battery,Lithium Ion,Store,DK,300,,2.5,0,0,0,2029,,,2050,55.68,12.57,,,,,,,,,
btm battery EE,home battery,Lithium Ion,Store,EE,0,,2.5,0,0,0,2029,,,2050,59.44,24.75,,,,,,,,,
btm battery ES,home battery,Lithium Ion,Store,ES,1000,,2.5,0,0,0,2029,,,2050,40.42,-3.7,,,,,,,,,
btm battery FI,home battery,Lithium Ion,Store,FI,500,,2.5,0,0,0,2029,,,2050,60.17,24.94,,,,,,,,,
btm battery FR,home battery,Lithium Ion,Store,FR,0,,2.5,0,0,0,2029,,,2050,49.153,6.698,,,,,,,,,
btm battery GR,home battery,Lithium Ion,Store,GR,0,,2.5,0,0,0,2029,,,2050,37.98,23.73,,,,,,,,,
btm battery HR,home battery,Lithium Ion,Store,HR,0,,2.5,0,0,0,2029,,,2050,45.137,14.163,,,,,,,,,
btm battery HU,home battery,Lithium Ion,Store,HU,100,,2.5,0,0,0,2029,,,2050,47.5,19.04,,,,,,,,,
btm battery IE,home battery,Lithium Ion,Store,IE,1500,,2.5,0,0,0,2029,,,2050,53.35,-6.26,,,,,,,,,
btm battery IT,home battery,Lithium Ion,Store,IT,10100,,2.5,0,0,0,2029,,,2050,41.89,12.51,,,,,,,,,
btm battery LT,home battery,Lithium Ion,Store,LT,0,,2.5,0,0,0,2029,,,2050,55.60434185,26.56266689,,,,,,,,,
btm battery LU,home battery,Lithium Ion,Store,LU,0,,2.5,0,0,0,2029,,,2050,49.61,6.13,,,,,,,,,
btm battery LV,home battery,Lithium Ion,Store,LV,100,,2.5,0,0,0,2029,,,2050,56.95,24.11,,,,,,,,,
btm battery MD,home battery,Lithium Ion,Store,MD,0,,2.5,0,0,0,2029,,,2050,46.629,29.9397,,,,,,,,,
btm battery MT,home battery,Lithium Ion,Store,MT,100,,2.5,0,0,0,2029,,,2050,35.83087,14.55463,,,,,,,,,
btm battery NL,home battery,Lithium Ion,Store,NL,9100,,2.5,0,0,0,2029,,,2050,51.89956944,5.686327778,,,,,,,,,
btm battery NO,home battery,Lithium Ion,Store,NO,79.2,,2.5,0,0,0,2029,,,2050,59.91,10.75,,,,,,,,,
btm battery PL,home battery,Lithium Ion,Store,PL,0,,2.5,0,0,0,2029,,,2050,50.208,19.21,,,,,,,,,
btm battery PT,home battery,Lithium Ion,Store,PT,100,,2.5,0,0,0,2029,,,2050,38.72,-9.13,,,,,,,,,
btm battery RO,home battery,Lithium Ion,Store,RO,0,,2.5,0,0,0,2029,,,2050,44.43,26.11,,,,,,,,,
btm battery SE,home battery,Lithium Ion,Store,SE,600,,2.5,0,0,0,2029,,,2050,55.74444444,12.92083333,,,,,,,,,
btm battery SI,home battery,Lithium Ion,Store,SI,600,,2.5,0,0,0,2029,,,2050,46.05,14.51,,,,,,,,,
btm battery SK,home battery,Lithium Ion,Store,SK,100,,2.5,0,0,0,2029,,,2050,48.49444444,17.68055556,,,,,,,,,
btm battery GB,home battery,Lithium Ion,Store,GB,9800,,2.5,0,0,0,2029,,,2050,53.36252,0.22848,,,,,,,,,
